BibNumber,FirstName,LastName,Gender,Age,Country,City,Time
1,Kacper,Ivanov,M,34,China,Chengdu,5:20:50
2,Giulia,Gomes,F,20,Sweden,Stockholm,4:57:53
3,Ingrid,Jones,F,18,Spain,Seville,5:54:15
4,Elijah,Smirnov,M,19,Australia,Melbourne,3:30:59
5,Henry,Clark,M,41,Argentina,La Plata,2:23:35
6,Daniel,Nguyen,M,69,Poland,Warsaw,5:53:44
7,Emily,Moore,F,52,Netherlands,The Hague,2:37:19
8,Noah,Melo,M,54,Argentina,Mendoza,5:10:06
9,Megan,Martin,F,59,Canada,Calgary,3:21:28
10,Ingrid,Taylor,F,60,Austria,Salzburg,5:02:10
11,William,Kuznetsov,M,50,France,Paris,2:28:45
12,Maria,White,F,19,South Africa,Pretoria,2:24:25
13,Luis,Lopez,M,70,Ethiopia,Mekelle,3:16:07
14,Ekaterina,Ferrari,F,50,Finland,Helsinki,2:28:11
15,Giovanni,Johnson,M,18,Australia,Sydney,5:03:17
16,Jakub,Jackson,M,26,Italy,Rome,4:02:07
17,Lucia,Perez,F,24,Sweden,Gothenburg,5:26:41
18,Lucia,Hernandez,F,32,Australia,Perth,4:31:19
19,Pedro,Lewis,M,24,Sweden,Stockholm,5:32:44
20,Luis,Hernandez,M,50,Finland,Vantaa,2:48:59
21,Charlotte,Robinson,F,23,Ethiopia,Addis Ababa,2:33:33
22,Sofia,Brown,F,66,Romania,Constanta,3:28:45
23,Alexander,Nowak,M,53,Ethiopia,Addis Ababa,5:53:37
24,Marco,White,M,52,Brazil,Fortaleza,2:35:03
25,Isabella,White,F,24,Switzerland,Bern,4:27:12
26,Evelyn,Miller,F,23,Denmark,Copenhagen,3:18:19
27,John,Ferrari,M,27,Argentina,Cordoba,5:20:35
28,Megan,Nowak,F,45,Switzerland,Geneva,4:57:43
29,George,Gomes,M,39,United States,New York,3:18:46
30,Giovanni,Petrov,M,28,Germany,Munich,4:34:21
31,Luis,Smith,M,24,India,Hyderabad,4:51:59
32,Sophia,Robinson,F,19,Australia,Perth,3:26:14
33,Ava,Allen,F,58,United Kingdom,Birmingham,3:38:27
34,Abigail,Clark,F,59,Mexico,Cancun,3:15:30
35,Jack,Jones,M,35,Austria,Vienna,4:27:00
36,Jack,Moore,M,53,Ukraine,Dnipro,3:23:09
37,Mateo,Johnson,M,55,Japan,Tokyo,5:22:53
38,Isabella,Kowalczyk,F,36,Netherlands,Eindhoven,5:50:04
39,Camila,Petrov,F,35,United Arab Emirates,Abu Dhabi,2:11:59
40,Piotr,Moore,M,42,Spain,Barcelona,2:51:08
41,Isabella,Costa,F,34,India,Delhi,5:13:35
42,Jan,Brown,M,60,India,Mumbai,5:39:49
43,Isabella,Kuznetsov,F,25,South Africa,Port Elizabeth,4:54:08
44,Mia,Nguyen,F,56,Canada,Toronto,5:35:59
45,Henry,Anderson,M,40,Hungary,Budapest,2:26:55
46,Laura,Ferrari,F,44,Romania,Cluj-Napoca,4:56:36
47,Liam,Thompson,M,45,Ethiopia,Dire Dawa,5:19:08
48,Oleg,Murphy,M,69,Hungary,Szeged,2:43:58
49,Harry,Rodriguez,M,32,China,Beijing,3:56:40
50,Daria,Gomes,F,30,India,Chennai,3:01:32
51,Abigail,Rodriguez,F,63,Norway,Stavanger,5:43:15
52,Ekaterina,Harris,F,26,South Africa,Durban,5:11:18
53,Giovanni,Martinez,M,20,Kenya,Nakuru,2:41:09
54,Hugo,Nowak,M,32,Portugal,Braga,5:13:03
55,Piotr,Scott,M,70,Romania,Cluj-Napoca,3:17:57
56,Katarzyna,Nguyen,F,28,Turkey,Izmir,5:54:35
57,Abigail,Moore,F,43,South Africa,Port Elizabeth,3:12:15
58,Jan,Martin,M,24,Austria,Innsbruck,3:02:01
59,Laura,Thompson,F,62,Kenya,Eldoret,5:39:42
60,Harry,Johnson,M,24,Hungary,Miskolc,3:48:56
61,Lucas,Oliveira,M,36,Switzerland,Lausanne,3:47:31
62,Giulia,Melo,F,36,Israel,Tel Aviv,3:33:42
63,Hugo,Ferrari,M,66,Finland,Oulu,5:18:31
64,Hannah,Kowalski,F,49,India,Hyderabad,2:44:12
65,Anna,Melo,F,46,Russia,Yekaterinburg,2:18:00
66,Hannah,Perez,F,46,Switzerland,Zurich,4:16:36
67,Katarzyna,Smith,F,56,Switzerland,Basel,4:01:01
68,Robert,Torres,M,43,Germany,Cologne,3:51:27
69,Benjamin,Lopez,M,61,Japan,Osaka,4:19:45
70,María,Clark,F,41,Switzerland,Basel,4:34:49
71,Charlotte,Sanchez,F,32,Israel,Jerusalem,2:59:20
72,Henry,Torres,M,22,Germany,Cologne,5:55:35
73,Megan,Robinson,F,47,China,Chengdu,4:31:10
74,Megan,Scott,F,29,Finland,Oulu,2:45:56
75,Camila,Martinez,F,44,Australia,Brisbane,5:55:03
76,Luis,Perez,M,67,Czech Republic,Brno,4:25:37
77,Santiago,Rodriguez,M,26,Russia,Kazan,5:18:25
78,Olivia,Kowalczyk,F,48,Brazil,Brasilia,2:48:59
79,Jack,Popov,M,57,Kenya,Kisumu,5:44:45
80,Arthur,Miller,M,52,India,Bangalore,2:28:37
81,Lucia,Murphy,F,35,United Arab Emirates,Dubai,2:26:06
82,Benjamin,Oliveira,M,23,United Kingdom,Glasgow,2:38:56
83,James,Perez,M,56,Portugal,Porto,4:02:27
84,James,Thompson,M,51,Finland,Tampere,5:26:27
85,Oliver,Williams,M,46,Kenya,Eldoret,2:51:05
86,Noah,Martinez,M,69,Hungary,Szeged,4:38:51
87,Lucas,Bianchi,M,42,Russia,Yekaterinburg,4:27:07
88,Luis,Lee,M,32,Argentina,Cordoba,5:38:00
89,Jakub,Miller,M,33,Ukraine,Kyiv,5:38:59
90,Harry,Harris,M,58,Portugal,Coimbra,3:00:23
91,Daniel,Harris,M,68,Romania,Constanta,5:29:37
92,Nikolai,Nowak,M,24,Hungary,Pecs,3:25:41
93,Emma,Johnson,F,53,Israel,Nazareth,2:41:52
94,Anna,Brown,F,35,Canada,Calgary,3:46:26
95,Nikolai,Melo,M,43,Canada,Calgary,4:20:34
96,Elijah,Kowalczyk,M,66,United States,San Francisco,2:54:01
97,Arthur,Sanchez,M,27,South Korea,Busan,4:45:09
98,Isabela,Santos,F,27,Brazil,Fortaleza,4:55:09
99,Giovanni,Martinez,M,26,Slovakia,Nitra,2:50:36
100,Hannah,Smith,F,50,Denmark,Odense,3:02:20
101,Santiago,Sanchez,M,28,India,Chennai,4:43:39
102,Luis,Rodriguez,M,23,Switzerland,Geneva,2:56:13
103,Maria,Brown,F,66,South Korea,Incheon,5:06:18
104,Elijah,King,M,18,Kenya,Eldoret,3:39:18
105,Robert,Torres,M,68,Portugal,Lisbon,3:51:31
106,Chiara,Nguyen,F,31,Japan,Sapporo,2:52:54
107,Olivia,Wilson,F,32,Slovakia,Zilina,3:26:28
108,George,Wiśniewski,M,63,Argentina,Mendoza,4:41:28
109,Alexander,Thompson,M,61,Brazil,Sao Paulo,3:51:11
110,Henry,Perez,M,20,Austria,Salzburg,2:59:55
111,Amelia,Silva,F,34,Switzerland,Geneva,4:38:55
112,Charlotte,Lee,F,67,United Kingdom,Manchester,4:09:53
113,Isabela,Martin,F,42,Australia,Melbourne,3:09:07
114,Robert,Gomes,M,53,Germany,Munich,4:42:43
115,Sunita,Martinez,F,46,Australia,Perth,3:13:31
116,Mateusz,Ivanov,M,35,Austria,Linz,4:41:36
117,Jakub,Rossi,M,70,Slovakia,Kosice,4:03:15
118,Henry,Sanchez,M,40,Italy,Naples,4:41:33
119,Olga,Jones,F,27,Czech Republic,Olomouc,2:08:13
120,Santiago,Rodriguez,M,70,Finland,Helsinki,3:27:14
121,Robert,Thompson,M,29,United Kingdom,London,3:34:35
122,Olivia,Clark,F,39,Turkey,Antalya,5:06:57
123,Sara,Davis,F,42,Netherlands,Utrecht,4:51:21
124,Ivan,Johnson,M,52,Czech Republic,Brno,3:50:00
125,Anna,Miller,F,26,Ukraine,Lviv,4:18:55
126,Marco,Taylor,M,56,South Korea,Busan,4:23:54
127,Kacper,Davis,M,43,Czech Republic,Brno,3:44:48
128,Luis,Moore,M,41,Brazil,Brasilia,4:02:08
129,Oleg,Petrov,M,65,Czech Republic,Ostrava,5:21:26
130,Hannah,Hernandez,F,62,United States,Boston,3:38:16
131,George,Bianchi,M,20,Finland,Tampere,3:31:52
132,Lorenzo,Nguyen,M,21,South Africa,Durban,5:42:40
133,Kacper,Santos,M,39,South Korea,Busan,3:44:21
134,Arthur,Wright,M,18,Canada,Ottawa,2:07:31
135,Giovanni,Garcia,M,54,Japan,Osaka,3:55:34
136,Evelyn,Harris,F,22,Switzerland,Bern,2:09:51
137,Carlos,Brown,M,60,Sweden,Uppsala,2:51:34
138,Sofia,White,F,58,Germany,Munich,2:43:45
139,Hugo,King,M,50,Kenya,Nairobi,2:46:33
140,Katarzyna,Harris,F,31,Russia,Yekaterinburg,4:12:58
141,Ava,Kuznetsov,F,38,Russia,Saint Petersburg,2:19:58
142,James,Nguyen,M,52,India,Mumbai,2:25:13
143,Hugo,Smirnov,M,19,Portugal,Faro,3:13:16
144,Alexander,Johnson,M,32,South Korea,Incheon,4:33:44
145,Evelyn,Harris,F,60,China,Chengdu,4:03:36
146,Arthur,Perez,M,65,Canada,Calgary,3:15:29
147,Jakub,Jones,M,21,Romania,Cluj-Napoca,2:14:52
148,Elijah,Anderson,M,31,Canada,Toronto,3:35:15
149,Daria,Taylor,F,56,India,Bangalore,3:33:41
150,Lucas,Davis,M,24,Norway,Tromso,4:26:55
151,Evelyn,Wright,F,22,France,Marseille,3:04:10
152,Ava,Clark,F,51,Canada,Montreal,3:06:11
153,Harry,Petrov,M,58,Sweden,Vasteras,2:08:16
154,Mikhail,Gomes,M,32,Sweden,Uppsala,3:29:38
155,Charlotte,Thompson,F,39,Israel,Haifa,3:10:06
156,Alexander,Robinson,M,60,United Arab Emirates,Sharjah,4:18:06
157,Michael,Jackson,M,53,Switzerland,Zurich,2:59:23
158,Laura,Thomas,F,48,Israel,Jerusalem,3:11:36
159,Megan,Sanchez,F,36,Finland,Tampere,5:37:29
160,Mateo,Scott,M,31,Portugal,Braga,2:29:55
161,Valentina,Anderson,F,50,Poland,Wroclaw,3:26:30
162,Robert,Harris,M,70,South Africa,Port Elizabeth,2:13:56
163,Alexander,Smirnov,M,44,Turkey,Bursa,5:33:25
164,Emma,Wright,F,63,Portugal,Braga,2:55:45
165,Mia,Petrov,F,37,Ukraine,Dnipro,3:49:59
166,Amelia,Jackson,F,18,Japan,Nagoya,3:28:50
167,Ivan,Williams,M,33,Israel,Haifa,3:05:49
168,Katarzyna,Garcia,F,56,United Arab Emirates,Sharjah,3:00:18
169,Pedro,Young,M,20,Mexico,Mexico City,5:50:07
170,Sofia,Nowak,F,36,Norway,Bergen,3:24:09
171,Lorenzo,Allen,M,26,Ethiopia,Dire Dawa,2:40:55
172,Michael,Brown,M,53,United States,Boston,5:14:42
173,Robert,Garcia,M,57,Hungary,Szeged,4:13:55
174,Oliver,Lewis,M,64,Mexico,Mexico City,4:29:45
175,Amelia,Oliveira,F,41,Portugal,Coimbra,2:54:48
176,Evelyn,Gonzalez,F,49,Australia,Melbourne,2:33:00
177,Nikolai,Popov,M,20,Japan,Osaka,4:57:03
178,Hannah,Wilson,F,51,China,Guangzhou,2:13:31
179,Zuzanna,Young,F,30,United Arab Emirates,Abu Dhabi,4:47:53
180,Olga,Jones,F,20,India,Chennai,5:46:24
181,Sara,Hernandez,F,33,Netherlands,Amsterdam,2:52:09
182,Maria,Popov,F,35,Poland,Warsaw,3:08:03
183,María,Garcia,F,55,Russia,Saint Petersburg,4:34:04
184,Harry,Miller,M,56,Romania,Timisoara,3:26:08
185,Valentina,Martinez,F,43,Israel,Haifa,2:24:38
186,Jack,Lopez,M,34,India,Chennai,5:01:27
187,Sara,Ramirez,F,24,Netherlands,Amsterdam,3:10:53
188,Evelyn,Clark,F,35,Japan,Tokyo,4:28:29
189,Abigail,Gomes,F,26,Mexico,Cancun,2:36:26
190,David,Ivanov,M,27,Romania,Bucharest,2:51:45
191,Alexander,Johnson,M,66,Singapore,Singapore,5:08:18
192,Katarzyna,Robinson,F,58,Norway,Trondheim,3:12:29
193,John,Young,M,54,Italy,Milan,3:45:17
194,Alexander,Murphy,M,44,Singapore,Singapore,5:04:15
195,Hannah,Allen,F,59,Romania,Constanta,5:46:43
196,Elijah,Kaczmarek,M,32,Portugal,Coimbra,3:00:33
197,Ava,Rodriguez,F,68,United Arab Emirates,Abu Dhabi,3:19:00
198,Abigail,Nowak,F,64,Austria,Vienna,4:41:59
199,Chiara,Jones,F,19,Turkey,Bursa,2:51:34
200,Daniel,Perez,M,56,Australia,Adelaide,5:05:57
201,Charlotte,White,F,69,Poland,Poznan,5:08:47
202,Sofia,Martinez,F,23,Argentina,Mendoza,5:24:13
203,Piotr,Young,M,28,Japan,Kyoto,3:58:49
204,Alexander,Sanchez,M,55,Turkey,Antalya,5:55:37
205,Zuzanna,Lewis,F,25,United Kingdom,Birmingham,2:23:43
206,Charlotte,Gonzalez,F,45,Portugal,Coimbra,5:58:40
207,Katarzyna,Jones,F,33,Mexico,Guadalajara,2:51:46
208,Michael,Ferrari,M,56,Hungary,Szeged,2:26:22
209,Henry,Gonzalez,M,66,Norway,Stavanger,5:04:01
210,Mia,Clark,F,54,Netherlands,Amsterdam,4:54:41
211,Santiago,Melo,M,66,Mexico,Monterrey,3:34:31
212,Mikhail,Moore,M,45,Australia,Sydney,3:34:08
213,Henry,Miller,M,18,Hungary,Pecs,3:44:31
214,Lucas,Kaczmarek,M,21,Italy,Bologna,3:00:06
215,Olivia,Kaczmarek,F,21,Netherlands,Utrecht,3:11:07
216,Chiara,Rodriguez,F,36,Turkey,Antalya,4:26:46
217,Mateo,Scott,M,61,Turkey,Ankara,3:31:36
218,Hannah,White,F,67,Switzerland,Zurich,3:33:38
219,Michael,Taylor,M,67,Sweden,Uppsala,2:48:25
220,Ava,Martin,F,36,Switzerland,Lausanne,3:50:48
221,Liam,Kowalczyk,M,48,United Arab Emirates,Sharjah,3:02:22
222,Anna,Wilson,F,19,Canada,Ottawa,4:23:10
223,Carlos,Gonzalez,M,42,Ukraine,Kyiv,3:44:14
224,Noah,Scott,M,33,United Arab Emirates,Dubai,3:45:40
225,Anna,Harris,F,56,Japan,Kyoto,4:49:21
226,Chiara,Williams,F,46,Canada,Toronto,4:41:58
227,Ingrid,Lopez,F,20,Ukraine,Kyiv,2:41:13
228,Mia,Melo,F,50,China,Chengdu,3:48:01
229,Ingrid,Novak,F,32,Turkey,Bursa,3:19:50
230,Abigail,Kowalski,F,40,Spain,Seville,4:10:17
231,Michael,Moore,M,61,Argentina,La Plata,5:25:08
232,Pedro,Costa,M,41,China,Shenzhen,4:48:49
233,Isabella,Martin,F,28,United Arab Emirates,Dubai,5:47:33
234,Luis,Kowalczyk,M,27,France,Marseille,2:47:49
235,Sara,Ferrari,F,60,Argentina,Buenos Aires,3:53:20
236,Anna,Thompson,F,38,Norway,Trondheim,2:18:57
237,Piotr,Jones,M,30,United States,Chicago,5:22:44
238,Nikolai,White,M,44,Japan,Sapporo,3:23:33
239,Emily,Ramirez,F,69,Spain,Madrid,3:31:43
240,Ava,Wiśniewski,F,64,South Africa,Johannesburg,5:52:06
241,Isabella,Thomas,F,67,Hungary,Pecs,2:59:59
242,María,Gomes,F,57,South Africa,Pretoria,4:56:35
243,Mia,Martinez,F,24,Ethiopia,Gondar,5:55:47
244,Maya,Smirnov,F,26,United Arab Emirates,Dubai,3:12:48
245,Robert,Melo,M,46,Israel,Haifa,4:00:34
246,Anna,Smirnov,F,52,Singapore,Singapore,4:07:23
247,Jack,Williams,M,31,Hungary,Szeged,5:24:57
248,Benjamin,Perez,M,31,South Africa,Cape Town,3:03:14
249,George,Wiśniewski,M,43,Australia,Perth,2:46:27
250,Sara,Lopez,F,31,Sweden,Stockholm,2:44:57
251,David,Melo,M,52,Portugal,Braga,2:19:13
252,Mateo,Lewis,M,56,Austria,Graz,2:13:38
253,Giulia,Silva,F,41,Finland,Tampere,2:56:27
254,Chiara,Taylor,F,65,Norway,Trondheim,5:08:33
255,Elijah,Murphy,M,65,South Africa,Cape Town,4:01:58
256,Sara,Martin,F,23,Australia,Sydney,3:02:26
257,Noah,Sanchez,M,41,Ethiopia,Addis Ababa,3:21:04
258,Yuki,Novak,F,51,Austria,Graz,2:25:21
259,Sophia,Costa,F,59,Israel,Haifa,4:30:58
260,Zuzanna,Gonzalez,F,30,Germany,Frankfurt,3:35:08
261,Lorenzo,Brown,M,63,Portugal,Lisbon,3:58:56
262,Giulia,Murphy,F,20,Czech Republic,Brno,5:50:59
263,Chiara,Nowak,F,54,Sweden,Malmo,5:18:21
264,Lucia,Rodriguez,F,29,Switzerland,Bern,5:26:01
265,Lucia,Gonzalez,F,63,Kenya,Kisumu,5:53:49
266,Isabela,Santos,F,44,Poland,Poznan,5:58:50
267,Mateo,Ramirez,M,26,United Arab Emirates,Sharjah,2:50:15
268,Maria,Torres,F,59,United States,Boston,4:53:23
269,Lucia,Novak,F,61,Ethiopia,Bahir Dar,5:12:37
270,James,Williams,M,19,Poland,Krakow,2:27:21
271,Lucas,Silva,M,36,United Kingdom,Glasgow,5:52:18
272,Julia,Novak,F,20,Romania,Cluj-Napoca,3:36:10
273,Giulia,Taylor,F,69,Spain,Valencia,3:04:00
274,David,Murphy,M,23,South Africa,Cape Town,3:28:35
275,Lorenzo,Rossi,M,23,Poland,Wroclaw,5:42:51
276,Jakub,Thompson,M,53,Germany,Frankfurt,5:46:08
277,Valentina,Scott,F,24,South Korea,Daegu,3:28:02
278,William,Allen,M,42,India,Mumbai,4:50:15
279,Mateusz,Thompson,M,24,Ukraine,Lviv,2:59:50
280,Thomas,Davis,M,18,Japan,Osaka,5:26:08
281,Ekaterina,Nowak,F,61,Spain,Bilbao,4:36:20
282,Magdalena,Lopez,F,44,Finland,Helsinki,4:30:46
283,Arthur,Ivanov,M,70,United Arab Emirates,Ajman,3:24:41
284,Lucia,Smirnov,F,29,Mexico,Monterrey,3:52:07
285,Harry,Walker,M,44,South Africa,Johannesburg,5:17:10
286,Maria,Silva,F,28,United Kingdom,London,3:18:33
287,Henry,Harris,M,61,Brazil,Brasilia,4:55:21
288,Lucas,Nowak,M,59,Germany,Hamburg,3:23:25
289,Olga,Davis,F,50,Ukraine,Lviv,4:24:59
290,Liam,Murphy,M,40,Romania,Bucharest,3:35:55
291,David,Clark,M,29,Brazil,Salvador,2:13:57
292,Oleg,Harris,M,47,France,Bordeaux,2:05:40
293,Thomas,Thomas,M,34,Israel,Nazareth,5:11:29
294,Mateusz,Anderson,M,46,Australia,Melbourne,5:49:43
295,Jakub,Bianchi,M,50,Austria,Innsbruck,3:34:04
296,Daniel,Lee,M,34,South Korea,Busan,5:54:06
297,Olivia,Kowalczyk,F,70,China,Shanghai,5:52:09
298,William,Sanchez,M,64,Austria,Vienna,3:48:45
299,Yuki,Wilson,F,35,Denmark,Esbjerg,2:38:01
300,Luis,Kaczmarek,M,30,Poland,Warsaw,3:24:27
301,Kacper,King,M,42,United Kingdom,Birmingham,4:53:47
302,Ingrid,Walker,F,21,China,Guangzhou,2:58:00
303,Lucas,Ramirez,M,26,Israel,Haifa,5:06:49
304,María,Melo,F,23,Mexico,Puebla,3:20:01
305,Emily,Jackson,F,26,Portugal,Lisbon,4:51:34
306,Hannah,Garcia,F,27,France,Paris,3:06:09
307,David,Rossi,M,30,United Kingdom,Birmingham,4:04:45
308,Mia,Robinson,F,51,Turkey,Ankara,3:52:37
309,Sunita,Allen,F,36,Australia,Sydney,3:00:06
310,Hugo,Ferrari,M,57,Ukraine,Lviv,4:55:16
311,Olga,Rossi,F,30,Austria,Graz,2:47:57
312,Oliver,Thompson,M,50,Hungary,Debrecen,2:16:12
313,Arthur,Johnson,M,70,Sweden,Malmo,5:54:52
314,Sunita,Santos,F,36,Poland,Gdansk,3:57:08
315,Daria,Scott,F,35,Romania,Bucharest,4:45:01
316,John,Brown,M,53,Sweden,Gothenburg,3:18:31
317,Katarzyna,White,F,24,Kenya,Nairobi,2:20:57
318,Ava,King,F,45,United Kingdom,Manchester,3:24:28
319,Arthur,Lopez,M,29,Israel,Tel Aviv,2:59:32
320,David,Lopez,M,44,China,Shanghai,3:57:24
321,Ekaterina,Young,F,41,Czech Republic,Brno,4:07:00
322,Ava,Walker,F,34,France,Lyon,3:46:58
323,Anna,Wilson,F,20,Denmark,Aalborg,5:51:56
324,Michael,Popov,M,53,United Arab Emirates,Ras Al Khaimah,2:46:51
325,Thomas,Nguyen,M,33,South Korea,Daejeon,4:10:50
326,Anna,Murphy,F,51,Norway,Bergen,2:45:35
327,Mateusz,Santos,M,23,Israel,Tel Aviv,5:31:18
328,Ekaterina,Wilson,F,56,Russia,Yekaterinburg,3:03:15
329,Noah,Robinson,M,42,Austria,Vienna,3:11:22
330,Ingrid,Ramirez,F,63,Switzerland,Geneva,2:50:03
331,Henry,Nowak,M,55,Turkey,Antalya,2:25:34
332,David,Johnson,M,57,Slovakia,Kosice,2:05:53
333,Maya,Novak,F,28,Slovakia,Bratislava,4:17:21
334,Lorenzo,Williams,M,45,Singapore,Singapore,5:42:56
335,Hannah,Martin,F,53,United States,Chicago,2:32:24
336,Mateusz,Hernandez,M,57,Czech Republic,Brno,2:11:49
337,Maya,Gonzalez,F,62,Israel,Haifa,5:56:52
338,Hannah,Taylor,F,58,Portugal,Porto,3:35:31
339,Megan,Murphy,F,61,Kenya,Kisumu,5:07:08
340,Carlos,Ivanov,M,48,South Korea,Daejeon,5:46:23
341,Ivan,Scott,M,34,Russia,Novosibirsk,4:02:48
342,Lucia,Lee,F,20,Turkey,Bursa,5:33:36
343,Camila,Robinson,F,64,Kenya,Mombasa,5:26:17
344,Valentina,Kowalczyk,F,41,Russia,Saint Petersburg,5:05:22
345,Sophia,Wilson,F,44,Finland,Tampere,4:46:39
346,Olivia,Smirnov,F,55,Portugal,Braga,2:43:31
347,Alina,Lewis,F,44,Austria,Salzburg,5:29:12
348,Lucia,Garcia,F,35,Hungary,Pecs,5:08:02
349,Pedro,Clark,M,63,United Arab Emirates,Abu Dhabi,3:22:35
350,Anna,Novak,F,41,Romania,Timisoara,2:26:09
351,Camila,Wright,F,40,Portugal,Braga,4:39:07
352,Jan,Nowak,M,42,Japan,Osaka,4:23:24
353,Lucia,Santos,F,54,Turkey,Izmir,5:22:50
354,Noah,Scott,M,38,Czech Republic,Ostrava,4:28:36
355,Robert,Perez,M,58,Russia,Saint Petersburg,2:33:38
356,Maya,Thomas,F,50,Ukraine,Dnipro,4:08:24
357,Emily,Taylor,F,48,Italy,Turin,4:05:04
358,Benjamin,Harris,M,31,Ethiopia,Gondar,5:51:32
359,Yuki,Romano,F,25,Australia,Perth,4:20:33
360,Alexander,Ivanov,M,55,Austria,Vienna,4:47:31
361,Nikolai,Jackson,M,35,Italy,Milan,4:38:46
362,Charlotte,Jackson,F,56,Ukraine,Lviv,2:34:00
363,Mia,Davis,F,27,Portugal,Lisbon,5:16:23
364,Daniel,Wright,M,28,Argentina,Cordoba,3:36:17
365,Daria,Williams,F,49,India,Delhi,3:48:23
366,Ivan,Anderson,M,33,Israel,Haifa,3:01:02
367,Julia,Ivanov,F,26,Turkey,Izmir,5:46:58
368,Ingrid,Brown,F,60,South Korea,Busan,2:45:55
369,Julia,Robinson,F,25,China,Chengdu,2:28:17
370,William,Popov,M,62,Singapore,Singapore,2:54:52
371,Olga,Martinez,F,53,Italy,Turin,4:18:57
372,Chiara,Santos,F,42,Argentina,La Plata,3:48:50
373,Mia,Williams,F,58,Turkey,Bursa,2:21:40
374,Benjamin,Allen,M,42,Netherlands,Utrecht,5:16:48
375,Julia,Thompson,F,54,India,Chennai,4:32:16
376,Henry,Jones,M,45,Kenya,Nairobi,3:15:45
377,Daniel,Santos,M,24,Switzerland,Lausanne,3:14:20
378,Sunita,White,F,22,Ukraine,Odesa,2:52:39
379,Sofia,Clark,F,36,Finland,Vantaa,2:36:19
380,Oliver,Lopez,M,32,Finland,Espoo,4:40:13
381,Henry,Perez,M,59,Austria,Vienna,5:32:17
382,Camila,Novak,F,62,Ukraine,Odesa,5:48:07
383,Pedro,Ramirez,M,29,Austria,Salzburg,4:02:01
384,Ivan,Miller,M,44,China,Beijing,5:45:11
385,Luis,Walker,M,18,South Africa,Port Elizabeth,2:57:36
386,Oliver,Sanchez,M,63,Poland,Gdansk,3:50:55
387,Yuki,Popov,F,63,United Arab Emirates,Dubai,3:10:40
388,Robert,Miller,M,66,Denmark,Esbjerg,4:21:30
389,Isabella,Wilson,F,58,Israel,Tel Aviv,5:13:44
390,Zuzanna,Gonzalez,F,44,Sweden,Stockholm,5:24:42
391,John,Novak,M,32,Netherlands,The Hague,4:13:35
392,Maya,Lopez,F,67,South Africa,Cape Town,4:23:43
393,Giovanni,Perez,M,30,Czech Republic,Ostrava,4:31:32
394,David,Rossi,M,60,Singapore,Singapore,3:56:21
395,Julia,Ferrari,F,69,Russia,Kazan,2:17:17
396,Hugo,Rodriguez,M,50,Ethiopia,Bahir Dar,5:41:46
397,Emily,White,F,44,Japan,Tokyo,4:12:01
398,Henry,Murphy,M,32,Netherlands,Utrecht,5:00:10
399,Jakub,Young,M,21,Switzerland,Bern,3:04:36
400,Olivia,Moore,F,45,Israel,Tel Aviv,5:39:51
401,Thomas,Santos,M,50,Israel,Nazareth,3:12:47
402,Kacper,Davis,M,55,Japan,Osaka,4:55:17
403,Abigail,White,F,37,Mexico,Cancun,2:36:33
404,Olivia,Murphy,F,46,Spain,Madrid,3:13:42
405,Jan,Smith,M,36,Norway,Trondheim,4:06:09
406,Mateo,Smirnov,M,60,South Africa,Johannesburg,5:02:29
407,Mateo,Petrov,M,69,Netherlands,Eindhoven,3:52:41
408,María,Hernandez,F,43,Portugal,Braga,2:41:55
409,Michael,Wright,M,43,Germany,Hamburg,5:26:50
410,Jan,Scott,M,68,United Kingdom,Birmingham,5:13:45
411,Hugo,Lopez,M,22,Australia,Adelaide,5:50:02
412,Emily,Johnson,F,40,Spain,Valencia,4:53:37
413,Luis,Murphy,M,40,Norway,Bergen,4:45:08
414,Isabella,Costa,F,43,South Korea,Daejeon,5:40:08
415,Maria,Popov,F,60,Ethiopia,Addis Ababa,5:20:11
416,Henry,Jones,M,20,Switzerland,Zurich,4:46:18
417,Nikolai,Perez,M,58,Norway,Stavanger,4:47:42
418,Arthur,Perez,M,59,Singapore,Singapore,2:43:57
419,Arthur,Anderson,M,62,Denmark,Esbjerg,5:50:19
420,Mateo,Kaczmarek,M,57,United States,New York,5:12:18
421,Jakub,Young,M,58,China,Chengdu,4:22:49
422,Sunita,Walker,F,56,France,Marseille,3:18:08
423,Magdalena,White,F,36,Hungary,Budapest,3:45:24
424,Arthur,Martin,M,33,South Korea,Busan,3:20:27
425,Chiara,Scott,F,52,Israel,Jerusalem,3:13:10
426,Ekaterina,White,F,47,Denmark,Odense,2:43:26
427,Elijah,White,M,46,Austria,Salzburg,4:58:09
428,Megan,Ramirez,F,37,United Kingdom,Glasgow,5:22:46
429,Lucas,Hernandez,M,19,Israel,Beer Sheva,5:54:23
430,Emily,Wiśniewski,F,38,United Arab Emirates,Abu Dhabi,4:02:22
431,Ivan,Thomas,M,32,Denmark,Aalborg,2:24:47
432,Santiago,Lopez,M,64,Hungary,Miskolc,4:46:20
433,Lucia,Gonzalez,F,38,Austria,Vienna,4:24:59
434,Lorenzo,Thomas,M,61,Australia,Brisbane,3:33:42
435,Abigail,Lopez,F,35,Turkey,Ankara,3:22:48
436,Alina,Williams,F,66,Switzerland,Geneva,2:25:50
437,Henry,Popov,M,55,Switzerland,Geneva,3:58:56
438,Nikolai,Bianchi,M,51,Portugal,Braga,4:35:13
439,María,Lopez,F,47,South Korea,Seoul,5:58:09
440,Olga,Ramirez,F,65,Austria,Innsbruck,3:27:17
441,Oliver,Martinez,M,27,China,Beijing,2:21:01
442,John,Williams,M,30,India,Mumbai,4:23:07
443,Giovanni,Hernandez,M,63,United Kingdom,Birmingham,4:47:29
444,Chiara,Bianchi,F,41,Singapore,Singapore,4:44:03
445,Santiago,Taylor,M,61,Israel,Tel Aviv,5:44:37
446,Santiago,Kuznetsov,M,63,France,Paris,3:32:16
447,Hannah,Kowalski,F,66,Italy,Turin,3:07:27
448,Kacper,Thompson,M,58,Israel,Beer Sheva,4:21:21
449,Benjamin,Perez,M,49,South Africa,Port Elizabeth,3:47:01
450,Charlotte,Silva,F,47,South Africa,Pretoria,2:37:59
451,Jan,Smith,M,35,Israel,Beer Sheva,5:01:02
452,Mikhail,Ramirez,M,52,India,Chennai,2:11:57
453,Maya,Clark,F,49,Singapore,Singapore,4:53:10
454,Sophia,Jones,F,28,United States,Chicago,2:40:41
455,Santiago,Ferrari,M,28,India,Bangalore,2:44:49
456,Sara,Wiśniewski,F,31,Slovakia,Kosice,4:20:00
457,Thomas,Miller,M,57,Australia,Brisbane,3:06:30
458,Sophia,Gomes,F,66,Turkey,Izmir,2:05:32
459,Michael,Rodriguez,M,63,Russia,Moscow,3:40:49
460,James,Ivanov,M,43,Hungary,Pecs,3:04:19
461,Emma,Martin,F,27,Argentina,La Plata,4:07:36
462,James,Wiśniewski,M,25,Mexico,Cancun,3:32:52
463,Harry,Lewis,M,25,Mexico,Mexico City,5:59:04
464,Hugo,Smirnov,M,31,India,Bangalore,5:03:39
465,Liam,Silva,M,19,Israel,Haifa,5:40:32
466,Ivan,Lopez,M,18,Ethiopia,Bahir Dar,4:57:40
467,Lucas,Smirnov,M,36,Brazil,Salvador,3:36:30
468,Jan,Lee,M,19,France,Nice,4:32:25
469,Hugo,Murphy,M,55,Ukraine,Odesa,4:15:32
470,Lucas,Gomes,M,43,South Korea,Daejeon,2:27:26
471,Harry,Allen,M,31,China,Shanghai,4:18:37
472,Giovanni,Costa,M,25,Norway,Bergen,3:33:28
473,Camila,Kuznetsov,F,38,Denmark,Aalborg,2:50:09
474,Benjamin,Johnson,M,57,Norway,Bergen,3:31:47
475,Valentina,Ivanov,F,35,Denmark,Aarhus,2:24:42
476,David,Thomas,M,54,Ethiopia,Bahir Dar,5:00:36
477,Elijah,Walker,M,29,Russia,Kazan,4:39:54
478,Olivia,Robinson,F,63,Brazil,Sao Paulo,3:57:21
479,David,Costa,M,58,Germany,Hamburg,2:29:24
480,Evelyn,Taylor,F,63,Norway,Trondheim,4:32:43
481,Charlotte,Garcia,F,35,Canada,Toronto,3:35:16
482,Abigail,Romano,F,62,Switzerland,Geneva,2:31:51
483,Thomas,Robinson,M,39,South Africa,Durban,3:40:18
484,Lucia,Davis,F,58,Denmark,Aalborg,3:07:36
485,Oleg,Petrov,M,65,China,Shanghai,5:08:39
486,Maya,Thomas,F,19,Czech Republic,Prague,5:36:16
487,Alexander,Wiśniewski,M,70,France,Marseille,3:20:43
488,Evelyn,Gonzalez,F,45,South Korea,Seoul,4:18:03
489,Olga,Anderson,F,38,Singapore,Singapore,5:15:12
490,Alexander,Torres,M,39,Ethiopia,Gondar,5:37:21
491,Luis,Wiśniewski,M,66,Sweden,Malmo,3:26:57
492,Giulia,Jones,F,50,South Africa,Durban,2:32:42
493,Marco,Melo,M,51,Italy,Turin,5:36:18
494,Alexander,Ivanov,M,63,United States,New York,3:28:14
495,Santiago,King,M,57,Turkey,Bursa,4:06:11
496,Sofia,Hernandez,F,38,China,Chengdu,3:41:54
497,Robert,Gonzalez,M,28,Italy,Bologna,5:14:54
498,Ekaterina,Gonzalez,F,43,United Kingdom,Manchester,3:43:29
499,Santiago,Nguyen,M,32,Czech Republic,Pilsen,5:35:34
500,Lucas,Silva,M,46,Switzerland,Basel,3:26:50
501,Magdalena,Kaczmarek,F,57,Ethiopia,Mekelle,2:53:09
502,Mikhail,Taylor,M,69,Ukraine,Kyiv,4:48:38
503,John,Clark,M,43,Brazil,Rio de Janeiro,5:54:41
504,Robert,Novak,M,51,Romania,Iasi,5:58:26
505,Chiara,Costa,F,25,Portugal,Coimbra,4:34:37
506,Lucas,White,M,47,Ukraine,Dnipro,5:27:05
507,John,Johnson,M,35,Finland,Oulu,2:53:38
508,Julia,Lee,F,63,Argentina,La Plata,2:52:50
509,Anna,Ramirez,F,42,United States,New York,4:08:06
510,Michael,Wright,M,54,Israel,Haifa,3:36:56
511,Daniel,White,M,45,South Korea,Daegu,4:01:40
512,Ingrid,Clark,F,58,United Kingdom,Glasgow,4:16:07
513,Elijah,Nowak,M,68,Turkey,Antalya,4:55:45
514,William,Clark,M,21,South Korea,Incheon,5:27:13
515,Katarzyna,White,F,41,India,Mumbai,5:29:23
516,Zuzanna,Robinson,F,23,Finland,Tampere,2:33:43
517,Luis,Ramirez,M,21,Japan,Nagoya,3:40:11
518,Sara,Silva,F,19,Russia,Saint Petersburg,2:13:28
519,Abigail,Hernandez,F,27,France,Marseille,2:39:07
520,Jakub,Smirnov,M,62,Argentina,Buenos Aires,5:39:10
521,Thomas,Walker,M,26,Canada,Calgary,3:04:44
522,Evelyn,Brown,F,67,Ukraine,Kharkiv,3:31:33
523,Elijah,Popov,M,25,Slovakia,Bratislava,3:04:56
524,James,Johnson,M,39,India,Hyderabad,2:29:08
525,Alexander,Scott,M,40,Denmark,Esbjerg,4:30:54
526,Amelia,Bianchi,F,63,Slovakia,Kosice,2:49:33
527,Chiara,Harris,F,59,Norway,Oslo,4:36:32
528,David,Young,M,28,Israel,Beer Sheva,2:50:08
529,Julia,Martinez,F,26,Argentina,Rosario,4:33:44
530,Sunita,Santos,F,46,Finland,Oulu,3:24:33
531,Ivan,Gomes,M,44,United Kingdom,Edinburgh,2:28:40
532,Camila,Robinson,F,66,Netherlands,Utrecht,4:04:00
533,Isabela,Robinson,F,57,Turkey,Antalya,3:43:33
534,Sofia,Harris,F,64,Slovakia,Nitra,2:38:46
535,Lucas,Oliveira,M,45,Mexico,Puebla,5:35:14
536,Amelia,King,F,26,Brazil,Fortaleza,3:40:49
537,Ingrid,Gonzalez,F,59,Singapore,Singapore,3:27:55
538,Yuki,Wilson,F,49,Poland,Warsaw,4:15:22
539,Oliver,Ramirez,M,46,Denmark,Esbjerg,2:46:11
540,Megan,Jackson,F,68,Netherlands,The Hague,4:47:50
541,Isabela,Walker,F,23,United States,Boston,4:01:58
542,Oleg,Kowalski,M,52,Canada,Calgary,3:33:35
543,Megan,Garcia,F,50,Hungary,Budapest,3:35:50
544,Anna,Thompson,F,59,Australia,Sydney,3:04:37
545,George,Thompson,M,63,Poland,Wroclaw,4:32:28
546,Emily,Santos,F,65,India,Chennai,2:15:59
547,Sofia,Hernandez,F,67,Spain,Madrid,4:32:16
548,Mia,Harris,F,49,India,Delhi,4:55:24
549,Benjamin,Perez,M,25,Norway,Bergen,3:53:37
550,Isabella,Torres,F,26,India,Delhi,3:59:06
551,William,Perez,M,64,Kenya,Eldoret,2:40:12
552,Laura,Smirnov,F,67,United Kingdom,Birmingham,2:56:39
553,Abigail,Jackson,F,56,Turkey,Izmir,4:03:04
554,Daria,Rodriguez,F,37,United Arab Emirates,Ajman,4:51:49
555,Amelia,Nowak,F,55,Italy,Turin,2:39:02
556,Evelyn,Ferrari,F,61,Czech Republic,Prague,3:35:06
557,Lucas,Torres,M,47,India,Bangalore,2:53:13
558,Amelia,Allen,F,46,Argentina,Mendoza,5:30:27
559,Lucas,Rossi,M,27,Slovakia,Kosice,5:45:05
560,Olivia,Wright,F,70,Argentina,Mendoza,2:46:08
561,Zuzanna,Nowak,F,61,United Kingdom,Manchester,5:07:43
562,Daria,Romano,F,34,Ethiopia,Bahir Dar,2:47:42
563,Charlotte,Thompson,F,39,South Africa,Pretoria,5:09:06
564,Hugo,Perez,M,43,Czech Republic,Ostrava,5:14:35
565,Katarzyna,Kaczmarek,F,22,South Korea,Busan,2:29:16
566,William,Petrov,M,29,Germany,Frankfurt,2:45:50
567,Luis,Scott,M,69,Hungary,Pecs,4:19:31
568,Oleg,Young,M,41,Norway,Stavanger,3:40:46
569,Arthur,Torres,M,22,China,Beijing,4:50:18
570,Katarzyna,Miller,F,24,United Arab Emirates,Ajman,2:38:57
571,Mateusz,Smirnov,M,43,Spain,Bilbao,5:51:47
572,Michael,Kowalczyk,M,32,France,Lyon,4:34:01
573,Pedro,Murphy,M,55,South Korea,Incheon,3:56:26
574,Hannah,Robinson,F,69,Russia,Yekaterinburg,4:01:29
575,Santiago,Moore,M,57,Norway,Stavanger,5:20:53
576,Ava,Wiśniewski,F,69,United Kingdom,Edinburgh,2:45:50
577,Kacper,Petrov,M,41,Switzerland,Basel,5:21:52
578,Henry,Young,M,41,Ukraine,Dnipro,4:33:24
579,Valentina,Anderson,F,24,Romania,Constanta,4:24:39
580,Ekaterina,Petrov,F,18,Israel,Jerusalem,3:58:35
581,Isabela,Sanchez,F,62,Italy,Bologna,4:21:09
582,Olivia,Popov,F,69,Slovakia,Zilina,5:04:35
583,Henry,Kowalski,M,70,Finland,Espoo,2:31:39
584,Mia,Bianchi,F,67,United States,Los Angeles,5:29:35
585,Daniel,Jones,M,50,United Arab Emirates,Sharjah,4:56:13
586,Sara,Kowalczyk,F,43,Portugal,Faro,4:07:03
587,Oleg,Moore,M,22,Poland,Krakow,5:40:16
588,Jakub,Anderson,M,37,Switzerland,Lausanne,2:11:59
589,Daria,Clark,F,24,Australia,Perth,5:10:41
590,Marco,Murphy,M,27,Romania,Constanta,5:47:19
591,Ekaterina,Perez,F,53,Brazil,Sao Paulo,4:16:18
592,Lorenzo,Harris,M,41,Finland,Vantaa,3:18:56
593,Katarzyna,Oliveira,F,63,Argentina,Cordoba,3:30:37
594,Daniel,Lewis,M,29,Ukraine,Kyiv,5:38:16
595,Abigail,Hernandez,F,18,United States,Los Angeles,4:06:14
596,Marco,Lee,M,31,Mexico,Guadalajara,2:22:14
597,Luis,Lee,M,54,Portugal,Braga,2:49:30
598,Hannah,Rodriguez,F,23,South Korea,Daegu,5:34:09
599,Emma,Wiśniewski,F,59,Israel,Beer Sheva,4:33:32
600,Michael,Lopez,M,41,Sweden,Stockholm,5:31:20
601,Mateusz,Garcia,M,41,Kenya,Mombasa,5:41:04
602,David,Ramirez,M,65,Australia,Sydney,5:31:25
603,Kacper,Smith,M,34,Kenya,Eldoret,5:46:46
604,William,Martin,M,42,Israel,Nazareth,3:06:10
605,Daria,Thompson,F,29,Australia,Sydney,4:26:50
606,Luis,Sanchez,M,41,Israel,Tel Aviv,2:42:41
607,Michael,Taylor,M,59,Argentina,Rosario,3:21:33
608,Nikolai,Ivanov,M,59,Italy,Naples,5:52:10
609,Anna,Torres,F,33,Netherlands,Amsterdam,2:42:54
610,Olivia,Wilson,F,21,Italy,Milan,4:21:23
611,Harry,Garcia,M,54,Hungary,Pecs,4:30:48
612,Maya,Kowalczyk,F,60,South Korea,Incheon,4:54:58
613,Mia,Lee,F,70,Germany,Cologne,4:31:06
614,Charlotte,Wiśniewski,F,63,Denmark,Aarhus,4:19:18
615,Kacper,Oliveira,M,36,Australia,Adelaide,5:16:14
616,Liam,Kuznetsov,M,54,United Kingdom,Birmingham,2:37:50
617,Nikolai,Gomes,M,20,South Africa,Durban,4:07:09
618,George,Lopez,M,30,Germany,Frankfurt,2:42:17
619,Lucas,Petrov,M,46,Brazil,Brasilia,2:37:41
620,Lucas,Santos,M,35,Russia,Yekaterinburg,3:10:26
621,Thomas,Sanchez,M,54,Romania,Timisoara,3:46:00
622,Nikolai,Thompson,M,65,Romania,Constanta,2:49:44
623,Laura,Martinez,F,57,China,Beijing,5:26:47
624,George,Moore,M,70,United Arab Emirates,Ras Al Khaimah,3:57:08
625,Kacper,Santos,M,43,Italy,Naples,4:01:45
626,Jakub,Romano,M,68,Romania,Iasi,4:21:20
627,Maya,Walker,F,38,Hungary,Pecs,4:37:56
628,Julia,Davis,F,49,China,Shenzhen,3:53:31
629,Kacper,Smirnov,M,21,Italy,Bologna,5:29:35
630,Harry,Clark,M,66,Slovakia,Presov,4:17:28
631,Jan,Robinson,M,42,Slovakia,Kosice,5:45:53
632,Nikolai,Thomas,M,50,Singapore,Singapore,3:24:41
633,Chiara,Novak,F,54,Canada,Vancouver,2:56:04
634,Liam,Petrov,M,25,United Arab Emirates,Ajman,3:03:19
635,Giulia,Kowalczyk,F,54,Spain,Valencia,4:51:05
636,Benjamin,Oliveira,M,22,South Korea,Busan,3:40:40
637,Pedro,Davis,M,50,Finland,Vantaa,4:42:43
638,Lucas,Sanchez,M,52,Czech Republic,Ostrava,3:01:50
639,Olivia,Oliveira,F,39,Germany,Frankfurt,5:02:22
640,Mateusz,Santos,M,32,Denmark,Esbjerg,5:48:06
641,Mateo,Petrov,M,40,Finland,Helsinki,3:40:00
642,Alexander,Kowalczyk,M,37,Czech Republic,Ostrava,2:07:40
643,Camila,Ramirez,F,64,Japan,Tokyo,4:24:45
644,Sara,Brown,F,50,Argentina,Mendoza,2:18:02
645,Lorenzo,Kowalczyk,M,54,Kenya,Kisumu,5:13:25
646,María,Harris,F,35,United Kingdom,Manchester,3:20:31
647,Oleg,Oliveira,M,23,Argentina,Cordoba,5:16:52
648,Lucia,Brown,F,35,Denmark,Odense,2:24:21
649,Lucia,Lopez,F,33,United Arab Emirates,Ras Al Khaimah,3:05:37
650,Emma,Sanchez,F,23,Denmark,Copenhagen,2:42:05
651,Henry,Torres,M,40,Slovakia,Kosice,3:04:56
652,Kacper,Oliveira,M,55,Israel,Beer Sheva,2:56:40
653,Liam,Walker,M,59,Brazil,Fortaleza,2:05:20
654,Ekaterina,Kowalski,F,61,Argentina,Cordoba,4:25:10
655,Lucia,Lewis,F,34,Romania,Constanta,3:49:21
656,Chiara,Sanchez,F,42,Ukraine,Kyiv,4:01:44
657,Giulia,Scott,F,43,Sweden,Gothenburg,3:45:25
658,Sophia,Lewis,F,52,Canada,Calgary,4:29:17
659,Mateo,Moore,M,36,Ukraine,Kyiv,4:51:04
660,Sara,Nowak,F,19,Finland,Helsinki,2:14:16
661,Robert,Garcia,M,46,Japan,Tokyo,5:07:29
662,Olivia,Melo,F,62,Finland,Oulu,3:46:37
663,Luis,Martin,M,18,Finland,Tampere,3:11:51
664,Daniel,Lewis,M,37,Turkey,Istanbul,5:28:27
665,Ivan,White,M,42,United Arab Emirates,Dubai,2:44:22
666,Santiago,Allen,M,63,Spain,Madrid,2:25:51
667,Isabela,Lewis,F,49,Japan,Sapporo,2:20:42
668,Maya,Melo,F,46,Czech Republic,Brno,5:40:16
669,Emily,Smirnov,F,39,South Korea,Seoul,2:49:03
670,Santiago,Smith,M,59,Canada,Calgary,4:48:45
671,Julia,Ivanov,F,45,Russia,Saint Petersburg,4:56:09
672,Sara,Young,F,37,Portugal,Faro,4:18:43
673,Alexander,White,M,47,Poland,Wroclaw,4:45:15
674,Lucas,Rossi,M,47,India,Mumbai,2:35:00
675,Mia,Garcia,F,40,Finland,Vantaa,5:36:41
676,Lucia,White,F,64,Canada,Vancouver,4:53:43
677,Santiago,Anderson,M,50,China,Beijing,4:48:04
678,Olivia,Ramirez,F,51,Portugal,Faro,5:10:47
679,Oleg,White,M,57,India,Mumbai,4:48:59
680,Giulia,Scott,F,26,Ethiopia,Dire Dawa,4:12:11
681,Benjamin,Smith,M,19,Switzerland,Lausanne,3:35:56
682,Giulia,Clark,F,25,Poland,Gdansk,3:53:26
683,David,Wilson,M,30,Mexico,Monterrey,4:40:00
684,Hugo,Jones,M,25,Australia,Sydney,2:49:21
685,Magdalena,Smirnov,F,38,Russia,Saint Petersburg,3:21:12
686,Anna,Popov,F,19,Israel,Haifa,2:40:36
687,Marco,Davis,M,45,Germany,Hamburg,3:53:38
688,Isabela,Allen,F,68,Finland,Helsinki,3:39:10
689,Henry,Santos,M,46,Sweden,Gothenburg,5:14:04
690,Amelia,Nguyen,F,22,Czech Republic,Prague,5:46:44
691,Megan,Ivanov,F,52,Portugal,Faro,3:49:58
692,Marco,Torres,M,66,Netherlands,Amsterdam,3:43:18
693,Jan,Walker,M,65,Hungary,Szeged,3:12:49
694,Anna,Miller,F,39,Netherlands,Rotterdam,2:45:56
695,Alexander,Ivanov,M,45,Brazil,Fortaleza,3:22:40
696,Chiara,Gonzalez,F,35,Hungary,Szeged,5:41:03
697,Lucas,Nowak,M,28,United Kingdom,Birmingham,4:54:41
698,Anna,Kowalczyk,F,26,Australia,Adelaide,2:54:48
699,Nikolai,Garcia,M,31,Brazil,Salvador,2:46:24
700,Emily,Anderson,F,54,Russia,Yekaterinburg,4:11:06
701,Marco,Martinez,M,23,India,Bangalore,3:49:59
702,Marco,Wright,M,30,China,Shenzhen,5:47:07
703,Yuki,King,F,68,Israel,Tel Aviv,5:06:19
704,Liam,Nowak,M,40,South Africa,Durban,4:08:09
705,Evelyn,Jackson,F,19,United Kingdom,Manchester,2:26:35
706,Oleg,Nowak,M,40,United Arab Emirates,Ras Al Khaimah,2:25:00
707,Oliver,Kowalski,M,66,China,Guangzhou,2:29:09
708,María,Sanchez,F,60,Germany,Hamburg,3:30:16
709,Anna,Allen,F,34,Spain,Seville,5:28:42
710,Jakub,Bianchi,M,65,Finland,Espoo,5:34:23
711,Ingrid,Miller,F,67,Switzerland,Bern,5:31:28
712,Daria,Smith,F,37,Singapore,Singapore,4:36:25
713,Ava,Oliveira,F,28,United Kingdom,London,2:36:25
714,Alexander,Oliveira,M,20,Spain,Barcelona,3:18:22
715,Carlos,Bianchi,M,48,Denmark,Esbjerg,4:25:58
716,Jack,White,M,62,United States,Los Angeles,2:36:06
717,Magdalena,Brown,F,61,Spain,Seville,4:36:50
718,Hugo,Johnson,M,70,Kenya,Kisumu,3:16:43
719,Olivia,Thomas,F,26,United States,Boston,3:57:36
720,Olga,Martinez,F,32,Israel,Nazareth,3:10:29
721,Oliver,Thompson,M,62,Japan,Sapporo,4:47:05
722,Lucas,Moore,M,37,Israel,Beer Sheva,3:45:02
723,Carlos,Moore,M,39,Portugal,Porto,4:54:02
724,Daniel,Santos,M,53,Australia,Adelaide,3:05:14
725,Mateo,Brown,M,62,Slovakia,Nitra,5:37:24
726,Ava,Martin,F,29,Norway,Oslo,5:59:28
727,Carlos,Moore,M,41,Hungary,Miskolc,2:07:08
728,Sophia,Melo,F,69,Portugal,Braga,4:22:38
729,María,Oliveira,F,55,Czech Republic,Prague,4:48:40
730,Ekaterina,White,F,22,Romania,Iasi,2:27:19
731,Anna,Oliveira,F,63,Spain,Bilbao,2:50:05
732,Yuki,Perez,F,49,Canada,Calgary,4:10:51
733,Katarzyna,Rodriguez,F,22,Spain,Bilbao,4:20:23
734,Lucas,Torres,M,47,Argentina,Buenos Aires,3:09:09
735,James,Moore,M,57,United States,Boston,3:39:06
736,Santiago,King,M,32,Israel,Tel Aviv,5:09:39
737,Kacper,White,M,65,United States,Chicago,4:01:45
738,Michael,Santos,M,33,Ukraine,Lviv,5:27:27
739,Henry,Popov,M,27,Ethiopia,Gondar,5:28:54
740,Maria,Romano,F,64,Brazil,Brasilia,2:42:08
741,William,Smith,M,31,Germany,Frankfurt,4:52:19
742,James,Gonzalez,M,18,Hungary,Szeged,4:26:09
743,John,Popov,M,46,Israel,Tel Aviv,4:51:28
744,Ekaterina,Melo,F,63,Sweden,Gothenburg,3:08:57
745,Noah,Gomes,M,61,Finland,Oulu,4:26:27
746,James,Jones,M,23,Italy,Milan,2:54:34
747,Olga,White,F,44,Denmark,Aarhus,2:53:48
748,Alina,Robinson,F,53,Russia,Kazan,4:34:27
749,Amelia,Gonzalez,F,29,Kenya,Nakuru,3:16:27
750,Charlotte,Martinez,F,54,Spain,Madrid,2:35:23
751,Mikhail,Smith,M,29,Czech Republic,Pilsen,4:09:25
752,Isabella,Ivanov,F,27,Canada,Ottawa,3:59:21
753,Valentina,Garcia,F,24,United Arab Emirates,Ajman,4:27:03
754,Emily,Davis,F,20,Germany,Berlin,2:25:24
755,James,Taylor,M,61,Canada,Toronto,3:49:56
756,Laura,Wiśniewski,F,44,Portugal,Porto,2:48:20
757,Abigail,Kuznetsov,F,24,Sweden,Stockholm,2:28:25
758,Julia,Johnson,F,38,Austria,Innsbruck,5:44:01
759,Isabela,King,F,25,United Kingdom,Glasgow,5:23:36
760,Magdalena,Romano,F,68,Argentina,Buenos Aires,4:49:35
761,Laura,Murphy,F,47,Hungary,Debrecen,5:11:44
762,Benjamin,Anderson,M,70,Spain,Madrid,4:18:00
763,Sophia,Lee,F,27,United Arab Emirates,Sharjah,5:01:21
764,David,Kuznetsov,M,36,Ukraine,Kharkiv,5:02:50
765,Emily,Williams,F,37,South Africa,Durban,2:10:23
766,Amelia,Jones,F,41,Kenya,Nairobi,5:07:06
767,Robert,Jackson,M,49,Singapore,Singapore,4:46:34
768,Emily,Clark,F,54,Singapore,Singapore,4:56:18
769,Elijah,Davis,M,24,Australia,Adelaide,2:16:41
770,Sofia,Miller,F,59,Germany,Berlin,4:32:04
771,Alexander,Scott,M,29,Portugal,Faro,5:22:49
772,Ivan,Kowalczyk,M,46,Czech Republic,Prague,5:20:55
773,Isabella,Lopez,F,25,Finland,Vantaa,4:04:58
774,Jakub,Miller,M,58,Canada,Toronto,4:30:59
775,Olivia,King,F,40,Romania,Constanta,3:50:20
776,Emily,Torres,F,22,Czech Republic,Brno,2:42:41
777,Megan,Sanchez,F,35,Czech Republic,Prague,5:35:40
778,Sofia,Young,F,37,Turkey,Ankara,5:58:43
779,Daria,Santos,F,29,Finland,Vantaa,5:25:11
780,Giulia,Lewis,F,18,India,Hyderabad,3:04:45
781,Elijah,Gonzalez,M,70,United States,Los Angeles,2:41:14
782,Anna,Ferrari,F,34,Russia,Yekaterinburg,3:44:34
783,Arthur,Popov,M,62,Switzerland,Bern,5:42:45
784,Lucas,Robinson,M,20,Portugal,Porto,3:28:23
785,Alexander,Lee,M,36,South Korea,Daegu,5:27:03
786,Sara,Ferrari,F,57,Japan,Tokyo,5:27:52
787,David,Gomes,M,22,South Africa,Cape Town,3:22:36
788,Michael,Harris,M,57,Turkey,Ankara,5:54:47
789,Isabella,Anderson,F,25,United Arab Emirates,Dubai,2:11:57
790,Lucia,Martinez,F,40,China,Shenzhen,3:34:27
791,Emily,Young,F,46,Austria,Salzburg,2:32:16
792,Evelyn,Bianchi,F,28,Portugal,Faro,3:02:05
793,María,Miller,F,49,Singapore,Singapore,3:31:24
794,Sofia,Romano,F,46,United Arab Emirates,Ajman,2:13:16
795,Alexander,Davis,M,40,India,Delhi,4:50:32
796,Michael,Davis,M,30,Netherlands,Utrecht,4:57:57
797,Maria,Bianchi,F,44,Hungary,Budapest,2:23:30
798,Julia,Oliveira,F,48,Switzerland,Lausanne,4:59:00
799,Luis,Nowak,M,45,Mexico,Mexico City,3:46:49
800,Mateo,Santos,M,47,Romania,Timisoara,4:33:33
801,Alexander,Hernandez,M,24,Austria,Linz,2:06:18
802,Isabella,Jones,F,26,Germany,Cologne,5:02:32
803,Isabella,Robinson,F,21,Norway,Tromso,5:02:23
804,Emily,Wiśniewski,F,54,Israel,Nazareth,4:54:25
805,Sofia,Harris,F,27,France,Lyon,2:39:01
806,Kacper,Wiśniewski,M,61,Ukraine,Lviv,2:45:14
807,Sunita,Kowalski,F,65,United Kingdom,London,5:48:56
808,Maria,Smirnov,F,52,Canada,Ottawa,3:43:18
809,Pedro,Romano,M,34,India,Delhi,3:33:57
810,María,Perez,F,46,United States,Chicago,3:47:29
811,Mikhail,Anderson,M,30,United States,San Francisco,3:10:43
812,Mateo,Miller,M,67,Romania,Constanta,2:17:58
813,Zuzanna,Harris,F,26,Norway,Oslo,4:06:42
814,Katarzyna,Ivanov,F,28,Australia,Melbourne,2:13:20
815,Robert,Hernandez,M,40,Czech Republic,Brno,3:07:32
816,Isabela,Lee,F,21,Austria,Linz,2:25:08
817,Evelyn,Garcia,F,33,Kenya,Nakuru,4:34:44
818,Chiara,Jones,F,56,Romania,Cluj-Napoca,2:54:20
819,Sunita,Jackson,F,44,South Korea,Daegu,2:07:09
820,Lucas,Petrov,M,43,United Arab Emirates,Ras Al Khaimah,3:47:50
821,James,Costa,M,18,Denmark,Odense,2:33:41
822,Giulia,Nguyen,F,28,Spain,Barcelona,2:41:37
823,Sophia,Smirnov,F,44,Germany,Cologne,4:24:46
824,Sofia,Young,F,25,Brazil,Brasilia,4:28:19
825,Chiara,Martin,F,46,Italy,Bologna,5:22:09
826,Laura,Johnson,F,61,Ethiopia,Dire Dawa,3:04:52
827,Yuki,Romano,F,43,Brazil,Brasilia,4:22:04
828,Daniel,Oliveira,M,39,India,Delhi,5:23:50
829,María,Lewis,F,30,Italy,Rome,3:46:36
830,Jan,Moore,M,60,Portugal,Porto,3:42:34
831,Liam,Ramirez,M,65,Hungary,Szeged,5:37:54
832,Noah,Petrov,M,68,Poland,Krakow,4:56:04
833,Hannah,Scott,F,67,Israel,Jerusalem,3:16:01
834,Amelia,Thompson,F,37,United States,Los Angeles,5:34:25
835,Marco,Nguyen,M,22,Japan,Nagoya,2:57:42
836,Laura,Anderson,F,40,South Korea,Daegu,4:17:16
837,Anna,Rodriguez,F,62,Slovakia,Presov,4:19:41
838,Maya,Brown,F,49,Finland,Espoo,2:57:26
839,Camila,Davis,F,39,Mexico,Monterrey,2:46:53
840,Emily,Bianchi,F,68,Brazil,Rio de Janeiro,5:52:29
841,Oliver,Martinez,M,64,Spain,Seville,2:53:55
842,Sunita,Martin,F,30,Canada,Montreal,5:05:39
843,Evelyn,Ramirez,F,48,United States,Los Angeles,2:22:54
844,Lorenzo,Sanchez,M,20,South Korea,Seoul,5:54:57
845,Santiago,Anderson,M,66,Norway,Trondheim,2:46:55
846,Jan,Kowalczyk,M,34,Russia,Moscow,2:46:38
847,Amelia,Torres,F,21,Romania,Timisoara,2:07:20
848,David,Williams,M,55,Mexico,Mexico City,4:50:06
849,Oliver,Melo,M,32,United Arab Emirates,Abu Dhabi,2:11:44
850,Arthur,Thompson,M,50,Brazil,Fortaleza,5:17:30
851,Katarzyna,Lewis,F,68,Argentina,Cordoba,3:39:52
852,Sunita,Santos,F,24,Germany,Berlin,5:32:59
853,Chiara,Brown,F,40,France,Lyon,5:27:34
854,Olga,Young,F,27,Australia,Adelaide,4:44:22
855,Isabella,Kowalski,F,61,Romania,Timisoara,5:25:22
856,Alexander,King,M,54,Italy,Rome,4:50:53
857,Maria,Wright,F,49,Sweden,Vasteras,3:09:00
858,Jan,Silva,M,21,Romania,Cluj-Napoca,2:43:53
859,Elijah,Popov,M,50,Australia,Adelaide,4:17:04
860,Alexander,Wright,M,63,China,Guangzhou,2:28:01
861,Daniel,Moore,M,38,Japan,Nagoya,2:30:11
862,Kacper,King,M,58,Kenya,Mombasa,5:08:16
863,Magdalena,Moore,F,60,Mexico,Puebla,2:32:33
864,Harry,White,M,21,South Korea,Incheon,3:03:16
865,Kacper,Lopez,M,46,Kenya,Mombasa,2:18:28
866,Sunita,Torres,F,52,Sweden,Vasteras,4:25:48
867,Alexander,Miller,M,57,France,Lyon,3:36:13
868,Jakub,Thomas,M,64,Poland,Wroclaw,3:53:01
869,Kacper,Martin,M,58,Czech Republic,Ostrava,2:31:20
870,Kacper,Santos,M,25,United Kingdom,Manchester,2:44:08
871,Ivan,Rossi,M,25,Austria,Vienna,3:41:37
872,Charlotte,Nguyen,F,44,Hungary,Debrecen,5:06:42
873,Giovanni,Garcia,M,30,India,Delhi,4:08:13
874,Hannah,Oliveira,F,39,Turkey,Istanbul,4:01:58
875,James,Ferrari,M,52,Denmark,Aarhus,2:48:53
876,Emily,Lewis,F,65,Australia,Adelaide,3:07:24
877,Carlos,Anderson,M,58,South Korea,Incheon,3:26:50
878,Emily,Rossi,F,61,United Arab Emirates,Abu Dhabi,3:28:53
879,Ekaterina,Taylor,F,69,United Arab Emirates,Ajman,4:28:04
880,Olivia,Anderson,F,24,Kenya,Mombasa,3:38:01
881,Thomas,Harris,M,49,France,Paris,4:21:22
882,Elijah,Bianchi,M,54,Russia,Moscow,3:04:24
883,Ivan,Oliveira,M,67,Argentina,Buenos Aires,5:56:26
884,Jan,Ramirez,M,53,India,Chennai,3:05:32
885,Benjamin,Garcia,M,58,Netherlands,Utrecht,5:02:25
886,Daniel,Thomas,M,64,Denmark,Copenhagen,5:22:02
887,Mikhail,Smith,M,34,Austria,Salzburg,2:41:38
888,Harry,Jackson,M,60,Japan,Kyoto,2:05:50
889,Ava,Williams,F,59,Finland,Oulu,4:33:19
890,Oliver,Lee,M,61,Sweden,Stockholm,4:55:08
891,Daria,Murphy,F,63,Russia,Saint Petersburg,4:31:31
892,Laura,Popov,F,69,South Africa,Cape Town,2:32:07
893,Oleg,Nowak,M,56,Kenya,Eldoret,5:23:50
894,Maria,Moore,F,58,Italy,Milan,3:25:55
895,Benjamin,Johnson,M,25,France,Lyon,4:33:44
896,Nikolai,White,M,59,Denmark,Aalborg,4:01:37
897,Alina,Smith,F,40,Ethiopia,Mekelle,5:59:26
898,Alexander,Hernandez,M,43,Brazil,Rio de Janeiro,5:21:24
899,Isabela,Bianchi,F,26,Israel,Nazareth,2:57:24
900,Luis,Gomes,M,41,Spain,Barcelona,3:19:54
901,Pedro,Jackson,M,63,Slovakia,Zilina,5:29:42
902,Carlos,Young,M,19,Argentina,Cordoba,2:26:55
903,Abigail,Garcia,F,49,Denmark,Aalborg,5:00:30
904,Anna,Lewis,F,25,Portugal,Porto,5:37:38
905,Amelia,White,F,52,Italy,Milan,4:55:40
906,William,Nguyen,M,69,Japan,Nagoya,4:49:20
907,Lorenzo,Smith,M,65,Australia,Brisbane,4:32:09
908,Ava,Santos,F,45,Netherlands,Rotterdam,5:27:37
909,Marco,Davis,M,34,South Korea,Busan,4:00:07
910,Evelyn,Allen,F,29,South Africa,Cape Town,3:28:56
911,Magdalena,Novak,F,32,India,Bangalore,4:22:13
912,James,Lee,M,22,Poland,Wroclaw,5:32:26
913,Magdalena,Lopez,F,54,Germany,Munich,5:24:27
914,Olga,Walker,F,24,China,Beijing,4:46:58
915,Julia,Wilson,F,69,Portugal,Coimbra,3:54:01
916,Abigail,Perez,F,64,Hungary,Szeged,4:50:22
917,Lucia,Taylor,F,52,Germany,Berlin,2:45:09
918,Olivia,Brown,F,20,Finland,Tampere,5:38:59
919,Maya,Torres,F,30,Ukraine,Dnipro,4:33:30
920,Hugo,Murphy,M,25,Romania,Iasi,3:08:11
921,Giovanni,Popov,M,40,Japan,Tokyo,2:37:44
922,Anna,Thomas,F,25,United Kingdom,Birmingham,5:15:06
923,Olga,Rossi,F,41,India,Chennai,5:38:42
924,George,Miller,M,26,Ethiopia,Gondar,3:53:07
925,Daniel,Davis,M,68,Slovakia,Bratislava,2:42:02
926,Alexander,Martinez,M,37,Denmark,Aarhus,5:56:35
927,Olga,Clark,F,26,Norway,Stavanger,3:51:14
928,Benjamin,Costa,M,37,United States,San Francisco,3:32:09
929,Sunita,Nowak,F,23,Brazil,Fortaleza,5:25:19
930,Olivia,Bianchi,F,57,Kenya,Kisumu,3:09:01
931,Isabella,Kowalczyk,F,23,Argentina,Cordoba,3:56:13
932,Sofia,Kaczmarek,F,21,Italy,Milan,3:46:09
933,Yuki,Martin,F,59,Russia,Novosibirsk,5:42:51
934,Jan,Sanchez,M,52,Kenya,Nairobi,4:27:21
935,Noah,Popov,M,30,China,Shenzhen,3:22:49
936,Carlos,Nowak,M,42,Hungary,Debrecen,3:17:41
937,Isabela,Kowalski,F,31,Mexico,Puebla,5:40:11
938,Julia,Lee,F,36,South Africa,Johannesburg,5:50:52
939,Harry,Davis,M,37,Czech Republic,Ostrava,2:34:28
940,Daria,Kowalski,F,57,Denmark,Odense,5:29:30
941,Olga,Torres,F,49,Canada,Montreal,5:37:15
942,Luis,Thompson,M,47,United States,New York,4:31:19
943,Evelyn,Harris,F,67,Spain,Barcelona,2:58:24
944,Marco,Moore,M,36,South Africa,Durban,5:19:02
945,Evelyn,Hernandez,F,54,Sweden,Gothenburg,5:42:44
946,Hugo,Lee,M,39,Argentina,Cordoba,3:49:19
947,Nikolai,Kuznetsov,M,23,Australia,Sydney,4:07:11
948,Mia,Ivanov,F,30,Sweden,Gothenburg,3:59:28
949,Amelia,Allen,F,48,Japan,Nagoya,4:18:11
950,Nikolai,Smith,M,35,Canada,Calgary,4:29:17
951,Piotr,Jackson,M,26,Finland,Tampere,2:32:53
952,Elijah,Ivanov,M,33,Argentina,Buenos Aires,5:10:38
953,Abigail,Sanchez,F,69,Germany,Hamburg,5:59:58
954,Pedro,Costa,M,45,Portugal,Lisbon,4:19:28
955,Anna,Smirnov,F,49,Sweden,Uppsala,4:41:30
956,Daria,Wilson,F,43,Spain,Barcelona,5:16:40
957,John,Clark,M,34,Canada,Calgary,5:59:25
958,David,Sanchez,M,24,Finland,Espoo,2:51:43
959,Oleg,Martinez,M,35,Sweden,Uppsala,5:38:57
960,Giulia,King,F,64,Switzerland,Bern,4:44:30
961,Megan,Petrov,F,23,United States,Chicago,3:40:46
962,Jack,Wilson,M,23,Canada,Vancouver,4:23:34
963,Noah,Bianchi,M,42,Portugal,Coimbra,4:37:19
964,Ivan,Nowak,M,59,India,Mumbai,3:22:15
965,Hugo,Gonzalez,M,44,South Korea,Seoul,2:18:48
966,Carlos,Silva,M,33,Poland,Gdansk,2:46:47
967,Laura,Jones,F,21,Canada,Toronto,4:32:02
968,Oleg,Jones,M,49,Japan,Tokyo,3:18:27
969,David,Harris,M,59,United Kingdom,London,2:52:33
970,Charlotte,Thomas,F,57,Netherlands,Rotterdam,5:23:30
971,Sophia,Smith,F,62,Czech Republic,Brno,5:06:05
972,Olivia,Lopez,F,40,United States,Chicago,5:02:40
973,Marco,King,M,63,Israel,Tel Aviv,4:00:11
974,Alexander,Taylor,M,68,Poland,Wroclaw,2:32:54
975,Chiara,Novak,F,28,Australia,Adelaide,3:54:45
976,Luis,Lee,M,33,Italy,Milan,4:25:13
977,Isabella,Romano,F,63,Ethiopia,Addis Ababa,5:37:22
978,John,Silva,M,55,Kenya,Nakuru,5:44:45
979,Ava,Lopez,F,39,Denmark,Copenhagen,5:50:45
980,Carlos,Gomes,M,46,Russia,Saint Petersburg,4:58:52
981,Jakub,Hernandez,M,70,Norway,Bergen,5:29:13
982,Henry,Harris,M,40,Netherlands,The Hague,4:40:53
983,Luis,Oliveira,M,50,South Korea,Daejeon,3:42:57
984,Evelyn,Wiśniewski,F,55,Japan,Tokyo,5:30:18
985,Lucas,Melo,M,37,United Kingdom,Glasgow,4:00:01
986,Elijah,Wilson,M,22,Spain,Valencia,2:58:27
987,Daria,Gonzalez,F,47,United States,New York,3:32:35
988,Anna,Moore,F,18,Switzerland,Zurich,4:02:43
989,Piotr,Wiśniewski,M,38,South Korea,Incheon,2:09:08
990,Henry,Wilson,M,32,Ukraine,Dnipro,5:09:24
991,Alexander,Sanchez,M,51,Hungary,Miskolc,4:41:30
992,Olga,Santos,F,32,United Arab Emirates,Ajman,5:18:20
993,Mia,Silva,F,54,China,Shenzhen,5:55:59
994,Valentina,Martin,F,51,Japan,Osaka,4:59:57
995,Amelia,Thomas,F,67,China,Chengdu,4:26:42
996,Megan,Petrov,F,32,Spain,Madrid,3:24:15
997,Hannah,Novak,F,68,United Arab Emirates,Ras Al Khaimah,4:34:26
998,Marco,Scott,M,55,Czech Republic,Ostrava,4:03:29
999,Giulia,Wilson,F,58,Portugal,Faro,4:38:30
1000,Lucia,Brown,F,60,Japan,Sapporo,5:42:26
1001,Lorenzo,Kowalski,M,57,Japan,Sapporo,3:42:27
1002,Oleg,Wiśniewski,M,69,South Africa,Johannesburg,3:36:13
1003,Sophia,Taylor,F,29,Mexico,Mexico City,5:55:42
1004,Daniel,Johnson,M,64,Japan,Tokyo,5:35:37
1005,Abigail,Jackson,F,65,United Kingdom,London,4:22:58
1006,Michael,Novak,M,38,Ethiopia,Gondar,3:22:57
1007,Laura,Hernandez,F,38,Netherlands,Eindhoven,5:49:19
1008,Piotr,Thomas,M,28,United States,Boston,5:17:29
1009,Mia,Ramirez,F,21,United States,New York,5:56:29
1010,William,Young,M,61,Singapore,Singapore,4:10:38
1011,Santiago,Smith,M,38,Kenya,Nairobi,5:29:26
1012,Isabella,Gonzalez,F,44,Sweden,Uppsala,5:05:32
1013,Robert,Wright,M,44,Australia,Adelaide,2:59:44
1014,Isabella,Scott,F,70,Israel,Haifa,5:49:04
1015,Isabela,Silva,F,22,Switzerland,Basel,4:53:20
1016,Isabela,Sanchez,F,52,Brazil,Salvador,2:24:01
1017,Isabella,Oliveira,F,70,Ukraine,Kharkiv,2:05:17
1018,Hannah,Johnson,F,70,Ethiopia,Dire Dawa,5:43:44
1019,Liam,Miller,M,47,United Arab Emirates,Ajman,3:35:12
1020,Giulia,Ramirez,F,68,India,Bangalore,4:24:46
1021,Amelia,Wilson,F,68,United States,Los Angeles,2:55:21
1022,Jan,Martinez,M,20,Japan,Sapporo,5:36:07
1023,Maria,Taylor,F,40,Australia,Brisbane,2:55:27
1024,Megan,Martin,F,36,Turkey,Antalya,2:46:12
1025,Thomas,Oliveira,M,57,France,Nice,2:37:52
1026,William,Popov,M,31,Finland,Oulu,3:56:27
1027,Thomas,Thomas,M,43,Mexico,Mexico City,4:28:43
1028,Alexander,Thompson,M,47,United Arab Emirates,Dubai,5:11:51
1029,Michael,Lopez,M,45,France,Lyon,5:16:49
1030,Alina,White,F,22,France,Lyon,3:28:34
1031,Julia,Wright,F,38,Russia,Kazan,5:51:15
1032,Kacper,Taylor,M,32,Brazil,Fortaleza,5:44:29
1033,Michael,Smirnov,M,68,Kenya,Mombasa,5:23:45
1034,Zuzanna,Miller,F,30,Spain,Valencia,3:17:16
1035,Ingrid,Moore,F,60,Turkey,Antalya,2:49:19
1036,Arthur,Johnson,M,44,United Arab Emirates,Sharjah,4:49:35
1037,Olga,Jackson,F,65,India,Delhi,2:37:16
1038,Olivia,Kowalczyk,F,67,Israel,Tel Aviv,3:41:35
1039,Sofia,Sanchez,F,66,United Kingdom,London,5:25:27
1040,Evelyn,Lopez,F,62,Norway,Tromso,5:25:15
1041,Julia,Torres,F,52,Canada,Calgary,3:27:16
1042,Jan,Anderson,M,25,Turkey,Istanbul,5:22:03
1043,Isabella,Silva,F,46,India,Bangalore,5:17:18
1044,Amelia,Nowak,F,24,Slovakia,Bratislava,5:44:41
1045,Maya,Gonzalez,F,27,China,Shenzhen,5:22:09
1046,Emma,Martinez,F,28,Switzerland,Bern,5:42:03
1047,Ingrid,Oliveira,F,38,Sweden,Gothenburg,5:53:03
1048,Marco,Nowak,M,43,Romania,Timisoara,2:10:37
1049,Chiara,Popov,F,66,Brazil,Fortaleza,4:55:47
1050,Amelia,Garcia,F,48,Romania,Iasi,3:04:42
1051,Giovanni,Perez,M,22,Ethiopia,Gondar,3:28:55
1052,William,Taylor,M,63,Ukraine,Odesa,4:33:00
1053,Alina,Allen,F,40,Brazil,Sao Paulo,5:55:51
1054,Maya,Gonzalez,F,65,Germany,Berlin,2:28:54
1055,María,Brown,F,34,Denmark,Aalborg,5:57:11
1056,Magdalena,Popov,F,50,Brazil,Rio de Janeiro,4:51:26
1057,Kacper,Scott,M,19,Russia,Novosibirsk,4:56:13
1058,Zuzanna,Walker,F,54,Canada,Toronto,3:05:27
1059,Thomas,Silva,M,24,Singapore,Singapore,3:42:27
1060,Elijah,Novak,M,31,Kenya,Eldoret,4:01:50
1061,Isabella,Ferrari,F,56,Mexico,Guadalajara,3:52:21
1062,Olivia,Oliveira,F,39,Italy,Turin,5:43:29
1063,John,King,M,66,France,Bordeaux,2:50:39
1064,Liam,Miller,M,27,Italy,Bologna,5:27:27
1065,Yuki,Kuznetsov,F,37,Netherlands,The Hague,4:42:25
1066,Ingrid,Silva,F,68,Norway,Tromso,5:49:52
1067,Oliver,Jackson,M,35,Sweden,Stockholm,5:02:32
1068,Daria,Ramirez,F,47,Japan,Kyoto,5:30:54
1069,Noah,Kowalski,M,38,Mexico,Guadalajara,5:53:05
1070,Thomas,Murphy,M,49,Hungary,Pecs,3:57:01
1071,Piotr,Melo,M,56,Germany,Cologne,2:28:23
1072,Olivia,Martin,F,24,Singapore,Singapore,2:08:15
1073,Maria,Ivanov,F,24,Austria,Graz,3:24:53
1074,Emily,Rossi,F,35,Germany,Cologne,2:29:26
1075,Robert,Smith,M,70,Norway,Oslo,4:21:34
1076,Chiara,Novak,F,22,Slovakia,Bratislava,2:31:41
1077,Camila,Kowalski,F,42,Denmark,Aalborg,5:45:00
1078,Noah,Lee,M,31,Sweden,Vasteras,4:26:03
1079,Michael,Harris,M,37,Canada,Calgary,3:46:11
1080,Ivan,Lopez,M,37,Canada,Toronto,5:03:46
1081,Chiara,Wiśniewski,F,43,Norway,Bergen,4:18:01
1082,Maya,Allen,F,34,Australia,Melbourne,3:30:19
1083,Luis,Ramirez,M,21,China,Chengdu,5:49:02
1084,Luis,Novak,M,47,Ethiopia,Gondar,2:20:54
1085,Alexander,Nguyen,M,32,Germany,Frankfurt,4:23:30
1086,Marco,Romano,M,34,Argentina,Cordoba,2:08:17
1087,Daria,Johnson,F,41,Austria,Innsbruck,2:51:03
1088,Mateusz,Gonzalez,M,18,Austria,Graz,3:19:19
1089,Mia,Wilson,F,65,Kenya,Nairobi,4:30:03
1090,Jack,Ivanov,M,60,Czech Republic,Prague,3:30:13
1091,Jack,Santos,M,42,Sweden,Uppsala,2:36:22
1092,Jack,Allen,M,46,Austria,Salzburg,2:56:42
1093,Laura,Costa,F,20,India,Bangalore,5:27:21
1094,Thomas,Miller,M,53,Russia,Yekaterinburg,5:10:06
1095,Hannah,Ferrari,F,45,Portugal,Braga,5:49:32
1096,Santiago,Thomas,M,25,Slovakia,Presov,2:20:36
1097,Abigail,Romano,F,38,Denmark,Esbjerg,2:32:46
1098,Camila,Johnson,F,28,Brazil,Brasilia,3:34:15
1099,David,Wright,M,67,Brazil,Fortaleza,5:30:10
1100,Mia,Perez,F,39,Canada,Ottawa,3:40:39
1101,Emily,Novak,F,64,Ethiopia,Dire Dawa,5:46:01
1102,Maya,Thomas,F,65,Kenya,Eldoret,4:38:59
1103,Benjamin,Popov,M,18,Mexico,Puebla,5:38:47
1104,John,Anderson,M,55,United States,Chicago,2:59:59
1105,Ingrid,Jones,F,20,India,Chennai,2:23:10
1106,John,Kowalski,M,53,Switzerland,Basel,2:44:57
1107,Katarzyna,Martin,F,70,Japan,Osaka,4:29:23
1108,Carlos,Wilson,M,66,Switzerland,Geneva,2:22:32
1109,Abigail,White,F,47,United States,Boston,4:19:21
1110,Alexander,Moore,M,21,Portugal,Lisbon,4:07:38
1111,María,Miller,F,22,Brazil,Fortaleza,5:23:50
1112,Ivan,Novak,M,67,Netherlands,Utrecht,4:23:08
1113,Sofia,Miller,F,38,Denmark,Esbjerg,2:42:25
1114,Pedro,Kowalski,M,42,India,Mumbai,3:13:09
1115,Jack,Moore,M,32,South Africa,Pretoria,3:23:03
1116,Alexander,Petrov,M,69,Portugal,Coimbra,2:34:41
1117,Hugo,Novak,M,24,Romania,Timisoara,3:27:09
1118,Harry,Murphy,M,37,Argentina,Mendoza,4:03:12
1119,Marco,Kowalski,M,38,South Korea,Seoul,3:10:59
1120,Camila,Murphy,F,25,Canada,Calgary,5:53:30
1121,Pedro,Anderson,M,34,Japan,Sapporo,2:52:45
1122,Elijah,Petrov,M,53,Denmark,Aalborg,2:16:49
1123,Magdalena,Garcia,F,69,Mexico,Mexico City,3:55:51
1124,Hannah,Anderson,F,31,Canada,Toronto,5:05:22
1125,Megan,Smirnov,F,58,Russia,Kazan,3:39:54
1126,Isabella,Lewis,F,39,South Korea,Incheon,5:15:58
1127,Maria,Kuznetsov,F,62,Finland,Vantaa,4:40:41
1128,George,Lopez,M,55,Norway,Bergen,2:19:22
1129,Marco,Costa,M,67,Canada,Montreal,3:13:49
1130,Olga,Lopez,F,53,Turkey,Istanbul,5:21:06
1131,Oleg,Lee,M,39,Mexico,Guadalajara,2:49:35
1132,Robert,Bianchi,M,34,Germany,Munich,5:50:55
1133,Jack,Garcia,M,22,Canada,Calgary,2:46:58
1134,Olga,Jackson,F,22,Canada,Montreal,4:48:01
1135,Megan,Hernandez,F,50,Norway,Oslo,2:53:12
1136,Yuki,Santos,F,70,Austria,Innsbruck,2:39:36
1137,Olga,Smirnov,F,62,United Arab Emirates,Ras Al Khaimah,4:01:02
1138,Isabella,Murphy,F,27,Ukraine,Odesa,2:10:38
1139,Hugo,Thompson,M,61,United Arab Emirates,Sharjah,2:35:06
1140,Laura,Smith,F,26,Netherlands,The Hague,4:22:58
1141,Noah,Kaczmarek,M,22,Brazil,Rio de Janeiro,2:08:32
1142,Jakub,Rodriguez,M,61,Italy,Naples,2:52:34
1143,Daria,Wiśniewski,F,23,Israel,Nazareth,5:59:41
1144,Chiara,Gonzalez,F,68,Singapore,Singapore,2:40:22
1145,Anna,Young,F,33,Austria,Innsbruck,4:37:46
1146,Anna,Martin,F,56,Spain,Madrid,5:35:21
1147,Isabella,Nowak,F,61,Hungary,Pecs,4:21:26
1148,Carlos,Young,M,19,Ukraine,Odesa,5:57:22
1149,Amelia,Gonzalez,F,29,China,Shanghai,3:20:35
1150,Giovanni,Williams,M,19,Kenya,Eldoret,5:51:04
1151,David,Costa,M,52,United States,New York,2:41:22
1152,Arthur,Brown,M,68,Sweden,Malmo,2:28:30
1153,Anna,Perez,F,62,Japan,Osaka,2:30:11
1154,Sofia,Murphy,F,52,Poland,Poznan,5:17:38
1155,George,Kowalczyk,M,48,United States,New York,4:37:40
1156,Lucas,Allen,M,44,United Arab Emirates,Dubai,5:03:31
1157,Jan,Ivanov,M,49,South Africa,Durban,4:17:28
1158,Olga,Thompson,F,44,Ukraine,Kharkiv,2:15:46
1159,Jakub,Bianchi,M,36,Brazil,Salvador,5:18:50
1160,Sofia,Clark,F,19,Brazil,Brasilia,5:43:54
1161,Luis,Popov,M,38,Australia,Sydney,5:20:56
1162,Megan,Oliveira,F,41,Kenya,Nakuru,4:18:26
1163,Maya,Clark,F,47,Kenya,Kisumu,4:57:18
1164,Ivan,Ramirez,M,46,Sweden,Vasteras,4:47:51
1165,Jakub,Murphy,M,64,Finland,Helsinki,3:54:18
1166,Luis,Hernandez,M,68,Australia,Adelaide,5:21:40
1167,Robert,Perez,M,34,Ukraine,Kyiv,3:45:53
1168,Amelia,Garcia,F,20,China,Chengdu,2:27:29
1169,Daria,Bianchi,F,65,Brazil,Fortaleza,3:35:11
1170,Maria,Harris,F,31,Slovakia,Nitra,4:52:56
1171,Olga,Ferrari,F,46,France,Bordeaux,3:41:44
1172,Julia,Novak,F,28,South Korea,Incheon,4:11:25
1173,Olivia,Robinson,F,30,Romania,Constanta,3:11:23
1174,Hannah,Scott,F,70,Hungary,Budapest,4:38:02
1175,Sunita,Perez,F,66,Denmark,Esbjerg,4:35:29
1176,Olivia,Kaczmarek,F,63,Turkey,Istanbul,5:43:13
1177,Olivia,Harris,F,69,South Korea,Incheon,5:36:19
1178,Thomas,King,M,58,Russia,Yekaterinburg,2:54:20
1179,Sofia,Anderson,F,28,Argentina,Rosario,4:15:15
1180,Isabela,Garcia,F,42,India,Hyderabad,4:32:56
1181,Santiago,Kuznetsov,M,19,United Arab Emirates,Ajman,3:04:00
1182,Isabela,Kuznetsov,F,35,Ukraine,Dnipro,5:22:28
1183,Pedro,Davis,M,33,Australia,Perth,2:55:34
1184,María,Martinez,F,34,China,Chengdu,4:52:22
1185,Sofia,Smirnov,F,61,United States,Boston,3:05:13
1186,Lucia,Gomes,F,66,Sweden,Vasteras,5:10:49
1187,Anna,Romano,F,67,Singapore,Singapore,4:53:13
1188,Marco,Smith,M,46,Canada,Toronto,5:15:22
1189,Ekaterina,Williams,F,59,Kenya,Eldoret,4:02:45
1190,María,Lopez,F,27,Argentina,La Plata,4:17:50
1191,Ingrid,Walker,F,52,South Africa,Pretoria,3:06:02
1192,Valentina,Lewis,F,40,United Arab Emirates,Sharjah,3:38:54
1193,Lorenzo,Petrov,M,38,Portugal,Lisbon,2:23:55
1194,Jan,Johnson,M,70,Poland,Wroclaw,4:12:50
1195,Lucas,Lopez,M,64,Portugal,Lisbon,2:22:23
1196,Lucia,Harris,F,55,Spain,Bilbao,4:55:53
1197,Elijah,Wright,M,21,Japan,Tokyo,2:07:16
1198,Jakub,Lee,M,53,Romania,Iasi,3:28:14
1199,Alina,Smirnov,F,32,Norway,Stavanger,5:09:51
1200,Anna,Moore,F,41,Australia,Melbourne,2:40:59
1201,Nikolai,Costa,M,60,Sweden,Stockholm,4:00:23
1202,Giovanni,Smirnov,M,53,Finland,Helsinki,4:20:10
1203,María,Torres,F,20,United States,New York,4:23:46
1204,Santiago,Gonzalez,M,56,Finland,Helsinki,2:32:47
1205,Magdalena,Ramirez,F,65,Germany,Berlin,5:52:53
1206,Julia,Bianchi,F,69,Romania,Bucharest,4:52:07
1207,Thomas,Torres,M,61,Canada,Toronto,2:59:49
1208,Ingrid,Melo,F,45,Kenya,Nairobi,4:27:38
1209,Julia,Torres,F,22,Hungary,Debrecen,5:20:45
1210,Charlotte,Romano,F,59,Spain,Bilbao,3:43:24
1211,Ingrid,Hernandez,F,56,Argentina,Cordoba,5:17:25
1212,Magdalena,Miller,F,28,India,Mumbai,4:28:03
1213,Charlotte,Hernandez,F,66,Singapore,Singapore,3:49:22
1214,Jan,Ferrari,M,43,Singapore,Singapore,2:19:06
1215,Zuzanna,Ivanov,F,70,Slovakia,Kosice,5:15:34
1216,Sunita,Ivanov,F,63,United Kingdom,Birmingham,2:51:24
1217,Mateusz,Robinson,M,38,Norway,Stavanger,3:14:16
1218,Emma,Clark,F,28,Canada,Toronto,3:40:16
1219,Zuzanna,Santos,F,59,Ethiopia,Dire Dawa,2:53:48
1220,Thomas,Clark,M,32,Israel,Haifa,4:01:26
1221,Sunita,Clark,F,46,Kenya,Kisumu,4:09:41
1222,Oleg,Nguyen,M,48,Ukraine,Kharkiv,2:08:15
1223,Yuki,Williams,F,45,Denmark,Copenhagen,5:30:06
1224,Anna,Popov,F,19,Switzerland,Bern,4:47:09
1225,Olivia,Torres,F,39,Netherlands,Rotterdam,4:05:03
1226,Ekaterina,Rodriguez,F,53,Turkey,Antalya,3:16:06
1227,Jack,Petrov,M,24,Netherlands,Utrecht,3:31:05
1228,Olga,Jones,F,59,Kenya,Eldoret,2:33:58
1229,Oliver,Rossi,M,49,Russia,Moscow,4:48:22
1230,Camila,Moore,F,40,Japan,Kyoto,3:57:19
1231,Daniel,Torres,M,44,Portugal,Faro,4:57:26
1232,Olivia,Rodriguez,F,30,Germany,Munich,2:37:11
1233,Carlos,Davis,M,35,South Africa,Durban,5:31:41
1234,Sunita,Williams,F,63,Australia,Adelaide,2:13:11
1235,Ekaterina,Walker,F,60,Denmark,Aarhus,4:11:26
1236,Sunita,Kaczmarek,F,51,Argentina,La Plata,4:59:17
1237,Marco,Williams,M,21,United Arab Emirates,Ras Al Khaimah,2:59:09
1238,Noah,Wright,M,64,Switzerland,Basel,5:24:40
1239,David,King,M,68,France,Bordeaux,4:47:31
1240,Pedro,Williams,M,37,United Arab Emirates,Ajman,3:10:13
1241,Lucia,Martinez,F,40,India,Hyderabad,3:19:16
1242,Ingrid,Kaczmarek,F,70,France,Bordeaux,4:16:14
1243,Oleg,Davis,M,36,Brazil,Sao Paulo,5:36:09
1244,Oleg,Costa,M,21,Czech Republic,Ostrava,4:36:33
1245,Mateo,Miller,M,58,Norway,Trondheim,3:55:05
1246,Santiago,Smith,M,59,Hungary,Pecs,3:40:13
1247,Alexander,Murphy,M,58,United States,Chicago,4:58:27
1248,Mikhail,Allen,M,64,Germany,Frankfurt,4:03:29
1249,Olivia,Young,F,64,Spain,Madrid,3:08:16
1250,Chiara,Silva,F,41,Germany,Frankfurt,5:10:24
1251,John,Petrov,M,21,Ethiopia,Mekelle,5:14:16
1252,Thomas,Sanchez,M,42,Portugal,Lisbon,5:09:52
1253,Sofia,Davis,F,46,Finland,Tampere,3:55:14
1254,Emma,Kaczmarek,F,26,Spain,Valencia,5:15:28
1255,Megan,Martinez,F,31,Russia,Kazan,5:37:57
1256,Oleg,Anderson,M,50,Argentina,Cordoba,5:37:21
1257,Mateo,Lopez,M,55,Brazil,Rio de Janeiro,4:54:27
1258,Nikolai,Jones,M,62,Slovakia,Zilina,4:04:36
1259,James,Thompson,M,22,Ukraine,Kyiv,4:18:46
1260,Lucas,Davis,M,53,Sweden,Vasteras,3:48:04
1261,Zuzanna,Davis,F,27,Poland,Gdansk,3:51:43
1262,Ivan,Thompson,M,37,South Africa,Durban,2:11:09
1263,Jack,Lee,M,52,United Kingdom,London,5:17:30
1264,David,Jackson,M,50,Sweden,Gothenburg,3:50:13
1265,Liam,Wilson,M,57,Switzerland,Basel,2:16:46
1266,Marco,Allen,M,49,Germany,Berlin,5:08:27
1267,Daniel,Torres,M,18,Ukraine,Kharkiv,5:53:27
1268,Noah,Taylor,M,42,Canada,Toronto,4:25:38
1269,James,Smith,M,30,Singapore,Singapore,3:45:10
1270,Arthur,Williams,M,41,Romania,Constanta,3:02:42
1271,Marco,Brown,M,29,Denmark,Esbjerg,5:31:02
1272,Sophia,Ramirez,F,62,South Africa,Port Elizabeth,5:17:10
1273,Lucas,Lopez,M,20,Brazil,Fortaleza,4:58:21
1274,John,Scott,M,30,Mexico,Monterrey,3:36:12
1275,Sophia,Ivanov,F,51,India,Mumbai,5:10:26
1276,Mikhail,Rossi,M,52,Ethiopia,Addis Ababa,3:26:03
1277,Ekaterina,Rossi,F,46,Switzerland,Basel,3:32:51
1278,William,Jackson,M,45,Germany,Cologne,2:16:35
1279,María,Sanchez,F,66,Romania,Bucharest,3:17:47
1280,Julia,Davis,F,28,Switzerland,Lausanne,5:25:58
1281,Sophia,Rodriguez,F,18,Kenya,Eldoret,2:42:48
1282,Olga,Lewis,F,18,Singapore,Singapore,4:11:29
1283,Oliver,Nguyen,M,56,Denmark,Odense,3:36:20
1284,Mateo,Davis,M,63,Australia,Perth,2:40:35
1285,Julia,Smirnov,F,62,South Korea,Daegu,5:52:31
1286,Jan,Petrov,M,20,Turkey,Izmir,5:50:36
1287,Daniel,Silva,M,70,United Kingdom,Birmingham,2:17:46
1288,Oliver,Kowalski,M,53,Sweden,Uppsala,3:06:40
1289,Sunita,Popov,F,18,Turkey,Bursa,4:19:20
1290,Kacper,Kuznetsov,M,68,Italy,Turin,3:03:34
1291,María,Bianchi,F,25,United Kingdom,London,5:19:56
1292,Sara,Perez,F,47,Ukraine,Kyiv,5:53:04
1293,Elijah,Walker,M,27,Argentina,La Plata,2:49:38
1294,Michael,Harris,M,20,Argentina,Cordoba,4:53:11
1295,Zuzanna,Johnson,F,49,Singapore,Singapore,3:25:45
1296,María,Johnson,F,32,Czech Republic,Ostrava,4:47:08
1297,Santiago,White,M,70,Argentina,Cordoba,3:40:56
1298,Mikhail,Jackson,M,36,Ukraine,Dnipro,5:49:00
1299,Daniel,Anderson,M,46,Finland,Vantaa,3:35:57
1300,Olga,Novak,F,19,Sweden,Uppsala,4:06:33
1301,Zuzanna,Hernandez,F,62,Poland,Warsaw,5:06:08
1302,Oleg,Williams,M,31,Netherlands,Rotterdam,4:46:45
1303,Sunita,Miller,F,41,Russia,Moscow,4:20:45
1304,Carlos,Perez,M,53,United Arab Emirates,Ras Al Khaimah,5:39:33
1305,Jack,Miller,M,49,Austria,Graz,4:48:08
1306,Harry,White,M,55,Norway,Trondheim,2:57:28
1307,Lucas,King,M,29,Sweden,Uppsala,3:05:08
1308,Maria,Hernandez,F,64,Denmark,Copenhagen,4:26:48
1309,Alexander,Rodriguez,M,59,South Africa,Johannesburg,4:02:11
1310,Luis,Martinez,M,65,United Kingdom,Glasgow,5:10:01
1311,Charlotte,King,F,30,United States,Boston,4:24:40
1312,Charlotte,Rossi,F,52,United Kingdom,Manchester,2:23:17
1313,Luis,Kuznetsov,M,37,Argentina,Mendoza,5:45:07
1314,Carlos,Lewis,M,43,Singapore,Singapore,5:14:02
1315,Abigail,Wiśniewski,F,38,Canada,Calgary,4:29:14
1316,Alexander,Harris,M,20,Netherlands,Utrecht,4:52:03
1317,Laura,Jones,F,32,Switzerland,Bern,5:47:48
1318,Emily,Nguyen,F,41,Israel,Beer Sheva,4:53:19
1319,Daniel,Scott,M,49,India,Chennai,2:14:43
1320,Anna,Popov,F,67,Sweden,Uppsala,2:22:20
1321,Mikhail,Johnson,M,68,Germany,Frankfurt,3:55:57
1322,David,Rodriguez,M,29,Norway,Trondheim,5:13:05
1323,Harry,Brown,M,59,United Arab Emirates,Ras Al Khaimah,4:27:40
1324,Kacper,Wright,M,23,Japan,Kyoto,4:49:10
1325,Jack,Martinez,M,65,Mexico,Monterrey,5:13:03
1326,Mia,Santos,F,66,Czech Republic,Brno,4:04:09
1327,Maya,Nowak,F,26,Mexico,Mexico City,3:26:20
1328,Olivia,Scott,F,20,Japan,Osaka,4:02:01
1329,Santiago,Allen,M,21,Spain,Seville,2:53:16
1330,Isabella,Thomas,F,39,South Korea,Daegu,4:59:24
1331,Camila,Hernandez,F,48,Russia,Novosibirsk,2:58:40
1332,Thomas,Johnson,M,25,Austria,Linz,3:56:51
1333,Ivan,King,M,45,Norway,Stavanger,3:06:56
1334,Ava,Nowak,F,38,South Korea,Daegu,3:58:38
1335,Lorenzo,Kowalski,M,53,Portugal,Lisbon,2:36:36
1336,Maria,Harris,F,53,United States,Chicago,5:17:26
1337,Mia,Garcia,F,24,Ukraine,Kyiv,2:31:40
1338,Henry,Jackson,M,39,Portugal,Lisbon,4:47:15
1339,Jakub,Popov,M,46,Hungary,Budapest,5:20:43
1340,Marco,Ramirez,M,58,Italy,Turin,4:21:56
1341,Giulia,Wiśniewski,F,63,Norway,Tromso,2:36:19
1342,Sofia,Lopez,F,67,Turkey,Bursa,3:26:54
1343,Sara,Wright,F,43,India,Bangalore,4:33:52
1344,Maria,Kowalczyk,F,51,Romania,Iasi,3:33:30
1345,Alexander,White,M,65,Slovakia,Kosice,5:02:09
1346,Julia,Thomas,F,53,Germany,Hamburg,4:01:32
1347,Isabella,Ferrari,F,69,Ukraine,Lviv,4:54:47
1348,Alexander,Rossi,M,67,South Korea,Daejeon,2:15:34
1349,Jack,Nguyen,M,45,Austria,Linz,4:15:39
1350,Ekaterina,Torres,F,50,Portugal,Braga,5:46:47
1351,Laura,Romano,F,34,United States,Chicago,2:25:03
1352,Pedro,Young,M,55,Israel,Beer Sheva,3:58:43
1353,Camila,Martinez,F,45,Poland,Wroclaw,5:40:14
1354,Megan,Martin,F,42,Portugal,Faro,5:32:08
1355,Anna,Wiśniewski,F,55,Poland,Gdansk,3:57:51
1356,Sunita,Gonzalez,F,52,United Kingdom,London,3:29:55
1357,Sunita,Taylor,F,33,Spain,Valencia,3:23:31
1358,Alexander,Petrov,M,63,Czech Republic,Brno,3:59:36
1359,Daria,Harris,F,21,Portugal,Faro,3:40:25
1360,Mateo,Wiśniewski,M,26,Poland,Krakow,4:32:31
1361,Olivia,Lopez,F,27,Brazil,Brasilia,4:32:46
1362,Alexander,Kowalski,M,21,United Arab Emirates,Abu Dhabi,4:09:49
1363,Emma,Oliveira,F,50,Japan,Sapporo,5:07:32
1364,Magdalena,Harris,F,28,France,Bordeaux,3:52:57
1365,Daria,Lopez,F,40,China,Shanghai,2:37:13
1366,Piotr,Kowalczyk,M,42,Australia,Perth,3:15:43
1367,Lorenzo,Melo,M,69,Kenya,Eldoret,2:45:19
1368,Giulia,Nguyen,F,67,Portugal,Coimbra,4:38:30
1369,Sophia,Ivanov,F,28,Denmark,Esbjerg,3:30:08
1370,Lucia,Jackson,F,60,Canada,Ottawa,4:41:47
1371,David,Santos,M,42,Ethiopia,Addis Ababa,5:39:29
1372,Liam,Torres,M,29,Brazil,Fortaleza,2:58:28
1373,Carlos,Popov,M,52,United Arab Emirates,Dubai,2:33:11
1374,Mia,Silva,F,44,Austria,Innsbruck,3:36:10
1375,Sofia,Rodriguez,F,37,Canada,Ottawa,2:27:50
1376,Michael,Gonzalez,M,25,Finland,Vantaa,4:00:44
1377,Magdalena,Brown,F,51,South Korea,Seoul,2:50:50
1378,Jack,Novak,M,41,Ethiopia,Dire Dawa,4:30:19
1379,Kacper,Anderson,M,46,India,Hyderabad,3:42:25
1380,Daria,Lopez,F,69,United States,Boston,3:53:36
1381,Olivia,Hernandez,F,22,Australia,Melbourne,2:50:38
1382,Olga,Johnson,F,18,Mexico,Mexico City,4:42:04
1383,Camila,Rossi,F,33,Israel,Haifa,4:53:04
1384,Yuki,Kowalczyk,F,60,Netherlands,Rotterdam,4:41:55
1385,Mikhail,Smith,M,63,Argentina,La Plata,2:31:39
1386,Oleg,Moore,M,33,Finland,Tampere,2:54:39
1387,Lucas,Robinson,M,35,United Arab Emirates,Ras Al Khaimah,4:23:43
1388,Abigail,Popov,F,57,Mexico,Monterrey,5:45:50
1389,Ekaterina,Lewis,F,70,Australia,Brisbane,3:35:19
1390,Jakub,Wiśniewski,M,53,India,Bangalore,3:39:43
1391,George,Gonzalez,M,50,United Kingdom,Edinburgh,2:47:31
1392,Olga,Kowalski,F,64,Germany,Munich,5:26:59
1393,Ekaterina,Novak,F,33,Sweden,Vasteras,4:01:57
1394,Isabella,Novak,F,24,Spain,Seville,4:08:44
1395,Yuki,Garcia,F,35,Turkey,Antalya,4:18:28
1396,Nikolai,Wilson,M,25,Germany,Hamburg,3:57:51
1397,Olivia,Petrov,F,46,Ukraine,Kharkiv,3:40:55
1398,Olivia,Garcia,F,58,United States,Los Angeles,3:14:00
1399,Alina,Walker,F,61,United States,Boston,4:48:26
1400,Hannah,Jackson,F,49,India,Hyderabad,5:12:19
1401,Ava,Kuznetsov,F,62,Kenya,Kisumu,4:25:37
1402,Chiara,Garcia,F,32,Ukraine,Lviv,5:12:39
1403,Jakub,Smith,M,18,Finland,Helsinki,3:08:19
1404,Jan,Miller,M,69,Israel,Beer Sheva,4:22:18
1405,Oliver,Garcia,M,55,Hungary,Pecs,2:18:04
1406,Magdalena,Kowalski,F,24,Czech Republic,Prague,3:29:33
1407,Elijah,Oliveira,M,27,Mexico,Cancun,5:00:33
1408,Noah,Lee,M,46,Turkey,Izmir,4:09:36
1409,Alexander,Silva,M,70,Spain,Bilbao,5:06:10
1410,Emma,Anderson,F,36,Australia,Melbourne,3:10:42
1411,Daniel,Torres,M,28,China,Shanghai,3:50:03
1412,Ava,Santos,F,35,Denmark,Odense,5:55:44
1413,Megan,Bianchi,F,47,Sweden,Vasteras,5:14:14
1414,Valentina,Robinson,F,56,Germany,Berlin,5:10:44
1415,Olivia,Kaczmarek,F,50,India,Hyderabad,5:00:26
1416,Ekaterina,Melo,F,67,United Kingdom,Glasgow,2:34:22
1417,Mateo,Costa,M,66,United Arab Emirates,Abu Dhabi,4:27:11
1418,Katarzyna,Wiśniewski,F,18,Argentina,Cordoba,4:59:05
1419,Henry,Jackson,M,25,Russia,Novosibirsk,2:59:50
1420,George,Ferrari,M,58,United States,San Francisco,5:43:42
1421,Julia,Allen,F,52,United Kingdom,Birmingham,2:06:54
1422,Jakub,Clark,M,62,Norway,Bergen,5:29:53
1423,Lorenzo,Kaczmarek,M,25,Turkey,Antalya,2:19:46
1424,Ekaterina,Allen,F,27,Italy,Turin,5:05:11
1425,Camila,Anderson,F,38,Brazil,Salvador,3:22:21
1426,Evelyn,Wilson,F,39,Kenya,Mombasa,5:15:56
1427,Santiago,Johnson,M,35,Czech Republic,Brno,2:06:27
1428,Lucia,Gomes,F,43,Spain,Barcelona,4:44:42
1429,Ekaterina,Jones,F,33,United Kingdom,London,2:46:10
1430,Mia,Scott,F,62,China,Guangzhou,4:02:46
1431,Isabella,Santos,F,26,India,Bangalore,5:54:59
1432,Alexander,Harris,M,24,Israel,Haifa,4:06:43
1433,Alina,Taylor,F,42,United Arab Emirates,Ajman,5:49:49
1434,Charlotte,Wiśniewski,F,38,Turkey,Bursa,4:42:09
1435,Alina,Kowalski,F,61,Czech Republic,Prague,5:37:16
1436,Hugo,Moore,M,64,Turkey,Antalya,3:31:53
1437,Liam,Kowalski,M,68,Mexico,Puebla,5:59:16
1438,David,Nowak,M,48,Ukraine,Dnipro,5:55:36
1439,Isabela,Robinson,F,69,China,Guangzhou,3:37:59
1440,Luis,Robinson,M,36,Argentina,Cordoba,5:22:02
1441,Pedro,Torres,M,23,Ethiopia,Mekelle,5:44:30
1442,Mateo,Brown,M,49,Poland,Poznan,4:16:27
1443,Oliver,Anderson,M,20,Ethiopia,Gondar,4:34:44
1444,Jan,Wright,M,22,Brazil,Sao Paulo,4:43:23
1445,Lucia,Johnson,F,56,Hungary,Szeged,4:33:40
1446,Daria,Ivanov,F,33,Finland,Espoo,2:22:31
1447,Olivia,White,F,54,Israel,Jerusalem,5:26:40
1448,Evelyn,Brown,F,37,South Africa,Pretoria,2:16:27
1449,Julia,Ferrari,F,28,Austria,Vienna,3:01:59
1450,Giovanni,Popov,M,49,Kenya,Mombasa,3:17:59
1451,Nikolai,Harris,M,25,Japan,Sapporo,3:11:33
1452,Henry,Nguyen,M,47,Brazil,Salvador,4:09:58
1453,Camila,Wiśniewski,F,58,Czech Republic,Ostrava,4:21:09
1454,Ivan,King,M,40,Germany,Berlin,3:55:31
1455,Ingrid,Lewis,F,38,Mexico,Monterrey,2:58:06
1456,Sara,Smith,F,66,United Arab Emirates,Ajman,2:06:24
1457,Lucas,White,M,47,Kenya,Nakuru,4:37:11
1458,Harry,Williams,M,47,Romania,Cluj-Napoca,4:47:33
1459,Carlos,Miller,M,18,France,Paris,3:37:18
1460,Alina,Williams,F,48,Portugal,Coimbra,2:33:09
1461,Lorenzo,Hernandez,M,25,India,Hyderabad,2:17:43
1462,Julia,Gonzalez,F,38,Israel,Nazareth,2:38:49
1463,Yuki,Jackson,F,47,South Korea,Busan,4:28:43
1464,Mikhail,Williams,M,64,Czech Republic,Olomouc,4:24:51
1465,Lucas,Moore,M,29,Russia,Novosibirsk,3:25:58
1466,Isabella,Walker,F,68,Turkey,Ankara,3:30:25
1467,James,Wilson,M,19,France,Nice,5:27:30
1468,Megan,Smith,F,39,Denmark,Esbjerg,4:17:49
1469,Maria,Ivanov,F,51,Czech Republic,Prague,2:11:07
1470,Luis,Silva,M,68,Ethiopia,Dire Dawa,2:21:44
1471,Amelia,King,F,35,Germany,Frankfurt,2:51:40
1472,James,Kowalski,M,54,United States,New York,2:57:58
1473,Evelyn,Martinez,F,52,United Kingdom,Manchester,3:16:54
1474,Ekaterina,Clark,F,54,Canada,Ottawa,3:28:08
1475,Maya,Romano,F,57,Poland,Poznan,4:02:22
1476,Maria,Anderson,F,39,South Korea,Busan,2:33:33
1477,Maria,Moore,F,23,Turkey,Bursa,4:03:24
1478,Yuki,Harris,F,54,Czech Republic,Olomouc,2:45:32
1479,Camila,Lopez,F,29,Ethiopia,Bahir Dar,2:59:39
1480,Elijah,Novak,M,42,Portugal,Lisbon,5:27:13
1481,Alexander,Hernandez,M,59,United Kingdom,London,3:04:28
1482,Chiara,Wiśniewski,F,57,Germany,Berlin,5:17:58
1483,Olga,Miller,F,34,Turkey,Bursa,4:31:35
1484,Chiara,Williams,F,62,Kenya,Nakuru,3:30:18
1485,David,Gonzalez,M,66,Ethiopia,Mekelle,5:09:29
1486,Oliver,Allen,M,28,Hungary,Budapest,4:14:19
1487,Lorenzo,Gonzalez,M,32,Ukraine,Lviv,4:28:55
1488,James,Walker,M,55,Ukraine,Kharkiv,2:54:21
1489,Michael,Walker,M,23,Singapore,Singapore,5:57:53
1490,Daniel,Perez,M,29,Norway,Stavanger,2:53:22
1491,Emma,Rodriguez,F,22,Poland,Wroclaw,3:32:58
1492,Emma,Allen,F,46,China,Guangzhou,5:15:36
1493,Magdalena,Smirnov,F,31,Netherlands,Eindhoven,3:21:38
1494,Zuzanna,Jones,F,37,Sweden,Vasteras,5:38:39
1495,Zuzanna,Popov,F,48,India,Bangalore,2:28:47
1496,Isabella,Nguyen,F,55,France,Marseille,3:30:25
1497,Mikhail,Nowak,M,33,Russia,Kazan,4:27:22
1498,Sara,Kowalczyk,F,52,Turkey,Antalya,3:54:27
1499,Chiara,Perez,F,56,Brazil,Brasilia,4:40:07
1500,Nikolai,Murphy,M,60,Slovakia,Presov,4:53:05
1501,Alina,Murphy,F,28,Spain,Madrid,3:15:52
1502,Daniel,Melo,M,62,Spain,Seville,3:20:08
1503,Daria,Jones,F,31,Argentina,La Plata,4:05:44
1504,Robert,Martinez,M,33,Brazil,Rio de Janeiro,3:44:58
1505,Emily,Nowak,F,28,Austria,Salzburg,3:03:03
1506,David,Taylor,M,26,Italy,Turin,4:31:15
1507,Michael,Lee,M,38,Brazil,Fortaleza,5:59:48
1508,Isabella,Wright,F,69,Slovakia,Kosice,5:53:14
1509,Hugo,Robinson,M,60,South Africa,Pretoria,5:58:07
1510,Amelia,Torres,F,57,Portugal,Coimbra,2:06:45
1511,Pedro,Torres,M,38,Australia,Perth,5:01:32
1512,Maya,Kowalczyk,F,28,Denmark,Copenhagen,4:00:11
1513,Lucas,Clark,M,29,Austria,Salzburg,5:01:05
1514,John,Lewis,M,25,Romania,Constanta,5:38:06
1515,Ingrid,Perez,F,27,Brazil,Rio de Janeiro,5:44:56
1516,Maya,Anderson,F,33,South Korea,Seoul,3:55:13
1517,Katarzyna,Ivanov,F,29,Romania,Timisoara,2:22:08
1518,Charlotte,Lee,F,35,Slovakia,Nitra,3:10:26
1519,Nikolai,Murphy,M,55,China,Guangzhou,4:22:09
1520,Alexander,Gomes,M,27,Turkey,Izmir,2:07:27
1521,Marco,Ramirez,M,26,South Africa,Johannesburg,4:19:41
1522,Anna,Rossi,F,22,Spain,Bilbao,5:43:39
1523,Julia,Taylor,F,39,Romania,Constanta,4:51:11
1524,Sophia,Harris,F,31,Russia,Moscow,2:06:21
1525,Sophia,Wilson,F,34,France,Nice,4:16:45
1526,Robert,Silva,M,52,Turkey,Antalya,4:31:47
1527,Mateusz,Perez,M,51,India,Hyderabad,3:16:01
1528,Laura,Gomes,F,67,Germany,Frankfurt,3:41:39
1529,Ekaterina,White,F,49,Turkey,Antalya,3:54:51
1530,Mikhail,Walker,M,26,Japan,Tokyo,3:08:54
1531,Noah,Rodriguez,M,67,United States,Boston,2:37:07
1532,Henry,Kowalczyk,M,36,Germany,Berlin,4:27:02
1533,Katarzyna,Kuznetsov,F,30,United States,San Francisco,5:42:00
1534,Harry,Santos,M,45,Austria,Innsbruck,4:24:57
1535,Jakub,Romano,M,25,Mexico,Monterrey,3:01:11
1536,Lucia,Lee,F,49,Switzerland,Lausanne,5:15:44
1537,Ekaterina,Young,F,55,Portugal,Porto,5:07:41
1538,Julia,Hernandez,F,47,Russia,Novosibirsk,5:10:04
1539,Alexander,Nguyen,M,49,Slovakia,Nitra,5:47:33
1540,Lucia,Kaczmarek,F,46,Argentina,Mendoza,4:23:07
1541,David,Santos,M,63,South Africa,Cape Town,3:30:53
1542,Henry,Lopez,M,20,Romania,Cluj-Napoca,4:53:16
1543,Mia,Ramirez,F,41,Ethiopia,Mekelle,5:47:11
1544,Daniel,Costa,M,46,Argentina,Cordoba,5:03:06
1545,Mateusz,Ferrari,M,30,Spain,Barcelona,4:15:23
1546,Megan,Thompson,F,23,Mexico,Mexico City,5:47:09
1547,Daniel,Robinson,M,48,Canada,Ottawa,5:26:30
1548,Jack,King,M,35,Russia,Moscow,5:41:51
1549,Pedro,Walker,M,64,Spain,Seville,2:45:29
1550,Ingrid,Melo,F,69,Hungary,Debrecen,4:23:39
1551,Carlos,Lopez,M,19,Switzerland,Lausanne,5:38:16
1552,Lucia,Miller,F,58,Portugal,Faro,2:30:07
1553,Valentina,Rossi,F,45,Sweden,Stockholm,3:41:31
1554,Noah,Moore,M,53,Denmark,Odense,4:53:13
1555,Mateo,Johnson,M,56,Finland,Oulu,3:50:04
1556,Lucas,Robinson,M,29,Japan,Tokyo,3:35:31
1557,Olivia,Kowalski,F,46,United Arab Emirates,Ras Al Khaimah,2:23:24
1558,Ekaterina,Nowak,F,41,Poland,Wroclaw,2:32:26
1559,Oliver,Anderson,M,55,France,Nice,3:18:35
1560,Carlos,Smirnov,M,57,Brazil,Salvador,3:04:15
1561,Daniel,Wiśniewski,M,29,Mexico,Cancun,3:20:33
1562,Mateusz,Martin,M,34,France,Paris,3:11:10
1563,Ekaterina,Santos,F,39,Poland,Gdansk,2:55:57
1564,Alexander,Moore,M,38,Brazil,Fortaleza,5:24:04
1565,Camila,Anderson,F,30,Austria,Salzburg,4:44:26
1566,Zuzanna,Johnson,F,20,Czech Republic,Prague,2:29:51
1567,Mateusz,Harris,M,27,Denmark,Aalborg,3:27:22
1568,Henry,Murphy,M,47,Russia,Kazan,3:12:10
1569,Jakub,Costa,M,29,United Arab Emirates,Abu Dhabi,3:03:51
1570,Maya,Perez,F,49,Switzerland,Bern,2:19:14
1571,John,Brown,M,56,Israel,Nazareth,4:03:01
1572,Chiara,Kowalski,F,36,Switzerland,Lausanne,4:39:45
1573,Benjamin,Thompson,M,44,Turkey,Ankara,2:59:31
1574,Olga,Brown,F,19,United States,Chicago,5:35:37
1575,Mateusz,Lopez,M,38,Turkey,Bursa,3:39:25
1576,Valentina,Rodriguez,F,60,Ethiopia,Addis Ababa,3:17:52
1577,Maya,Wiśniewski,F,47,China,Guangzhou,4:39:00
1578,Mateusz,Garcia,M,50,Singapore,Singapore,2:49:31
1579,Valentina,Scott,F,43,India,Bangalore,2:10:31
1580,Maya,Ferrari,F,31,Romania,Iasi,5:07:14
1581,Mateo,Anderson,M,47,Netherlands,Eindhoven,5:20:01
1582,Mateo,Ivanov,M,30,Canada,Vancouver,3:28:59
1583,Mateusz,Taylor,M,52,United Kingdom,Edinburgh,5:23:46
1584,Maya,Ramirez,F,34,United States,Boston,3:17:55
1585,Lorenzo,Wiśniewski,M,31,India,Bangalore,5:08:22
1586,Pedro,Ivanov,M,57,United States,Chicago,4:54:59
1587,Laura,Kowalczyk,F,38,Japan,Osaka,4:16:35
1588,Ingrid,Gomes,F,25,Russia,Moscow,3:00:21
1589,Lorenzo,Melo,M,61,Switzerland,Geneva,4:00:26
1590,Laura,Silva,F,28,Kenya,Mombasa,5:33:03
1591,Lorenzo,Popov,M,64,France,Nice,5:36:37
1592,Olivia,Allen,F,70,Austria,Graz,5:19:01
1593,Camila,Jones,F,34,Japan,Nagoya,5:09:40
1594,Julia,Taylor,F,32,United Arab Emirates,Sharjah,5:57:47
1595,Lucia,Garcia,F,31,United States,Boston,4:31:29
1596,Isabella,Brown,F,68,Portugal,Faro,3:13:39
1597,Yuki,Perez,F,65,China,Shenzhen,3:20:34
1598,Hugo,Sanchez,M,51,Canada,Montreal,4:01:00
1599,Emma,Kuznetsov,F,25,Czech Republic,Ostrava,4:23:58
1600,Jack,Ivanov,M,24,South Korea,Incheon,3:08:15
1601,Amelia,Anderson,F,28,Japan,Kyoto,5:00:00
1602,Ava,Robinson,F,61,Spain,Seville,5:29:18
1603,Nikolai,Brown,M,33,Sweden,Malmo,5:41:22
1604,Zuzanna,Rodriguez,F,32,Romania,Cluj-Napoca,5:06:21
1605,Thomas,Oliveira,M,39,Kenya,Mombasa,3:32:13
1606,Katarzyna,Perez,F,54,Slovakia,Presov,3:16:03
1607,Santiago,Moore,M,70,Austria,Vienna,3:59:40
1608,Santiago,Anderson,M,54,South Korea,Busan,2:56:20
1609,Elijah,Lee,M,25,Czech Republic,Olomouc,2:42:17
1610,Alexander,Rossi,M,69,Denmark,Odense,2:49:19
1611,Magdalena,Popov,F,63,Denmark,Aalborg,5:30:50
1612,Maria,Kuznetsov,F,35,Spain,Bilbao,4:37:35
1613,Sofia,Walker,F,26,Spain,Madrid,3:11:55
1614,George,Jackson,M,54,United Arab Emirates,Sharjah,3:57:25
1615,Giulia,Lewis,F,38,France,Paris,4:23:09
1616,Zuzanna,Gomes,F,61,United Kingdom,London,2:57:16
1617,Maya,Oliveira,F,40,Japan,Nagoya,4:32:27
1618,Mia,Taylor,F,24,Spain,Madrid,3:20:59
1619,Maya,Jackson,F,25,United Arab Emirates,Dubai,3:25:34
1620,Ekaterina,Hernandez,F,27,South Korea,Incheon,2:23:14
1621,Nikolai,Kowalczyk,M,31,Czech Republic,Olomouc,3:11:38
1622,Alina,Lopez,F,23,Sweden,Vasteras,4:47:37
1623,Olga,Kowalski,F,48,Spain,Seville,3:05:32
1624,David,Brown,M,35,Brazil,Salvador,4:05:50
1625,Oleg,Kowalski,M,33,Singapore,Singapore,3:25:55
1626,Megan,Novak,F,48,South Korea,Daegu,3:03:13
1627,Arthur,Martin,M,56,Israel,Beer Sheva,4:57:09
1628,Alina,Rodriguez,F,34,Portugal,Lisbon,4:40:59
1629,Megan,Taylor,F,46,Brazil,Salvador,3:58:48
1630,Zuzanna,Lewis,F,32,Turkey,Istanbul,3:34:10
1631,Luis,Rodriguez,M,30,China,Beijing,4:03:01
1632,Jack,Wright,M,66,Spain,Seville,3:19:31
1633,Zuzanna,Ramirez,F,27,China,Beijing,4:28:20
1634,Oliver,Popov,M,20,Romania,Constanta,4:10:37
1635,Jakub,Ivanov,M,60,Turkey,Ankara,2:37:10
1636,Arthur,Murphy,M,69,Russia,Saint Petersburg,2:38:28
1637,Megan,Brown,F,43,Netherlands,Rotterdam,2:07:50
1638,Kacper,Thompson,M,39,Argentina,Cordoba,5:21:41
1639,Thomas,Gonzalez,M,24,France,Marseille,4:09:05
1640,Laura,Smith,F,46,India,Delhi,4:09:45
1641,Olga,Scott,F,54,Ethiopia,Gondar,3:11:53
1642,Piotr,Davis,M,68,Japan,Osaka,4:30:01
1643,Julia,Bianchi,F,30,Germany,Munich,5:24:05
1644,Lucas,Ivanov,M,59,Switzerland,Basel,3:03:10
1645,Isabela,Brown,F,41,Canada,Vancouver,2:53:47
1646,Isabella,Nowak,F,52,South Africa,Pretoria,3:37:17
1647,Michael,Lee,M,52,Ethiopia,Dire Dawa,4:20:42
1648,Giovanni,Gomes,M,21,Romania,Constanta,5:49:29
1649,Camila,Thompson,F,59,United States,New York,3:37:30
1650,Ivan,Wilson,M,27,Israel,Nazareth,3:34:42
1651,David,Hernandez,M,20,Sweden,Vasteras,5:00:38
1652,Pedro,Jones,M,40,Russia,Yekaterinburg,2:56:25
1653,Anna,Harris,F,41,Netherlands,Utrecht,5:30:59
1654,Marco,Smirnov,M,32,Portugal,Coimbra,5:17:59
1655,Alexander,Hernandez,M,22,Slovakia,Bratislava,2:33:13
1656,Oliver,Perez,M,60,United Arab Emirates,Dubai,2:59:08
1657,Oliver,Wilson,M,38,Japan,Osaka,5:15:07
1658,Maria,Perez,F,28,Canada,Toronto,2:14:40
1659,Piotr,Gonzalez,M,67,Netherlands,Rotterdam,2:58:14
1660,Jan,Davis,M,21,Netherlands,Eindhoven,2:10:12
1661,Sofia,Costa,F,23,Canada,Vancouver,2:17:55
1662,Camila,Thompson,F,44,Austria,Graz,2:19:37
1663,Anna,Popov,F,50,Czech Republic,Pilsen,2:48:05
1664,George,Garcia,M,65,United States,New York,5:15:10
1665,Maya,Martinez,F,30,France,Bordeaux,3:38:01
1666,Daria,Silva,F,56,Mexico,Guadalajara,2:13:12
1667,Valentina,Jones,F,53,Brazil,Fortaleza,3:28:17
1668,Olga,Hernandez,F,52,Israel,Nazareth,4:09:51
1669,Megan,Clark,F,36,Argentina,Rosario,4:26:51
1670,Mateo,White,M,18,Italy,Milan,2:31:26
1671,Maya,Wiśniewski,F,39,Switzerland,Zurich,2:49:12
1672,Olivia,Jackson,F,67,Spain,Barcelona,4:32:53
1673,Zuzanna,White,F,51,Argentina,Mendoza,2:23:48
1674,Katarzyna,King,F,50,Ukraine,Dnipro,2:46:40
1675,Alexander,White,M,58,Poland,Wroclaw,4:27:04
1676,Laura,Lewis,F,60,Japan,Kyoto,4:08:33
1677,Laura,Walker,F,25,Turkey,Bursa,3:46:06
1678,Noah,Martin,M,35,Israel,Beer Sheva,5:41:53
1679,Katarzyna,Silva,F,37,United Arab Emirates,Ajman,3:33:50
1680,Mateusz,Sanchez,M,66,Hungary,Pecs,2:24:56
1681,Maria,Wiśniewski,F,54,United States,New York,5:14:47
1682,Giovanni,Lee,M,61,Australia,Melbourne,4:52:47
1683,Isabella,Nowak,F,33,Mexico,Guadalajara,2:11:53
1684,Harry,Smith,M,61,Canada,Montreal,4:47:59
1685,Lucas,Wiśniewski,M,19,United Kingdom,Glasgow,4:04:00
1686,Marco,Ferrari,M,30,Russia,Saint Petersburg,5:55:47
1687,David,Ivanov,M,37,United Arab Emirates,Sharjah,3:34:19
1688,Julia,Wiśniewski,F,26,Spain,Valencia,3:00:28
1689,Maya,Nowak,F,59,Czech Republic,Ostrava,3:05:34
1690,Olga,Harris,F,42,Ukraine,Kharkiv,4:51:50
1691,Giulia,Gomes,F,23,Israel,Beer Sheva,3:31:57
1692,Olivia,Allen,F,40,Norway,Oslo,2:56:05
1693,Isabela,Smith,F,55,Norway,Trondheim,5:45:42
1694,Thomas,Williams,M,42,Portugal,Coimbra,5:31:11
1695,Lucas,Nguyen,M,70,Portugal,Porto,5:13:23
1696,Piotr,Martin,M,29,Denmark,Aarhus,2:07:55
1697,Daria,Martinez,F,24,Ukraine,Dnipro,3:26:21
1698,Olivia,Scott,F,37,Brazil,Fortaleza,3:11:31
1699,Ekaterina,Gonzalez,F,39,India,Mumbai,5:29:35
1700,George,Novak,M,36,South Korea,Busan,3:02:25
1701,Lucas,Williams,M,63,United Arab Emirates,Dubai,2:43:55
1702,Lorenzo,Rodriguez,M,59,Kenya,Nairobi,2:36:23
1703,Thomas,Gomes,M,50,South Korea,Daejeon,3:15:57
1704,Oleg,Melo,M,29,Denmark,Aarhus,4:51:19
1705,Elijah,Clark,M,27,Ukraine,Dnipro,3:57:16
1706,Amelia,Jones,F,32,Brazil,Fortaleza,5:15:29
1707,María,Clark,F,33,United Kingdom,Glasgow,5:24:54
1708,James,Petrov,M,63,Australia,Adelaide,5:46:22
1709,Mikhail,Thompson,M,58,Israel,Beer Sheva,2:23:24
1710,Ava,Davis,F,37,India,Chennai,5:46:30
1711,Emily,Wiśniewski,F,49,Ukraine,Lviv,5:01:57
1712,Jack,Robinson,M,27,Finland,Helsinki,2:09:43
1713,Lucas,Davis,M,68,United Kingdom,Birmingham,3:34:01
1714,Luis,Wilson,M,66,Ukraine,Kharkiv,4:14:13
1715,Magdalena,Kowalski,F,34,Portugal,Porto,5:00:03
1716,Giovanni,White,M,60,Portugal,Coimbra,3:35:25
1717,Alina,King,F,66,Spain,Bilbao,4:41:27
1718,Santiago,Torres,M,24,Russia,Moscow,5:12:08
1719,Evelyn,Brown,F,34,Poland,Wroclaw,4:39:53
1720,Maria,Ferrari,F,41,Germany,Frankfurt,2:17:12
1721,Pedro,Rodriguez,M,48,India,Hyderabad,5:01:07
1722,Noah,Wiśniewski,M,22,United Arab Emirates,Abu Dhabi,3:04:32
1723,Alexander,Novak,M,62,Ukraine,Kyiv,3:15:37
1724,Michael,White,M,69,Finland,Espoo,5:10:58
1725,Jack,Johnson,M,31,Austria,Vienna,4:15:28
1726,Mikhail,Robinson,M,43,Poland,Gdansk,2:25:55
1727,Daniel,Brown,M,65,Ukraine,Lviv,2:50:46
1728,Santiago,Robinson,M,54,Spain,Bilbao,2:51:25
1729,Sunita,Kaczmarek,F,60,France,Bordeaux,2:09:00
1730,Alexander,Jackson,M,37,Romania,Bucharest,3:35:37
1731,Katarzyna,Allen,F,46,United States,Los Angeles,4:45:23
1732,Lucas,Ferrari,M,51,United Kingdom,Manchester,3:16:26
1733,Laura,Sanchez,F,22,Austria,Linz,5:14:40
1734,Isabela,Sanchez,F,57,United States,Chicago,3:45:48
1735,Ivan,Petrov,M,18,Finland,Tampere,2:12:55
1736,Liam,Martin,M,35,Germany,Cologne,3:23:26
1737,Oliver,Davis,M,20,Argentina,Rosario,3:47:39
1738,Charlotte,Wilson,F,49,Turkey,Ankara,3:10:59
1739,Nikolai,Thomas,M,37,France,Marseille,5:45:04
1740,Oliver,Ivanov,M,30,Argentina,Cordoba,2:23:49
1741,Magdalena,Gonzalez,F,47,United Kingdom,Edinburgh,2:36:01
1742,Sunita,Ferrari,F,60,Austria,Graz,2:54:51
1743,Chiara,Miller,F,27,Argentina,La Plata,4:18:06
1744,Lucas,Walker,M,62,Japan,Nagoya,3:38:15
1745,Sophia,Jones,F,21,Ethiopia,Mekelle,2:41:32
1746,Nikolai,Bianchi,M,24,France,Lyon,3:24:12
1747,Nikolai,Hernandez,M,22,Germany,Cologne,2:14:19
1748,Daria,Sanchez,F,34,Sweden,Gothenburg,4:14:13
1749,Olga,Petrov,F,64,China,Beijing,4:12:52
1750,Olivia,Gomes,F,21,Spain,Barcelona,2:56:13
1751,Daria,Rossi,F,19,Russia,Kazan,4:04:32
1752,Arthur,Moore,M,47,Denmark,Copenhagen,5:35:32
1753,Nikolai,Taylor,M,69,Romania,Timisoara,2:59:12
1754,Kacper,Allen,M,35,Finland,Tampere,4:34:50
1755,Ava,Wright,F,59,Kenya,Nakuru,5:13:21
1756,Pedro,Petrov,M,49,Ukraine,Dnipro,3:42:12
1757,James,Costa,M,43,Denmark,Aarhus,4:22:25
1758,Marco,White,M,67,Sweden,Vasteras,2:46:03
1759,Ekaterina,Wilson,F,70,Mexico,Mexico City,3:23:30
1760,Daria,Garcia,F,66,Brazil,Sao Paulo,5:44:08
1761,John,Ivanov,M,47,Norway,Oslo,2:29:03
1762,Valentina,Wilson,F,18,South Africa,Port Elizabeth,4:54:04
1763,Carlos,Santos,M,57,Hungary,Debrecen,5:06:52
1764,Oliver,Clark,M,37,Hungary,Budapest,4:28:16
1765,Anna,Novak,F,36,Switzerland,Lausanne,4:38:39
1766,Isabela,Oliveira,F,60,Japan,Nagoya,5:06:06
1767,Chiara,Wiśniewski,F,41,Israel,Tel Aviv,5:00:46
1768,Elijah,Robinson,M,39,Canada,Montreal,4:12:19
1769,Mikhail,Brown,M,28,Denmark,Copenhagen,5:46:39
1770,Charlotte,Allen,F,61,Finland,Vantaa,4:09:57
1771,Olivia,Lewis,F,48,Hungary,Debrecen,4:09:27
1772,Isabella,Costa,F,51,Finland,Espoo,3:08:23
1773,Luis,Kuznetsov,M,36,Austria,Linz,3:27:21
1774,Isabella,Kowalski,F,60,Italy,Bologna,4:34:40
1775,James,Kowalczyk,M,21,Hungary,Szeged,5:08:40
1776,William,Kowalczyk,M,67,France,Lyon,4:33:25
1777,Charlotte,King,F,36,South Africa,Cape Town,4:22:35
1778,Marco,Perez,M,32,Italy,Bologna,4:44:56
1779,Megan,Robinson,F,38,United Arab Emirates,Abu Dhabi,3:11:11
1780,Olga,Oliveira,F,38,Denmark,Esbjerg,2:05:22
1781,Jack,White,M,32,Slovakia,Bratislava,5:58:22
1782,Megan,Gomes,F,53,Brazil,Sao Paulo,5:59:30
1783,Giovanni,Sanchez,M,33,Switzerland,Zurich,4:41:03
1784,Arthur,Popov,M,28,France,Nice,3:27:13
1785,Harry,Anderson,M,27,Canada,Ottawa,3:20:18
1786,Jan,Young,M,56,Spain,Barcelona,5:43:28
1787,Olivia,Kuznetsov,F,30,United Arab Emirates,Ras Al Khaimah,2:47:54
1788,Liam,Kowalczyk,M,37,Ethiopia,Dire Dawa,4:04:43
1789,Maya,Taylor,F,44,Denmark,Copenhagen,5:53:22
1790,Maria,Gomes,F,18,Turkey,Izmir,5:58:28
1791,Jack,Scott,M,33,India,Chennai,3:45:02
1792,Emma,Melo,F,41,United Arab Emirates,Abu Dhabi,4:19:51
1793,Marco,Gomes,M,33,Canada,Calgary,3:09:43
1794,Michael,Kowalski,M,48,Switzerland,Zurich,3:47:31
1795,Liam,Santos,M,39,South Africa,Port Elizabeth,5:11:47
1796,Jakub,Ferrari,M,38,Sweden,Gothenburg,5:35:45
1797,Oliver,Wright,M,18,Austria,Salzburg,4:07:04
1798,Sunita,Kowalczyk,F,42,Argentina,Cordoba,3:26:31
1799,Sophia,Martinez,F,54,Switzerland,Lausanne,4:02:09
1800,Carlos,Kowalski,M,35,India,Hyderabad,5:01:35
1801,Piotr,Jones,M,30,Brazil,Sao Paulo,3:11:40
1802,Lucas,Scott,M,35,Argentina,La Plata,5:37:21
1803,James,Popov,M,52,Australia,Perth,2:26:16
1804,Charlotte,Walker,F,63,United Arab Emirates,Sharjah,4:50:27
1805,Maya,Brown,F,54,Slovakia,Nitra,4:53:54
1806,Thomas,Petrov,M,57,Finland,Tampere,4:52:52
1807,Mateo,Ramirez,M,70,Portugal,Coimbra,2:30:32
1808,Alexander,Nowak,M,58,Russia,Saint Petersburg,2:28:42
1809,Isabella,Wiśniewski,F,42,Italy,Rome,5:47:09
1810,Charlotte,Petrov,F,34,South Africa,Port Elizabeth,5:19:18
1811,Alina,Miller,F,30,India,Bangalore,3:56:15
1812,Mikhail,King,M,47,Australia,Perth,5:00:20
1813,Thomas,Thompson,M,66,United States,San Francisco,2:20:09
1814,Katarzyna,Oliveira,F,22,Norway,Trondheim,5:26:25
1815,Hugo,Wright,M,36,Japan,Kyoto,2:20:53
1816,Olivia,Ferrari,F,19,Finland,Vantaa,4:52:31
1817,Abigail,Ramirez,F,28,France,Lyon,4:40:57
1818,Liam,Kaczmarek,M,21,Russia,Yekaterinburg,4:52:56
1819,Isabela,Melo,F,51,Kenya,Nakuru,2:34:50
1820,James,Garcia,M,53,Finland,Vantaa,4:56:51
1821,Maria,Davis,F,22,Slovakia,Nitra,2:10:26
1822,Amelia,Kowalczyk,F,42,Poland,Wroclaw,5:29:30
1823,Katarzyna,King,F,25,Romania,Cluj-Napoca,5:08:43
1824,Pedro,Lee,M,52,Canada,Vancouver,4:33:22
1825,Chiara,Popov,F,63,Argentina,Cordoba,2:41:17
1826,Ivan,Gomes,M,25,Canada,Ottawa,4:26:58
1827,Harry,Miller,M,40,Romania,Constanta,4:10:14
1828,Anna,Smith,F,37,Spain,Seville,3:53:59
1829,Isabella,Torres,F,32,Australia,Sydney,3:08:03
1830,Jan,Hernandez,M,27,Japan,Osaka,3:21:15
1831,George,Thompson,M,25,Turkey,Bursa,5:20:49
1832,David,Young,M,69,United Kingdom,Edinburgh,4:39:45
1833,Olivia,Nowak,F,59,Spain,Barcelona,5:58:52
1834,Henry,Hernandez,M,27,United Kingdom,Edinburgh,3:47:43
1835,Lorenzo,Moore,M,49,Austria,Vienna,2:40:37
1836,Daria,Rodriguez,F,43,Czech Republic,Brno,3:23:13
1837,Jakub,Lopez,M,62,Brazil,Salvador,3:32:52
1838,Alexander,Bianchi,M,43,Germany,Frankfurt,4:36:12
1839,Ekaterina,Clark,F,46,Norway,Stavanger,5:20:41
1840,Julia,Williams,F,70,Switzerland,Zurich,5:15:38
1841,Alexander,Smirnov,M,57,France,Nice,3:22:34
1842,Ekaterina,Miller,F,52,Japan,Kyoto,5:39:53
1843,Julia,Smith,F,19,Romania,Bucharest,4:27:55
1844,Isabela,White,F,55,Canada,Toronto,5:51:43
1845,Giulia,White,F,37,Australia,Sydney,3:09:40
1846,Jakub,Clark,M,38,Kenya,Kisumu,4:38:43
1847,Julia,Moore,F,58,Denmark,Aalborg,5:56:57
1848,Jan,Oliveira,M,37,Norway,Tromso,5:39:32
1849,Mateo,Thompson,M,47,Austria,Salzburg,4:58:16
1850,Sophia,Smirnov,F,37,Portugal,Coimbra,3:50:55
1851,Benjamin,Moore,M,26,Kenya,Nakuru,3:19:22
1852,Benjamin,Thompson,M,62,France,Nice,4:57:53
1853,Nikolai,Melo,M,60,China,Shenzhen,4:02:08
1854,Jakub,Romano,M,40,Slovakia,Zilina,3:48:39
1855,Arthur,Smith,M,55,Hungary,Szeged,5:37:05
1856,Ingrid,Gomes,F,54,United Arab Emirates,Abu Dhabi,3:09:12
1857,Pedro,Smith,M,58,United Arab Emirates,Ras Al Khaimah,2:43:06
1858,Isabela,Martin,F,36,Romania,Constanta,2:57:38
1859,Daria,Gonzalez,F,25,Norway,Trondheim,4:22:14
1860,Giulia,Sanchez,F,31,Norway,Trondheim,4:11:01
1861,Lucas,King,M,51,South Africa,Pretoria,5:41:45
1862,Carlos,Romano,M,55,United Kingdom,Birmingham,3:08:13
1863,Katarzyna,Novak,F,22,Turkey,Izmir,3:14:46
1864,Mikhail,Wilson,M,21,Italy,Turin,3:31:58
1865,Lucas,Brown,M,31,Czech Republic,Brno,4:05:36
1866,Maria,Torres,F,28,Romania,Cluj-Napoca,2:44:32
1867,Arthur,Robinson,M,45,Slovakia,Kosice,4:31:56
1868,George,Gomes,M,34,Sweden,Uppsala,2:58:24
1869,Thomas,Young,M,25,Czech Republic,Pilsen,2:31:17
1870,Giovanni,Gomes,M,35,Switzerland,Bern,3:10:58
1871,Henry,Miller,M,28,Kenya,Eldoret,4:30:20
1872,Isabela,Miller,F,41,United Kingdom,Edinburgh,3:01:08
1873,Evelyn,Kuznetsov,F,65,India,Mumbai,3:30:40
1874,Hannah,Nowak,F,38,Canada,Calgary,5:46:03
1875,María,Wright,F,55,South Korea,Daegu,2:53:33
1876,Thomas,Gonzalez,M,39,China,Beijing,5:50:23
1877,Alina,Brown,F,30,Poland,Gdansk,5:30:13
1878,Lucia,Wright,F,64,Israel,Jerusalem,2:23:34
1879,Isabella,Harris,F,40,Finland,Helsinki,4:24:43
1880,Katarzyna,Garcia,F,40,India,Mumbai,5:59:12
1881,Benjamin,Melo,M,25,India,Mumbai,5:04:02
1882,Maya,Brown,F,62,United Kingdom,Birmingham,4:00:42
1883,Kacper,Romano,M,64,South Korea,Incheon,5:20:14
1884,Hugo,Young,M,25,Sweden,Gothenburg,5:22:55
1885,Anna,Johnson,F,34,Ethiopia,Gondar,5:00:48
1886,Robert,Nguyen,M,39,South Korea,Seoul,5:32:22
1887,Olivia,Wilson,F,59,Norway,Trondheim,3:24:46
1888,Jan,Jackson,M,23,Sweden,Uppsala,3:01:07
1889,Megan,Romano,F,39,Denmark,Aalborg,2:40:24
1890,Sophia,Lopez,F,24,South Korea,Seoul,5:31:11
1891,Lucas,Petrov,M,51,Hungary,Miskolc,3:20:00
1892,Zuzanna,Smith,F,23,Ethiopia,Mekelle,5:05:25
1893,Robert,Thomas,M,68,Kenya,Eldoret,5:55:35
1894,Sophia,Rodriguez,F,28,Hungary,Budapest,2:30:41
1895,Mateo,Martin,M,65,India,Hyderabad,2:40:13
1896,Hugo,Murphy,M,60,Ukraine,Kyiv,4:27:17
1897,Elijah,Romano,M,36,Poland,Wroclaw,4:55:18
1898,Henry,Romano,M,56,Australia,Perth,4:36:12
1899,Giulia,Gonzalez,F,53,Austria,Salzburg,2:36:09
1900,Elijah,Santos,M,22,France,Paris,3:38:57
1901,Hannah,Brown,F,45,Netherlands,The Hague,5:11:46
1902,Arthur,Sanchez,M,70,Sweden,Malmo,5:29:03
1903,George,Novak,M,34,Turkey,Izmir,4:41:21
1904,Emma,Kowalski,F,42,United Arab Emirates,Dubai,3:19:17
1905,Kacper,Ramirez,M,49,Brazil,Rio de Janeiro,2:21:51
1906,Mateusz,Allen,M,23,Ethiopia,Gondar,3:00:32
1907,Sara,Ivanov,F,53,Slovakia,Bratislava,5:52:52
1908,Mateo,Kowalczyk,M,33,India,Mumbai,2:16:15
1909,Daria,Romano,F,48,Poland,Warsaw,2:41:47
1910,Liam,Gonzalez,M,40,Switzerland,Lausanne,3:11:27
1911,Isabella,King,F,28,Canada,Ottawa,2:55:00
1912,Sofia,Murphy,F,55,Portugal,Lisbon,5:09:37
1913,Katarzyna,Harris,F,27,Japan,Tokyo,4:26:47
1914,Giulia,Kowalczyk,F,62,Denmark,Aalborg,4:53:07
1915,Lucia,Clark,F,44,Israel,Jerusalem,5:48:46
1916,Emma,Gomes,F,37,Poland,Krakow,3:49:07
1917,Lorenzo,Moore,M,41,Brazil,Rio de Janeiro,4:11:38
1918,Chiara,Lopez,F,62,United States,Boston,4:39:10
1919,Luis,Wiśniewski,M,58,Norway,Oslo,3:04:14
1920,Giulia,Robinson,F,44,Norway,Trondheim,4:22:02
1921,Zuzanna,Miller,F,52,Czech Republic,Prague,3:48:09
1922,Yuki,Rossi,F,59,Romania,Iasi,4:24:32
1923,Ekaterina,Hernandez,F,70,South Africa,Port Elizabeth,5:06:09
1924,Sophia,Gonzalez,F,54,Hungary,Szeged,4:06:46
1925,Noah,Ivanov,M,38,Hungary,Szeged,5:32:01
1926,John,Kaczmarek,M,69,Israel,Nazareth,3:23:31
1927,Elijah,Costa,M,24,United States,San Francisco,2:49:36
1928,Emma,Lee,F,25,Slovakia,Nitra,4:46:30
1929,Nikolai,Martin,M,21,Finland,Helsinki,3:39:20
1930,Chiara,Garcia,F,44,United States,New York,5:46:22
1931,Evelyn,Harris,F,37,India,Bangalore,5:51:42
1932,Robert,Kowalczyk,M,32,Hungary,Budapest,2:14:02
1933,Luis,Thompson,M,23,Portugal,Faro,5:04:00
1934,Henry,Murphy,M,18,South Africa,Durban,3:46:49
1935,Oliver,Kowalczyk,M,57,Sweden,Stockholm,5:23:15
1936,Daniel,King,M,23,China,Shenzhen,5:48:55
1937,Daniel,Harris,M,21,Romania,Iasi,3:17:54
1938,Anna,Allen,F,18,South Korea,Incheon,4:32:18
1939,Piotr,Lee,M,58,United Kingdom,Glasgow,5:45:43
1940,Oleg,Thomas,M,70,Italy,Naples,3:27:41
1941,Anna,Lopez,F,45,Spain,Seville,2:16:55
1942,Harry,Hernandez,M,38,Turkey,Izmir,2:15:40
1943,Sara,Robinson,F,45,United States,Chicago,2:37:43
1944,Camila,Murphy,F,52,Kenya,Kisumu,5:48:15
1945,Alexander,Rossi,M,24,Mexico,Puebla,4:46:43
1946,Megan,Moore,F,22,Romania,Constanta,2:59:48
1947,Giovanni,Thomas,M,50,Turkey,Antalya,4:49:00
1948,Lucia,Jackson,F,65,United Arab Emirates,Ajman,3:19:54
1949,Hannah,Anderson,F,54,China,Chengdu,4:24:03
1950,Evelyn,Smirnov,F,56,Slovakia,Bratislava,2:19:18
1951,Mateusz,Gonzalez,M,38,United Kingdom,Birmingham,3:44:10
1952,Olivia,Ivanov,F,39,Spain,Seville,4:42:45
1953,Giovanni,Nguyen,M,23,Ukraine,Kharkiv,3:58:15
1954,Charlotte,Melo,F,46,India,Delhi,3:18:40
1955,Marco,Novak,M,28,Israel,Beer Sheva,2:53:11
1956,Olivia,Perez,F,18,Finland,Oulu,3:02:04
1957,Elijah,Moore,M,43,United States,Boston,3:07:47
1958,Santiago,Nguyen,M,39,Czech Republic,Brno,5:08:50
1959,Alexander,Anderson,M,43,Slovakia,Nitra,4:38:27
1960,Mateo,Rodriguez,M,68,Norway,Oslo,2:43:27
1961,Nikolai,Johnson,M,38,South Africa,Johannesburg,2:27:55
1962,Valentina,Costa,F,70,Poland,Krakow,4:31:10
1963,Lorenzo,Torres,M,54,Norway,Trondheim,4:20:14
1964,Marco,Thomas,M,47,Netherlands,Rotterdam,3:10:41
1965,Hannah,Brown,F,67,Mexico,Puebla,2:27:52
1966,Liam,Thompson,M,53,Switzerland,Bern,2:31:24
1967,Isabela,Allen,F,47,Japan,Osaka,5:34:13
1968,Liam,Silva,M,42,India,Mumbai,5:19:20
1969,Santiago,Gonzalez,M,61,Romania,Cluj-Napoca,5:01:00
1970,David,Nguyen,M,31,Argentina,Mendoza,4:16:14
1971,Giulia,Williams,F,47,Ukraine,Kyiv,2:16:53
1972,Lucas,Kaczmarek,M,51,Slovakia,Bratislava,5:13:46
1973,Zuzanna,Nowak,F,24,Czech Republic,Ostrava,3:52:08
1974,Jakub,Sanchez,M,23,Netherlands,Rotterdam,3:27:49
1975,Isabela,Silva,F,64,Mexico,Monterrey,2:42:05
1976,Arthur,White,M,27,China,Chengdu,2:58:35
1977,Ekaterina,Johnson,F,25,Singapore,Singapore,2:20:02
1978,Sunita,Jackson,F,49,Sweden,Vasteras,4:43:44
1979,Emma,Kowalczyk,F,55,Slovakia,Bratislava,4:34:40
1980,Katarzyna,Harris,F,66,Denmark,Odense,4:08:41
1981,Ava,Miller,F,42,China,Shenzhen,4:20:19
1982,Ava,Anderson,F,68,United Arab Emirates,Ras Al Khaimah,2:42:29
1983,Oliver,Thomas,M,43,Mexico,Monterrey,4:52:10
1984,Olga,Allen,F,41,Netherlands,Amsterdam,3:03:26
1985,Ingrid,Kowalski,F,24,Sweden,Stockholm,3:06:25
1986,Hugo,Robinson,M,33,Israel,Nazareth,3:08:45
1987,Isabella,Harris,F,70,Switzerland,Basel,3:56:37
1988,John,Robinson,M,47,Italy,Milan,4:28:39
1989,Sunita,Allen,F,67,Ukraine,Kharkiv,4:25:47
1990,Piotr,Rodriguez,M,29,Romania,Iasi,5:08:03
1991,Magdalena,Ferrari,F,47,Slovakia,Presov,4:24:44
1992,Mateusz,Williams,M,44,Brazil,Salvador,4:47:57
1993,Julia,Davis,F,37,Czech Republic,Brno,5:13:59
1994,Ekaterina,Sanchez,F,46,Ukraine,Kharkiv,4:37:10
1995,Emma,Kowalczyk,F,22,France,Paris,5:51:31
1996,Mateusz,Martinez,M,19,Norway,Bergen,4:58:02
1997,Zuzanna,Torres,F,69,South Korea,Daegu,5:38:11
1998,Isabela,Nguyen,F,42,China,Shenzhen,4:07:36
1999,Yuki,Young,F,35,Brazil,Salvador,3:04:38
2000,Carlos,Lewis,M,56,Singapore,Singapore,3:48:50
2001,Sofia,Wiśniewski,F,62,Hungary,Miskolc,5:01:36
2002,Jack,Martinez,M,36,Sweden,Malmo,3:06:14
2003,Daria,Lewis,F,39,Japan,Osaka,4:41:59
2004,Lorenzo,Novak,M,40,South Africa,Johannesburg,5:00:53
2005,Arthur,Wiśniewski,M,26,France,Paris,3:19:31
2006,Jan,Oliveira,M,34,Germany,Cologne,2:52:19
2007,Chiara,Robinson,F,25,Switzerland,Basel,5:17:37
2008,Mia,Young,F,43,United Kingdom,Manchester,3:58:32
2009,Julia,Wright,F,65,Slovakia,Zilina,2:09:22
2010,Giulia,Nguyen,F,21,Turkey,Ankara,5:50:50
2011,María,Wright,F,45,Italy,Bologna,4:15:54
2012,Oliver,Gonzalez,M,69,Hungary,Miskolc,4:30:08
2013,Isabela,Kuznetsov,F,22,Singapore,Singapore,2:30:34
2014,Lorenzo,Wiśniewski,M,53,South Africa,Durban,4:23:06
2015,Olivia,Hernandez,F,36,Germany,Frankfurt,5:29:46
2016,Isabella,Nowak,F,47,Ethiopia,Addis Ababa,5:40:30
2017,Olga,Smirnov,F,59,United Kingdom,Edinburgh,2:46:35
2018,Thomas,Lopez,M,62,Sweden,Vasteras,4:31:03
2019,William,Taylor,M,44,Romania,Constanta,5:10:27
2020,Hugo,Clark,M,54,United States,Los Angeles,2:06:52
2021,Evelyn,Rodriguez,F,24,Germany,Cologne,2:41:00
2022,Sunita,Ramirez,F,50,Kenya,Mombasa,5:02:05
2023,Megan,Ivanov,F,64,Czech Republic,Brno,3:18:46
2024,Elijah,Silva,M,61,Spain,Valencia,5:01:53
2025,Lucas,Jackson,M,21,United Arab Emirates,Ras Al Khaimah,4:39:36
2026,Henry,Silva,M,61,Kenya,Nakuru,3:19:29
2027,Lorenzo,Silva,M,28,Canada,Vancouver,3:39:09
2028,Daniel,King,M,45,Italy,Milan,4:50:20
2029,Lucas,Santos,M,46,Sweden,Vasteras,5:22:14
2030,Anna,Kaczmarek,F,39,Singapore,Singapore,4:39:57
2031,Kacper,Harris,M,30,France,Nice,5:42:04
2032,Julia,Kuznetsov,F,32,United Arab Emirates,Ras Al Khaimah,3:02:44
2033,Alexander,Silva,M,44,Romania,Constanta,5:39:33
2034,Charlotte,Silva,F,36,Slovakia,Zilina,3:23:11
2035,Mateusz,Harris,M,20,Ukraine,Kharkiv,2:41:11
2036,Hugo,Smith,M,38,Austria,Salzburg,2:20:28
2037,Jan,Lewis,M,69,United Kingdom,Manchester,3:19:52
2038,Yuki,Jackson,F,33,Argentina,La Plata,3:09:03
2039,Abigail,Thomas,F,50,South Korea,Seoul,4:13:40
2040,Kacper,Miller,M,27,Kenya,Nairobi,5:45:30
2041,Isabella,Kowalczyk,F,57,United States,Chicago,5:17:54
2042,Henry,Kaczmarek,M,66,France,Paris,2:29:22
2043,Emma,Torres,F,59,Hungary,Miskolc,2:05:48
2044,Olivia,Clark,F,34,Turkey,Antalya,5:21:31
2045,Giovanni,Melo,M,66,Ethiopia,Addis Ababa,2:27:56
2046,John,Kuznetsov,M,69,Netherlands,Eindhoven,5:15:44
2047,Yuki,Martin,F,63,Ukraine,Lviv,5:20:53
2048,Mateusz,Novak,M,59,Poland,Warsaw,5:53:50
2049,Mateusz,Rodriguez,M,54,Czech Republic,Ostrava,5:55:50
2050,Abigail,Romano,F,41,Mexico,Mexico City,3:06:59
2051,Julia,Sanchez,F,48,Russia,Saint Petersburg,4:25:27
2052,Emily,Kuznetsov,F,67,Portugal,Lisbon,2:21:13
2053,Alexander,Lewis,M,39,United States,New York,4:16:15
2054,Anna,Miller,F,49,Slovakia,Zilina,2:55:01
2055,Lucas,Lewis,M,31,Ethiopia,Bahir Dar,4:23:38
2056,Olivia,Melo,F,29,India,Hyderabad,4:01:14
2057,Ekaterina,Ramirez,F,54,Ethiopia,Bahir Dar,5:24:19
2058,Jan,Torres,M,48,Ukraine,Kyiv,4:22:56
2059,Giovanni,Robinson,M,67,Austria,Salzburg,4:59:04
2060,Mikhail,Johnson,M,68,Singapore,Singapore,5:47:40
2061,Olivia,Brown,F,19,Argentina,La Plata,4:09:37
2062,William,Martin,M,43,Canada,Montreal,3:13:24
2063,Olivia,Thompson,F,34,Czech Republic,Prague,5:04:13
2064,Thomas,Perez,M,49,Italy,Naples,4:49:27
2065,Yuki,Lee,F,25,Czech Republic,Ostrava,4:06:14
2066,Benjamin,Gonzalez,M,59,Ukraine,Kyiv,3:09:18
2067,Sunita,Johnson,F,35,Finland,Oulu,3:12:29
2068,Maya,Young,F,68,Turkey,Bursa,4:45:31
2069,Olivia,Johnson,F,39,United Arab Emirates,Sharjah,2:51:12
2070,Evelyn,Smith,F,57,Israel,Nazareth,3:14:33
2071,John,Robinson,M,38,Singapore,Singapore,2:07:01
2072,William,Silva,M,35,Kenya,Nakuru,2:49:57
2073,Daniel,Novak,M,44,Czech Republic,Brno,5:21:07
2074,Maya,Jackson,F,34,Poland,Krakow,3:37:45
2075,Jack,Jackson,M,38,Italy,Bologna,2:11:18
2076,Lucas,Kowalczyk,M,27,Israel,Haifa,2:52:02
2077,Jack,Williams,M,31,Italy,Turin,5:52:48
2078,Emily,Davis,F,62,Germany,Hamburg,2:07:41
2079,Harry,Perez,M,55,France,Nice,5:24:55
2080,Luis,Moore,M,47,Slovakia,Nitra,3:36:42
2081,Evelyn,Nowak,F,19,Romania,Constanta,3:11:30
2082,Liam,Miller,M,22,Switzerland,Lausanne,2:51:50
2083,Jan,Ferrari,M,18,South Korea,Daejeon,5:05:15
2084,Piotr,Nguyen,M,65,Canada,Calgary,4:07:58
2085,James,Perez,M,27,Netherlands,The Hague,4:17:50
2086,Olivia,White,F,60,Denmark,Copenhagen,3:16:43
2087,Luis,Ivanov,M,62,France,Bordeaux,2:54:59
2088,Harry,Davis,M,61,Australia,Adelaide,2:46:48
2089,Laura,Kuznetsov,F,70,Denmark,Odense,5:31:54
2090,Ivan,Miller,M,34,Netherlands,The Hague,3:55:00
2091,Alexander,Rodriguez,M,52,Mexico,Cancun,3:52:41
2092,Amelia,Robinson,F,58,Italy,Milan,3:53:23
2093,Piotr,Gomes,M,37,Canada,Ottawa,4:57:40
2094,Katarzyna,Jones,F,43,Netherlands,The Hague,5:12:32
2095,Katarzyna,Wiśniewski,F,39,Ethiopia,Bahir Dar,3:52:42
2096,Lorenzo,Nguyen,M,56,South Africa,Pretoria,3:50:11
2097,Sofia,Ramirez,F,18,United States,Los Angeles,3:55:57
2098,Santiago,Kowalski,M,53,Netherlands,The Hague,5:31:05
2099,María,Lee,F,49,Canada,Toronto,3:27:30
2100,Sofia,Popov,F,63,Poland,Wroclaw,4:13:11
2101,Jack,Petrov,M,22,Canada,Toronto,3:18:08
2102,Evelyn,Romano,F,32,Ethiopia,Mekelle,2:48:57
2103,Laura,Popov,F,31,France,Nice,4:19:32
2104,Anna,Garcia,F,34,Canada,Vancouver,3:13:31
2105,Camila,Lee,F,43,Israel,Beer Sheva,4:36:44
2106,Michael,Bianchi,M,33,Spain,Bilbao,4:24:33
2107,Robert,Williams,M,57,Turkey,Ankara,5:17:12
2108,Sara,Thompson,F,28,Canada,Vancouver,5:42:28
2109,Mikhail,Jones,M,61,South Africa,Cape Town,2:06:04
2110,Arthur,Rodriguez,M,69,Israel,Jerusalem,3:12:00
2111,Ekaterina,Allen,F,70,Italy,Rome,3:48:44
2112,Mia,Hernandez,F,39,Kenya,Eldoret,3:24:23
2113,Isabella,Martinez,F,26,Ethiopia,Mekelle,4:12:15
2114,Daniel,Clark,M,61,Romania,Iasi,5:01:16
2115,Chiara,Walker,F,48,Sweden,Stockholm,3:10:48
2116,Lucia,Sanchez,F,33,India,Mumbai,3:26:40
2117,Anna,Torres,F,60,Poland,Wroclaw,5:42:52
2118,Nikolai,Smirnov,M,49,Portugal,Lisbon,5:54:02
2119,Hannah,Lewis,F,46,India,Chennai,3:47:37
2120,Abigail,Jackson,F,65,Slovakia,Nitra,2:26:14
2121,Emma,Rossi,F,62,Argentina,Cordoba,5:51:41
2122,Laura,Martin,F,55,France,Lyon,5:51:30
2123,Kacper,Gonzalez,M,22,Sweden,Uppsala,2:16:34
2124,Lorenzo,Smith,M,41,Spain,Madrid,2:55:07
2125,Lucas,Perez,M,56,Japan,Tokyo,3:45:09
2126,John,Davis,M,66,Denmark,Aalborg,4:08:48
2127,Kacper,Thomas,M,23,Finland,Helsinki,5:44:01
2128,Katarzyna,Miller,F,45,Spain,Valencia,2:59:13
2129,Oleg,Kuznetsov,M,32,France,Bordeaux,2:24:36
2130,Santiago,Thomas,M,24,Sweden,Uppsala,2:07:30
2131,Nikolai,Lopez,M,32,United States,Boston,4:19:40
2132,Noah,Brown,M,34,Netherlands,Amsterdam,3:36:59
2133,John,Murphy,M,55,India,Chennai,3:04:40
2134,Benjamin,Kowalczyk,M,32,China,Guangzhou,2:51:47
2135,Isabela,Ferrari,F,50,Slovakia,Zilina,3:51:56
2136,Olivia,Costa,F,48,France,Bordeaux,3:35:33
2137,Ivan,Sanchez,M,61,Spain,Seville,2:37:31
2138,Piotr,Romano,M,58,Poland,Warsaw,4:53:33
2139,Noah,Lopez,M,62,Hungary,Pecs,2:36:43
2140,Chiara,Melo,F,31,Poland,Warsaw,4:20:57
2141,Evelyn,Garcia,F,70,Israel,Beer Sheva,3:18:00
2142,Valentina,Wiśniewski,F,66,Czech Republic,Olomouc,5:06:53
2143,Oliver,Kaczmarek,M,42,Canada,Ottawa,4:44:07
2144,Robert,Martin,M,49,Norway,Oslo,3:11:41
2145,Oliver,Allen,M,23,Turkey,Izmir,4:20:23
2146,Carlos,Rossi,M,23,Austria,Salzburg,3:30:56
2147,Ekaterina,Popov,F,65,United Arab Emirates,Abu Dhabi,3:23:42
2148,Alexander,Martinez,M,61,Romania,Constanta,2:30:42
2149,Isabela,Martinez,F,24,Kenya,Mombasa,4:04:13
2150,Giovanni,Martin,M,24,Hungary,Debrecen,4:12:31
2151,Alexander,Murphy,M,27,Brazil,Rio de Janeiro,5:25:29
2152,Alina,Smith,F,31,Brazil,Sao Paulo,5:25:32
2153,Arthur,Lopez,M,53,United Kingdom,London,3:57:58
2154,Thomas,Santos,M,64,Poland,Gdansk,3:27:15
2155,Marco,Walker,M,36,Czech Republic,Pilsen,5:06:04
2156,Sunita,Ferrari,F,62,Italy,Naples,2:53:09
2157,Piotr,Sanchez,M,63,Finland,Helsinki,5:20:57
2158,Arthur,Johnson,M,22,Argentina,Buenos Aires,3:44:37
2159,Abigail,Hernandez,F,68,Romania,Iasi,5:16:23
2160,Lucas,Oliveira,M,32,Italy,Bologna,5:08:37
2161,Ava,Walker,F,33,Australia,Brisbane,3:43:33
2162,Oleg,Gomes,M,23,Slovakia,Presov,5:44:08
2163,Camila,Wilson,F,38,Netherlands,Utrecht,2:41:25
2164,Mia,Sanchez,F,24,Sweden,Stockholm,4:06:59
2165,Giulia,Kowalczyk,F,32,United Arab Emirates,Ras Al Khaimah,4:18:39
2166,Julia,Taylor,F,41,France,Bordeaux,3:04:00
2167,Abigail,Nguyen,F,28,Italy,Naples,3:44:08
2168,Oliver,Ivanov,M,27,Norway,Bergen,5:35:58
2169,Sofia,Bianchi,F,46,South Korea,Busan,2:57:43
2170,María,Hernandez,F,61,Slovakia,Zilina,5:47:40
2171,Amelia,Williams,F,56,Italy,Naples,5:56:39
2172,David,Hernandez,M,34,Spain,Barcelona,4:42:52
2173,Jan,Martinez,M,62,Romania,Timisoara,3:56:19
2174,Liam,Costa,M,27,United States,Chicago,5:00:58
2175,Pedro,Silva,M,38,Romania,Cluj-Napoca,4:48:48
2176,Alina,Young,F,54,Singapore,Singapore,2:09:44
2177,Hugo,Lopez,M,18,Germany,Munich,2:55:28
2178,Sara,Walker,F,49,Kenya,Nairobi,4:21:35
2179,Luis,Smith,M,46,South Korea,Daegu,5:05:07
2180,Mateusz,Kowalczyk,M,65,Argentina,La Plata,2:50:20
2181,Jakub,Ramirez,M,40,Australia,Perth,2:21:05
2182,Charlotte,Davis,F,20,United States,San Francisco,4:33:20
2183,Thomas,Kuznetsov,M,33,Finland,Espoo,3:36:27
2184,Jan,Robinson,M,58,South Africa,Pretoria,4:48:34
2185,Abigail,Martin,F,44,Switzerland,Zurich,5:22:50
2186,Daria,Harris,F,41,Singapore,Singapore,4:51:33
2187,Alina,Kowalczyk,F,40,Brazil,Salvador,5:44:00
2188,Lucas,Petrov,M,60,United States,San Francisco,5:15:30
2189,Robert,Ferrari,M,32,Portugal,Lisbon,4:59:43
2190,Daniel,Rodriguez,M,34,Mexico,Guadalajara,2:23:05
2191,Jan,Ramirez,M,68,Kenya,Eldoret,5:00:34
2192,Hannah,Melo,F,43,Australia,Brisbane,3:54:19
2193,Zuzanna,Gomes,F,70,France,Paris,5:22:13
2194,Yuki,Smith,F,45,United Arab Emirates,Sharjah,4:41:21
2195,Santiago,Wilson,M,54,Switzerland,Lausanne,2:11:01
2196,Megan,Oliveira,F,63,India,Mumbai,5:01:57
2197,Isabella,Kowalski,F,64,China,Beijing,3:58:09
2198,Oleg,Walker,M,22,Hungary,Miskolc,5:46:28
2199,Anna,Martin,F,65,South Korea,Busan,3:41:39
2200,Mateusz,Ramirez,M,44,Poland,Warsaw,3:47:00
2201,Giulia,Hernandez,F,67,United States,San Francisco,5:31:45
2202,Emily,Lee,F,56,Russia,Kazan,4:42:45
2203,Charlotte,Smirnov,F,66,Ukraine,Kyiv,3:01:03
2204,Julia,Walker,F,70,Ukraine,Lviv,5:10:40
2205,Mia,Nguyen,F,62,Ethiopia,Dire Dawa,5:39:41
2206,David,Smith,M,40,Israel,Nazareth,4:21:45
2207,Sunita,Clark,F,28,Mexico,Monterrey,4:56:30
2208,Pedro,Torres,M,44,Poland,Krakow,4:58:51
2209,Daniel,Harris,M,41,South Africa,Johannesburg,2:23:04
2210,Giulia,Rodriguez,F,68,Germany,Munich,3:14:17
2211,Ekaterina,Allen,F,19,Japan,Sapporo,4:40:37
2212,Laura,Thompson,F,67,Mexico,Mexico City,3:39:53
2213,Daria,White,F,48,Mexico,Mexico City,2:52:00
2214,Laura,Kowalski,F,50,United Arab Emirates,Ras Al Khaimah,5:57:55
2215,Carlos,Gomes,M,31,Mexico,Mexico City,2:05:47
2216,Valentina,Thompson,F,58,United States,Los Angeles,5:42:32
2217,Mateusz,Williams,M,41,Mexico,Guadalajara,3:07:42
2218,James,Lopez,M,59,South Africa,Pretoria,2:38:10
2219,Michael,Lewis,M,25,Spain,Seville,5:05:09
2220,David,Lopez,M,67,Hungary,Budapest,5:24:18
2221,Jan,Miller,M,67,Romania,Iasi,3:18:02
2222,Liam,Kowalczyk,M,20,Israel,Tel Aviv,2:13:00
2223,Santiago,Anderson,M,51,Brazil,Fortaleza,5:32:59
2224,Benjamin,Kowalski,M,48,Japan,Sapporo,5:51:33
2225,Emily,Davis,F,65,Australia,Brisbane,2:07:22
2226,Ava,Martin,F,65,Hungary,Pecs,3:39:48
2227,Elijah,Robinson,M,58,Kenya,Nakuru,3:56:09
2228,Daniel,Nguyen,M,27,Netherlands,Eindhoven,3:19:54
2229,Isabella,Torres,F,52,Hungary,Pecs,2:41:11
2230,Alina,Kowalski,F,36,Italy,Bologna,5:10:53
2231,Jakub,Gonzalez,M,35,South Korea,Daejeon,5:28:33
2232,Mateo,Kaczmarek,M,23,Canada,Ottawa,5:44:58
2233,Sunita,Ramirez,F,46,South Korea,Incheon,3:08:44
2234,Abigail,Lopez,F,63,Germany,Hamburg,5:03:52
2235,Alexander,Moore,M,32,Slovakia,Zilina,5:54:50
2236,Yuki,Moore,F,54,Finland,Helsinki,3:57:30
2237,Oleg,Santos,M,26,Israel,Beer Sheva,5:05:15
2238,Maya,Kowalczyk,F,70,Mexico,Monterrey,2:24:18
2239,Harry,Costa,M,59,France,Lyon,3:51:39
2240,Magdalena,Moore,F,41,Finland,Helsinki,2:17:29
2241,Sofia,Allen,F,66,Switzerland,Lausanne,5:36:19
2242,Chiara,Lopez,F,25,Russia,Kazan,2:27:36
2243,Anna,King,F,33,Hungary,Szeged,2:25:04
2244,Megan,Petrov,F,30,Mexico,Puebla,2:39:24
2245,Camila,Wright,F,44,Germany,Frankfurt,4:01:04
2246,Henry,Smirnov,M,36,Japan,Osaka,5:34:03
2247,Sara,Johnson,F,52,Czech Republic,Olomouc,3:56:54
2248,Sofia,Bianchi,F,32,Czech Republic,Brno,2:20:07
2249,Anna,Popov,F,47,Turkey,Antalya,5:45:02
2250,Ekaterina,Oliveira,F,19,United Kingdom,Birmingham,3:48:10
2251,Olivia,Smith,F,56,Israel,Nazareth,5:47:14
2252,Henry,Kowalski,M,35,Italy,Rome,3:13:10
2253,Abigail,Anderson,F,27,Sweden,Uppsala,2:07:12
2254,Daria,Harris,F,69,Turkey,Istanbul,3:29:44
2255,Robert,Allen,M,59,United Kingdom,Birmingham,3:34:04
2256,Charlotte,Bianchi,F,35,Brazil,Sao Paulo,3:57:14
2257,Marco,Ivanov,M,22,Mexico,Guadalajara,2:46:57
2258,Isabella,Moore,F,59,Switzerland,Basel,3:57:59
2259,Kacper,Kowalski,M,21,Poland,Gdansk,4:19:01
2260,Alina,Allen,F,66,Poland,Warsaw,4:19:35
2261,Camila,Lopez,F,39,China,Guangzhou,3:53:59
2262,Mateo,Clark,M,22,South Africa,Cape Town,4:19:53
2263,Thomas,Brown,M,54,Norway,Trondheim,3:42:23
2264,Alina,Jones,F,59,Romania,Cluj-Napoca,3:22:27
2265,Mia,Thompson,F,18,Mexico,Mexico City,4:54:25
2266,Sara,Popov,F,20,South Korea,Busan,5:07:27
2267,Sophia,Brown,F,44,Portugal,Faro,3:05:47
2268,Olivia,Taylor,F,60,Singapore,Singapore,4:28:19
2269,William,Popov,M,69,Finland,Vantaa,5:32:57
2270,James,Smith,M,41,Romania,Constanta,3:25:09
2271,Maya,White,F,22,Denmark,Copenhagen,3:09:45
2272,Katarzyna,Smirnov,F,41,Turkey,Istanbul,2:56:05
2273,Elijah,Rodriguez,M,51,South Africa,Cape Town,5:07:09
2274,John,Johnson,M,27,India,Delhi,4:45:59
2275,Daria,Murphy,F,29,Turkey,Antalya,5:55:08
2276,Ekaterina,White,F,37,Romania,Constanta,3:41:54
2277,Marco,Miller,M,20,Argentina,Buenos Aires,5:48:03
2278,Charlotte,Rodriguez,F,61,Austria,Linz,4:15:28
2279,Nikolai,Kuznetsov,M,42,Finland,Oulu,4:02:43
2280,Mikhail,Torres,M,65,Australia,Brisbane,3:36:13
2281,Ava,Scott,F,60,Czech Republic,Prague,3:19:59
2282,Maria,Kowalski,F,19,South Korea,Busan,2:25:51
2283,Emily,Moore,F,60,Argentina,Cordoba,5:19:41
2284,Benjamin,Popov,M,27,Ukraine,Lviv,2:49:57
2285,Daniel,Brown,M,69,Czech Republic,Pilsen,5:43:40
2286,Chiara,Murphy,F,44,Czech Republic,Pilsen,4:51:24
2287,Isabella,Brown,F,70,Denmark,Aalborg,5:23:05
2288,Amelia,Clark,F,27,Finland,Oulu,4:59:11
2289,Hugo,Martin,M,24,Norway,Stavanger,3:05:06
2290,Harry,Walker,M,68,Kenya,Mombasa,4:41:32
2291,Isabela,Bianchi,F,54,United Kingdom,Glasgow,5:11:20
2292,Charlotte,Lopez,F,28,Israel,Jerusalem,2:45:36
2293,Isabela,Miller,F,21,Israel,Nazareth,3:50:20
2294,David,Allen,M,22,Turkey,Bursa,3:04:55
2295,Sophia,Silva,F,44,Denmark,Odense,5:37:31
2296,Carlos,Garcia,M,26,Russia,Saint Petersburg,5:02:21
2297,Yuki,Allen,F,37,South Korea,Incheon,5:01:19
2298,Jakub,Brown,M,52,United States,Boston,3:33:26
2299,William,Thomas,M,26,Hungary,Szeged,2:48:35
2300,Sunita,Petrov,F,55,Denmark,Aalborg,4:24:35
2301,Anna,Torres,F,63,United Kingdom,Glasgow,2:30:14
2302,Isabella,Smirnov,F,62,Australia,Melbourne,3:01:28
2303,Piotr,Lopez,M,60,Turkey,Bursa,5:33:43
2304,Ivan,Kowalski,M,69,Sweden,Malmo,4:39:23
2305,Emily,Taylor,F,49,India,Bangalore,4:56:33
2306,Jan,Wright,M,30,Italy,Naples,4:55:36
2307,Alina,Romano,F,25,Spain,Barcelona,4:46:30
2308,Amelia,Taylor,F,42,Ukraine,Kyiv,3:15:11
2309,Sunita,Wright,F,61,Israel,Jerusalem,5:00:40
2310,Yuki,Clark,F,22,Ethiopia,Addis Ababa,2:06:03
2311,Santiago,Anderson,M,57,Slovakia,Kosice,4:12:52
2312,Henry,Melo,M,57,Brazil,Brasilia,3:08:01
2313,Alexander,Wilson,M,66,Denmark,Aarhus,3:02:14
2314,Lucas,Murphy,M,66,Switzerland,Basel,4:22:44
2315,Santiago,Melo,M,20,France,Bordeaux,5:41:15
2316,Abigail,Santos,F,18,Mexico,Cancun,3:39:32
2317,Ingrid,Wilson,F,36,United Arab Emirates,Sharjah,4:20:13
2318,Hugo,Popov,M,40,Turkey,Antalya,5:09:13
2319,Daria,Martinez,F,38,Portugal,Braga,3:41:48
2320,Zuzanna,Bianchi,F,27,Turkey,Ankara,5:12:39
2321,Liam,Robinson,M,26,Canada,Montreal,5:08:00
2322,Lucas,Walker,M,33,Russia,Novosibirsk,2:43:26
2323,Mateusz,Romano,M,22,Denmark,Odense,2:25:02
2324,Ekaterina,Lopez,F,55,Czech Republic,Brno,5:02:44
2325,Santiago,Allen,M,29,Australia,Sydney,2:41:43
2326,Oliver,Wright,M,42,Singapore,Singapore,4:05:35
2327,María,Santos,F,64,Portugal,Faro,3:32:42
2328,Elijah,Young,M,55,Italy,Turin,5:54:35
2329,Benjamin,Oliveira,M,34,United Arab Emirates,Dubai,4:26:17
2330,Sophia,Smirnov,F,23,Romania,Cluj-Napoca,4:58:18
2331,Carlos,Allen,M,52,Netherlands,Amsterdam,2:28:35
2332,Emily,Murphy,F,40,Ethiopia,Dire Dawa,3:12:38
2333,Sophia,White,F,39,United States,San Francisco,3:08:58
2334,Harry,Wright,M,41,Switzerland,Geneva,4:22:36
2335,Lucas,Gomes,M,67,Argentina,Buenos Aires,3:43:55
2336,Julia,Hernandez,F,51,Germany,Frankfurt,2:52:30
2337,Liam,Sanchez,M,33,United States,New York,3:55:28
2338,Oliver,Garcia,M,23,China,Beijing,5:44:29
2339,Katarzyna,Williams,F,46,Finland,Vantaa,5:36:34
2340,Luis,Gomes,M,47,Brazil,Fortaleza,3:08:28
2341,Mia,Wiśniewski,F,20,Japan,Osaka,3:40:32
2342,Sunita,Robinson,F,67,Portugal,Lisbon,5:27:00
2343,Abigail,Clark,F,42,United Arab Emirates,Ajman,3:21:51
2344,Megan,Lee,F,28,Kenya,Nairobi,2:57:05
2345,Sophia,Rodriguez,F,53,Ethiopia,Addis Ababa,4:15:44
2346,Anna,Harris,F,61,China,Shenzhen,5:06:35
2347,Michael,Walker,M,59,United States,Chicago,5:18:38
2348,Hugo,Lewis,M,56,United Arab Emirates,Abu Dhabi,5:31:24
2349,William,Popov,M,60,Israel,Haifa,5:27:55
2350,Alina,Nowak,F,54,Norway,Stavanger,4:29:41
2351,Michael,Clark,M,37,Ukraine,Kharkiv,3:04:08
2352,Arthur,Rossi,M,53,Denmark,Aalborg,5:25:37
2353,Pedro,Taylor,M,58,India,Hyderabad,4:23:18
2354,Olivia,Nowak,F,40,Finland,Espoo,4:12:24
2355,Nikolai,Thomas,M,37,Switzerland,Bern,2:57:27
2356,John,Sanchez,M,51,Israel,Jerusalem,5:36:02
2357,Mateusz,Kuznetsov,M,44,Netherlands,Rotterdam,2:57:12
2358,Luis,Ivanov,M,70,Slovakia,Bratislava,3:16:42
2359,Noah,Thompson,M,70,Canada,Montreal,5:21:27
2360,Charlotte,Wiśniewski,F,25,Denmark,Odense,3:35:00
2361,Anna,Martin,F,25,Singapore,Singapore,3:15:18
2362,Elijah,Scott,M,58,China,Shanghai,5:02:00
2363,George,Lee,M,34,Turkey,Bursa,3:20:30
2364,Sunita,Wright,F,67,Japan,Sapporo,4:54:06
2365,Isabela,Brown,F,34,Slovakia,Kosice,5:02:05
2366,Valentina,Martinez,F,69,Israel,Tel Aviv,5:32:49
2367,Amelia,Garcia,F,67,Canada,Toronto,4:18:49
2368,Olga,Kowalczyk,F,24,United Kingdom,Glasgow,3:40:46
2369,Zuzanna,Nguyen,F,49,United Arab Emirates,Dubai,2:09:02
2370,Evelyn,Anderson,F,54,Norway,Stavanger,4:43:31
2371,Benjamin,Walker,M,47,Czech Republic,Ostrava,2:36:49
2372,Charlotte,Popov,F,52,Singapore,Singapore,2:06:32
2373,Alina,Clark,F,50,United Kingdom,Glasgow,3:34:06
2374,Olivia,Perez,F,51,United States,Chicago,4:02:53
2375,Chiara,Lee,F,67,Canada,Vancouver,5:42:48
2376,Mikhail,Ramirez,M,29,United Arab Emirates,Sharjah,2:05:44
2377,Elijah,Popov,M,70,China,Shenzhen,2:05:19
2378,Yuki,Ivanov,F,24,Finland,Vantaa,4:52:38
2379,Anna,Gomes,F,54,Sweden,Vasteras,4:21:46
2380,Charlotte,Moore,F,45,Netherlands,Rotterdam,4:45:20
2381,Harry,Robinson,M,55,Turkey,Antalya,3:39:21
2382,Ingrid,Romano,F,49,Brazil,Sao Paulo,2:59:46
2383,Sophia,Jackson,F,58,Japan,Tokyo,4:32:34
2384,Sofia,Kaczmarek,F,43,South Africa,Pretoria,4:12:36
2385,Pedro,Romano,M,56,Italy,Turin,3:02:35
2386,Michael,Kuznetsov,M,38,United Kingdom,Edinburgh,5:35:46
2387,Thomas,Thomas,M,58,Portugal,Coimbra,4:47:09
2388,Robert,Lopez,M,66,Australia,Perth,2:30:48
2389,Camila,Sanchez,F,61,South Korea,Incheon,4:25:17
2390,Zuzanna,Ferrari,F,50,Spain,Seville,4:26:08
2391,Camila,Melo,F,24,India,Bangalore,2:12:41
2392,Giovanni,Martin,M,33,Finland,Tampere,3:56:24
2393,Sofia,Kowalski,F,28,Slovakia,Presov,3:36:54
2394,Giovanni,Scott,M,27,China,Shenzhen,4:24:12
2395,Arthur,Gonzalez,M,49,Brazil,Salvador,3:53:16
2396,Nikolai,Nguyen,M,18,Romania,Cluj-Napoca,3:35:16
2397,William,Scott,M,57,Singapore,Singapore,2:11:39
2398,Santiago,Clark,M,68,Japan,Kyoto,2:55:36
2399,Isabella,Martin,F,18,Japan,Tokyo,2:28:28
2400,Amelia,Thompson,F,22,United Kingdom,Glasgow,2:07:49
2401,Ingrid,Petrov,F,52,Kenya,Nairobi,5:46:05
2402,Harry,Ferrari,M,45,Turkey,Ankara,4:18:29
2403,Elijah,Allen,M,30,United Kingdom,Edinburgh,5:18:59
2404,Marco,Allen,M,21,Canada,Vancouver,3:54:19
2405,Jakub,Smith,M,32,Finland,Helsinki,3:33:41
2406,Hugo,Moore,M,54,Poland,Krakow,5:55:37
2407,Amelia,Young,F,39,France,Paris,5:55:19
2408,Amelia,Anderson,F,50,Italy,Rome,3:30:39
2409,Maria,Popov,F,68,South Korea,Incheon,2:45:54
2410,Lucas,Thompson,M,30,Slovakia,Zilina,2:49:26
2411,Ekaterina,Clark,F,35,Mexico,Guadalajara,4:49:54
2412,Kacper,Wright,M,66,Germany,Frankfurt,5:44:57
2413,Charlotte,Johnson,F,68,Russia,Kazan,2:58:42
2414,Olivia,Smith,F,63,Romania,Cluj-Napoca,4:54:56
2415,Isabella,Santos,F,32,Israel,Beer Sheva,5:00:38
2416,Magdalena,Perez,F,48,South Africa,Pretoria,2:59:55
2417,Olivia,Sanchez,F,29,Ukraine,Odesa,5:33:09
2418,Ingrid,Scott,F,32,Ethiopia,Dire Dawa,3:19:34
2419,James,Melo,M,52,Slovakia,Presov,4:12:30
2420,Robert,Taylor,M,37,Finland,Espoo,3:23:48
2421,Isabella,Gomes,F,63,Argentina,Buenos Aires,2:58:29
2422,Ivan,Melo,M,20,Hungary,Budapest,3:39:36
2423,Katarzyna,Anderson,F,20,South Africa,Pretoria,5:25:32
2424,Alexander,Romano,M,61,Poland,Warsaw,3:17:33
2425,Michael,Jones,M,52,Czech Republic,Prague,5:58:43
2426,Santiago,Anderson,M,42,Canada,Vancouver,2:23:47
2427,Lucas,Wilson,M,21,Brazil,Brasilia,3:18:22
2428,Giovanni,Gomes,M,65,Denmark,Odense,5:52:50
2429,Alexander,Ferrari,M,38,France,Lyon,5:26:07
2430,Isabella,White,F,24,Australia,Sydney,5:44:35
2431,Pedro,Petrov,M,45,Spain,Madrid,5:35:46
2432,Jan,White,M,55,Israel,Jerusalem,4:46:02
2433,John,Johnson,M,20,Kenya,Kisumu,4:49:11
2434,Oleg,Kowalski,M,46,India,Hyderabad,3:15:46
2435,Elijah,Smirnov,M,43,Ethiopia,Mekelle,4:21:41
2436,Maria,Popov,F,43,Netherlands,Utrecht,2:58:40
2437,Isabela,Santos,F,29,Denmark,Aalborg,5:56:26
2438,Kacper,Johnson,M,20,United Kingdom,Birmingham,5:54:55
2439,Noah,King,M,25,Poland,Gdansk,3:11:03
2440,Ekaterina,Bianchi,F,28,South Africa,Port Elizabeth,3:17:53
2441,Oleg,Ferrari,M,28,Portugal,Faro,5:06:23
2442,Emily,White,F,68,Russia,Novosibirsk,2:42:20
2443,Thomas,Kowalski,M,47,Czech Republic,Brno,5:15:28
2444,Carlos,Silva,M,37,Austria,Linz,2:51:53
2445,Daniel,Kaczmarek,M,56,United Arab Emirates,Dubai,3:20:53
2446,Isabela,Ferrari,F,23,Brazil,Brasilia,5:31:35
2447,Kacper,Thomas,M,49,Ethiopia,Mekelle,2:39:40
2448,Carlos,Davis,M,37,Russia,Novosibirsk,4:51:01
2449,Emily,Brown,F,24,Portugal,Braga,5:34:53
2450,Ava,Perez,F,70,Norway,Oslo,5:05:43
2451,Ivan,Moore,M,42,Poland,Poznan,3:54:15
2452,Ava,Nowak,F,58,Norway,Bergen,4:41:51
2453,Jan,Wright,M,66,Czech Republic,Ostrava,3:04:19
2454,Alexander,Sanchez,M,28,China,Shenzhen,3:42:01
2455,Giovanni,Hernandez,M,57,Austria,Linz,3:27:45
2456,Mateo,Petrov,M,18,United States,San Francisco,5:08:09
2457,Ava,Ivanov,F,59,Israel,Nazareth,5:16:08
2458,Valentina,Kuznetsov,F,69,Brazil,Sao Paulo,2:32:01
2459,Jakub,Thomas,M,54,Austria,Graz,4:05:30
2460,Mikhail,Martin,M,21,France,Paris,2:34:42
2461,Mia,Martinez,F,59,Norway,Stavanger,5:37:10
2462,Mateusz,Brown,M,32,Kenya,Kisumu,3:54:23
2463,Chiara,Davis,F,29,Japan,Osaka,3:57:28
2464,Anna,Lewis,F,47,Russia,Yekaterinburg,4:26:43
2465,Lucas,Ferrari,M,69,Russia,Moscow,3:52:48
2466,Elijah,Martinez,M,20,Norway,Oslo,4:29:18
2467,Lucas,Wright,M,24,Mexico,Guadalajara,3:55:46
2468,Michael,Clark,M,29,Italy,Rome,4:56:40
2469,Isabella,Taylor,F,18,Germany,Hamburg,5:31:57
2470,Santiago,Kaczmarek,M,43,Poland,Gdansk,4:16:03
2471,Santiago,Gomes,M,53,Japan,Sapporo,5:05:35
2472,Benjamin,Garcia,M,70,Sweden,Uppsala,4:15:22
2473,Piotr,Taylor,M,40,Romania,Constanta,3:24:39
2474,Ekaterina,Popov,F,46,Romania,Cluj-Napoca,5:36:37
2475,Michael,Thompson,M,43,Switzerland,Zurich,4:08:00
2476,Giulia,Oliveira,F,49,Turkey,Ankara,4:10:24
2477,Amelia,Williams,F,70,China,Shenzhen,2:31:32
2478,Benjamin,Jackson,M,48,Slovakia,Bratislava,3:37:00
2479,Hugo,Kaczmarek,M,32,Hungary,Szeged,3:55:07
2480,Mikhail,Clark,M,24,United Kingdom,Glasgow,4:46:07
2481,Alexander,Robinson,M,30,Mexico,Cancun,3:25:56
2482,Mia,King,F,68,Singapore,Singapore,4:40:58
2483,Henry,Lopez,M,49,Canada,Ottawa,3:02:33
2484,John,White,M,61,Poland,Warsaw,3:24:32
2485,Camila,Young,F,44,Singapore,Singapore,4:49:12
2486,Katarzyna,Lewis,F,18,Portugal,Porto,4:36:37
2487,Santiago,Smirnov,M,50,Poland,Warsaw,5:37:16
2488,Ingrid,Santos,F,54,United Kingdom,Manchester,2:40:46
2489,Daniel,Gomes,M,59,Russia,Novosibirsk,3:00:44
2490,William,Brown,M,29,Hungary,Miskolc,2:58:09
2491,Noah,Moore,M,23,United Arab Emirates,Dubai,4:52:00
2492,Sophia,Harris,F,43,Canada,Montreal,5:23:29
2493,Piotr,Anderson,M,27,Sweden,Vasteras,2:31:22
2494,Zuzanna,Smirnov,F,59,Russia,Yekaterinburg,3:43:00
2495,Alina,Miller,F,36,Netherlands,The Hague,2:37:43
2496,Sara,Jackson,F,58,Finland,Oulu,3:43:10
2497,Katarzyna,Santos,F,23,Israel,Nazareth,2:11:24
2498,Ekaterina,White,F,50,Kenya,Kisumu,5:54:51
2499,Alina,Gonzalez,F,32,Portugal,Faro,3:16:47
2500,Henry,Scott,M,52,China,Guangzhou,5:15:42
2501,Valentina,Lee,F,64,India,Hyderabad,2:48:13
2502,Anna,Rossi,F,47,Canada,Toronto,4:20:42
2503,Olivia,Rodriguez,F,18,Denmark,Copenhagen,4:02:05
2504,Arthur,Ivanov,M,54,India,Hyderabad,3:23:46
2505,Valentina,Williams,F,61,India,Chennai,5:58:19
2506,Thomas,Rodriguez,M,68,Finland,Tampere,5:59:04
2507,Mia,Lopez,F,29,South Africa,Durban,2:26:26
2508,Anna,Martinez,F,18,South Korea,Seoul,4:53:25
2509,Sunita,Kuznetsov,F,34,Netherlands,Rotterdam,4:31:46
2510,Magdalena,Murphy,F,51,United Kingdom,Glasgow,4:02:41
2511,David,Moore,M,34,Mexico,Puebla,2:18:49
2512,Nikolai,Ivanov,M,48,Finland,Helsinki,2:33:28
2513,Yuki,Gomes,F,24,Israel,Beer Sheva,4:31:24
2514,Zuzanna,Wright,F,44,Poland,Wroclaw,3:51:03
2515,Robert,Gomes,M,19,Russia,Yekaterinburg,5:56:48
2516,Emily,Rossi,F,18,Brazil,Brasilia,2:57:34
2517,Isabela,Costa,F,28,Norway,Bergen,5:20:52
2518,Isabela,Lewis,F,68,South Africa,Cape Town,5:46:34
2519,Ivan,Thompson,M,20,Italy,Naples,2:08:24
2520,Valentina,Romano,F,64,Romania,Cluj-Napoca,3:45:14
2521,Lucas,Ramirez,M,28,Czech Republic,Prague,5:02:58
2522,Alexander,Harris,M,42,Hungary,Budapest,3:46:13
2523,Harry,Jones,M,20,United Kingdom,Edinburgh,5:04:46
2524,Jack,Brown,M,64,Turkey,Bursa,4:11:29
2525,Jack,Perez,M,67,Kenya,Mombasa,3:11:41
2526,Charlotte,Young,F,67,Kenya,Mombasa,2:10:19
2527,Yuki,White,F,21,Mexico,Guadalajara,2:39:18
2528,Mikhail,Oliveira,M,39,Israel,Haifa,5:02:54
2529,Oleg,Ferrari,M,57,Hungary,Debrecen,3:02:59
2530,Lucas,Gomes,M,59,Finland,Espoo,2:47:42
2531,Isabela,King,F,40,Italy,Milan,5:05:47
2532,Lucia,Silva,F,23,Slovakia,Zilina,4:43:26
2533,Nikolai,Rossi,M,24,Netherlands,Rotterdam,4:06:53
2534,Ivan,Martinez,M,59,Canada,Vancouver,4:39:34
2535,Chiara,Romano,F,53,Russia,Novosibirsk,4:45:22
2536,Laura,Clark,F,41,Sweden,Stockholm,5:20:44
2537,Daniel,Rossi,M,57,Australia,Melbourne,5:01:13
2538,Alexander,Rossi,M,28,Argentina,Cordoba,4:00:51
2539,Oliver,Melo,M,19,United Arab Emirates,Ras Al Khaimah,3:36:20
2540,Ingrid,Jackson,F,21,South Korea,Busan,5:15:39
2541,David,Anderson,M,29,Argentina,Rosario,3:01:41
2542,Liam,King,M,37,Kenya,Nairobi,5:14:18
2543,Emma,Garcia,F,26,Italy,Milan,3:30:36
2544,Megan,White,F,62,Israel,Tel Aviv,5:40:17
2545,Harry,Miller,M,42,Canada,Ottawa,3:21:18
2546,David,Ferrari,M,28,India,Mumbai,4:22:08
2547,Mikhail,Wiśniewski,M,62,Sweden,Vasteras,3:23:34
2548,Kacper,Taylor,M,32,Singapore,Singapore,2:59:22
2549,Camila,Walker,F,18,South Africa,Cape Town,2:50:16
2550,Sara,Jackson,F,24,Australia,Brisbane,2:48:23
2551,Mateusz,Smirnov,M,32,Netherlands,Utrecht,4:10:02
2552,Yuki,Robinson,F,20,Norway,Tromso,5:48:55
2553,Maria,Rossi,F,49,Portugal,Faro,2:26:27
2554,Liam,Gonzalez,M,33,Brazil,Salvador,4:40:48
2555,Lucia,Smirnov,F,70,Denmark,Aarhus,4:13:31
2556,Abigail,Gomes,F,65,Portugal,Porto,3:53:04
2557,William,Petrov,M,54,Israel,Haifa,3:46:42
2558,Julia,Costa,F,66,South Africa,Pretoria,2:12:05
2559,Lorenzo,Wiśniewski,M,31,Italy,Milan,3:17:13
2560,Charlotte,Miller,F,63,Spain,Barcelona,3:39:53
2561,Anna,Brown,F,69,Canada,Toronto,2:31:07
2562,Jan,Kowalski,M,33,Mexico,Puebla,5:24:12
2563,Laura,Oliveira,F,26,South Africa,Pretoria,4:01:11
2564,Giulia,Young,F,26,South Korea,Daegu,5:11:07
2565,Camila,White,F,20,South Korea,Seoul,4:47:33
2566,Isabella,Gonzalez,F,30,India,Bangalore,5:36:06
2567,David,Melo,M,69,Spain,Seville,5:46:41
2568,Olga,Clark,F,67,France,Marseille,2:51:56
2569,Anna,Williams,F,29,Singapore,Singapore,3:39:02
2570,Oleg,Davis,M,27,Sweden,Malmo,5:07:50
2571,Ekaterina,Smirnov,F,50,Japan,Sapporo,2:29:53
2572,George,Ramirez,M,49,United Arab Emirates,Ajman,2:23:52
2573,Sophia,Gomes,F,28,South Korea,Busan,2:55:18
2574,Mateo,Ivanov,M,47,United Arab Emirates,Abu Dhabi,2:23:10
2575,Abigail,Thompson,F,63,Romania,Timisoara,2:56:04
2576,Hannah,Costa,F,34,France,Lyon,5:50:45
2577,Laura,Thompson,F,21,Hungary,Debrecen,2:59:20
2578,Sofia,White,F,32,Mexico,Mexico City,5:40:56
2579,Alexander,Martinez,M,59,Ukraine,Kyiv,2:07:03
2580,Isabela,Young,F,40,India,Chennai,5:23:22
2581,Magdalena,Scott,F,47,Slovakia,Nitra,4:44:47
2582,Megan,Wright,F,46,South Africa,Pretoria,3:11:45
2583,Isabella,Lopez,F,70,India,Mumbai,5:30:40
2584,Kacper,Lopez,M,57,Ukraine,Dnipro,2:39:34
2585,Alexander,Sanchez,M,23,Kenya,Mombasa,4:55:32
2586,Julia,Martin,F,69,Hungary,Budapest,3:55:42
2587,Valentina,Davis,F,48,Romania,Timisoara,5:47:14
2588,Chiara,Ramirez,F,68,Finland,Vantaa,4:15:15
2589,Abigail,Bianchi,F,55,Canada,Ottawa,5:20:58
2590,William,White,M,70,Mexico,Monterrey,3:51:46
2591,William,Martinez,M,50,Slovakia,Presov,4:01:19
2592,Anna,Petrov,F,38,Germany,Cologne,2:34:35
2593,Hannah,Nowak,F,59,Czech Republic,Brno,4:40:14
2594,Lorenzo,Harris,M,35,Argentina,Cordoba,2:09:58
2595,Lucia,Williams,F,52,France,Nice,4:44:36
2596,Isabella,Ivanov,F,58,Brazil,Rio de Janeiro,4:01:18
2597,Michael,Thompson,M,51,South Africa,Durban,5:24:15
2598,Olivia,Davis,F,37,Ukraine,Kharkiv,5:59:34
2599,Olga,Anderson,F,55,Spain,Barcelona,3:56:03
2600,Valentina,Allen,F,35,United Kingdom,London,4:06:18
2601,Lucia,Anderson,F,60,Spain,Madrid,5:13:55
2602,Magdalena,Harris,F,60,United States,San Francisco,2:59:08
2603,Sofia,Moore,F,48,Spain,Valencia,3:51:28
2604,Anna,Ferrari,F,53,Italy,Milan,5:38:26
2605,Ekaterina,Taylor,F,60,Turkey,Izmir,2:32:12
2606,Emily,Smith,F,31,Austria,Innsbruck,5:08:08
2607,Olivia,Jones,F,38,South Korea,Daegu,4:28:16
2608,Giovanni,Ferrari,M,25,Czech Republic,Prague,2:19:34
2609,Daniel,Martin,M,62,Czech Republic,Olomouc,2:50:27
2610,Anna,Petrov,F,57,Switzerland,Geneva,5:29:56
2611,Daria,Bianchi,F,59,Argentina,Rosario,3:26:14
2612,Giovanni,Kowalczyk,M,42,Netherlands,Eindhoven,4:40:48
2613,Evelyn,Kuznetsov,F,24,China,Shenzhen,3:59:36
2614,Sara,Brown,F,65,Australia,Brisbane,4:43:41
2615,Amelia,Martinez,F,35,Brazil,Brasilia,2:38:58
2616,Michael,Kuznetsov,M,55,United Kingdom,Manchester,3:42:08
2617,Jan,Petrov,M,53,United Kingdom,London,3:46:29
2618,Magdalena,Murphy,F,52,Mexico,Mexico City,2:31:50
2619,Megan,Oliveira,F,29,Turkey,Ankara,5:34:00
2620,Ivan,Brown,M,22,Netherlands,The Hague,4:43:22
2621,Maria,Martinez,F,19,India,Hyderabad,3:47:23
2622,Magdalena,Jones,F,32,Spain,Valencia,2:54:51
2623,Olivia,Wright,F,66,Turkey,Ankara,3:17:49
2624,Isabela,Miller,F,64,France,Marseille,3:39:53
2625,Olivia,Costa,F,58,Finland,Helsinki,4:53:22
2626,Amelia,Costa,F,56,Australia,Brisbane,2:22:06
2627,Anna,Hernandez,F,28,Norway,Trondheim,2:24:44
2628,Benjamin,Johnson,M,28,Argentina,Rosario,4:30:48
2629,Arthur,Davis,M,44,Hungary,Szeged,2:45:32
2630,Hannah,Ivanov,F,37,United States,San Francisco,2:44:51
2631,Hannah,Brown,F,68,France,Marseille,2:43:03
2632,Lucas,Costa,M,58,United States,Los Angeles,3:43:39
2633,Megan,King,F,69,Ethiopia,Addis Ababa,3:00:41
2634,Santiago,Popov,M,23,Ukraine,Kharkiv,2:37:28
2635,Santiago,Jackson,M,66,United States,Chicago,4:42:47
2636,Jakub,Melo,M,38,Turkey,Ankara,4:41:43
2637,Hannah,Gonzalez,F,30,Japan,Kyoto,5:22:08
2638,Charlotte,Rossi,F,62,Japan,Kyoto,4:09:24
2639,Pedro,Perez,M,64,Brazil,Fortaleza,4:07:54
2640,Valentina,Brown,F,30,India,Delhi,3:07:20
2641,Jan,Davis,M,62,Australia,Melbourne,4:42:46
2642,Maya,Ivanov,F,26,Poland,Krakow,2:22:10
2643,Harry,Melo,M,26,France,Nice,3:56:28
2644,Ava,Petrov,F,42,Ukraine,Lviv,5:56:11
2645,Marco,Gomes,M,65,South Korea,Busan,5:38:40
2646,Amelia,Costa,F,49,Hungary,Pecs,5:17:49
2647,Hugo,Murphy,M,70,Switzerland,Geneva,4:50:46
2648,Emma,Williams,F,52,Switzerland,Lausanne,5:57:25
2649,Robert,Popov,M,49,Israel,Beer Sheva,4:05:57
2650,Mateusz,Thomas,M,58,Poland,Krakow,2:41:33
2651,Santiago,Johnson,M,59,India,Mumbai,2:12:16
2652,Amelia,Martinez,F,40,Denmark,Aarhus,4:37:01
2653,María,Williams,F,36,Italy,Bologna,2:28:31
2654,Kacper,Gomes,M,67,Israel,Jerusalem,4:24:15
2655,Giovanni,Ivanov,M,23,Mexico,Guadalajara,4:29:43
2656,William,Smith,M,30,Netherlands,The Hague,4:55:49
2657,Henry,Sanchez,M,22,Israel,Tel Aviv,4:44:18
2658,Yuki,Clark,F,55,France,Marseille,5:02:40
2659,Emma,Sanchez,F,33,Mexico,Puebla,4:41:41
2660,James,Lopez,M,58,Italy,Turin,3:17:05
2661,Evelyn,Young,F,52,Canada,Vancouver,3:33:38
2662,Olivia,Novak,F,32,Australia,Brisbane,3:31:31
2663,Ivan,Garcia,M,20,Japan,Sapporo,4:22:41
2664,Sophia,Anderson,F,53,Ethiopia,Mekelle,5:38:35
2665,Oliver,Young,M,51,Portugal,Faro,3:14:18
2666,Lorenzo,Walker,M,59,Slovakia,Kosice,2:26:09
2667,Yuki,Davis,F,61,Ethiopia,Gondar,5:52:22
2668,Giulia,Hernandez,F,55,Russia,Novosibirsk,2:36:10
2669,Amelia,Moore,F,66,Canada,Montreal,5:17:08
2670,Mateo,Kuznetsov,M,37,Ukraine,Dnipro,2:57:40
2671,Megan,Rossi,F,63,United States,Chicago,2:16:08
2672,Piotr,Kuznetsov,M,62,Denmark,Odense,3:55:57
2673,Elijah,Nowak,M,40,Mexico,Monterrey,3:22:30
2674,Elijah,Smith,M,59,Australia,Sydney,2:52:39
2675,Pedro,Costa,M,23,United Arab Emirates,Sharjah,2:14:07
2676,Thomas,Kowalski,M,43,Argentina,Cordoba,2:48:02
2677,Lorenzo,Santos,M,39,Argentina,Buenos Aires,5:16:58
2678,Sara,Miller,F,25,United Kingdom,Birmingham,4:12:44
2679,Jack,Lee,M,69,Ukraine,Kharkiv,2:29:33
2680,Lorenzo,Rodriguez,M,45,Canada,Toronto,4:32:49
2681,Yuki,Rodriguez,F,28,Ethiopia,Addis Ababa,2:30:04
2682,Ekaterina,Sanchez,F,38,Japan,Nagoya,2:15:47
2683,Sara,Thomas,F,25,Japan,Sapporo,2:15:33
2684,María,Gomes,F,55,Italy,Milan,3:03:40
2685,Daria,Lewis,F,31,Netherlands,The Hague,5:18:53
2686,Anna,Kowalczyk,F,23,Switzerland,Basel,5:41:44
2687,Ava,Anderson,F,39,Mexico,Mexico City,3:29:45
2688,Sophia,Melo,F,29,Sweden,Malmo,4:32:05
2689,Benjamin,Kaczmarek,M,45,Finland,Espoo,3:15:07
2690,Isabela,Johnson,F,56,Japan,Sapporo,2:37:38
2691,Hugo,Popov,M,37,Ukraine,Dnipro,5:27:09
2692,Giulia,Sanchez,F,37,Finland,Tampere,2:14:37
2693,Ingrid,Santos,F,41,Austria,Salzburg,3:20:33
2694,Giovanni,Ferrari,M,49,South Korea,Seoul,3:33:16
2695,Maya,Miller,F,32,Germany,Cologne,4:24:57
2696,Mikhail,Garcia,M,63,Poland,Gdansk,4:31:58
2697,Anna,Silva,F,26,Austria,Salzburg,3:48:03
2698,Carlos,Allen,M,33,Sweden,Vasteras,3:56:57
2699,Magdalena,King,F,42,Mexico,Mexico City,5:13:18
2700,Luis,Nowak,M,57,Finland,Espoo,5:56:41
2701,Emma,Silva,F,63,Poland,Gdansk,4:19:21
2702,Kacper,Torres,M,38,Norway,Tromso,2:20:15
2703,Kacper,Gonzalez,M,69,Canada,Calgary,4:59:33
2704,Giulia,Gomes,F,70,Netherlands,Eindhoven,4:06:52
2705,William,Martinez,M,62,Austria,Vienna,2:41:26
2706,Maria,Kaczmarek,F,47,Poland,Gdansk,2:50:58
2707,Noah,Clark,M,34,United States,Los Angeles,4:23:10
2708,Zuzanna,King,F,24,United Arab Emirates,Dubai,3:45:14
2709,Ekaterina,Kowalski,F,68,Finland,Oulu,5:12:34
2710,Mateo,Gonzalez,M,61,United States,Chicago,3:24:51
2711,Olga,Garcia,F,23,Denmark,Aarhus,3:50:32
2712,Mia,Martinez,F,39,Denmark,Odense,2:40:17
2713,Olga,Novak,F,32,Spain,Seville,4:19:03
2714,Marco,Novak,M,64,Spain,Bilbao,2:36:07
2715,Kacper,Harris,M,32,Romania,Iasi,4:17:51
2716,Mateusz,Scott,M,63,Portugal,Braga,2:29:36
2717,Robert,Gonzalez,M,63,Singapore,Singapore,2:56:25
2718,Giovanni,Santos,M,31,Slovakia,Nitra,5:45:32
2719,Daria,Robinson,F,39,Germany,Hamburg,3:17:23
2720,Piotr,Martin,M,49,Mexico,Guadalajara,5:05:02
2721,María,Ferrari,F,58,Ukraine,Odesa,2:05:18
2722,Mateo,Kowalczyk,M,63,Australia,Sydney,4:25:38
2723,Ivan,Petrov,M,33,Ukraine,Kyiv,5:54:17
2724,Hannah,Martin,F,24,Italy,Turin,4:49:18
2725,Ivan,Kowalczyk,M,34,Ukraine,Kharkiv,3:43:49
2726,Isabella,Romano,F,41,Romania,Iasi,4:39:26
2727,Santiago,White,M,42,Hungary,Pecs,5:48:17
2728,Piotr,Davis,M,69,China,Guangzhou,2:09:18
2729,Thomas,Jones,M,27,Japan,Kyoto,4:58:30
2730,Oleg,Smirnov,M,31,Slovakia,Nitra,5:55:41
2731,Elijah,Sanchez,M,38,United States,Boston,3:23:27
2732,Isabella,Walker,F,70,South Korea,Incheon,4:40:19
2733,Megan,Popov,F,19,Argentina,Mendoza,3:25:42
2734,Anna,Gomes,F,31,United States,Los Angeles,3:01:48
2735,Magdalena,Clark,F,35,Denmark,Aarhus,5:27:54
2736,Emily,Lee,F,21,Mexico,Mexico City,2:28:48
2737,Thomas,White,M,62,Spain,Barcelona,4:55:14
2738,Katarzyna,Gomes,F,31,United Arab Emirates,Abu Dhabi,5:42:18
2739,Camila,Kowalski,F,41,South Korea,Daejeon,4:18:28
2740,Giulia,Walker,F,39,Italy,Rome,4:57:10
2741,Anna,King,F,69,Romania,Bucharest,3:04:11
2742,Kacper,Ferrari,M,19,Argentina,Cordoba,2:43:48
2743,Valentina,Costa,F,24,United Kingdom,Edinburgh,2:43:30
2744,Evelyn,Jackson,F,44,Australia,Brisbane,4:48:52
2745,Mia,Rossi,F,70,Czech Republic,Ostrava,2:43:54
2746,Marco,Torres,M,34,Kenya,Kisumu,4:08:15
2747,Abigail,Wilson,F,60,Israel,Jerusalem,4:51:39
2748,Lucas,Silva,M,44,Sweden,Stockholm,2:06:27
2749,Giulia,Robinson,F,19,Japan,Kyoto,3:21:35
2750,Kacper,Torres,M,59,Australia,Melbourne,4:11:47
2751,Hannah,Costa,F,33,South Africa,Durban,2:55:40
2752,Harry,Williams,M,40,Portugal,Braga,5:24:57
2753,Lucia,Robinson,F,28,Netherlands,Amsterdam,4:33:49
2754,Santiago,Romano,M,43,Poland,Warsaw,3:52:35
2755,Katarzyna,Ivanov,F,57,Hungary,Budapest,4:26:37
2756,Magdalena,Johnson,F,22,Hungary,Miskolc,3:05:31
2757,Magdalena,Lewis,F,62,Ethiopia,Addis Ababa,3:53:34
2758,Julia,Nguyen,F,62,United Kingdom,Manchester,3:09:25
2759,Piotr,Kaczmarek,M,29,Switzerland,Zurich,4:25:17
2760,Nikolai,Johnson,M,30,Russia,Moscow,5:22:45
2761,George,Taylor,M,36,Slovakia,Bratislava,3:28:17
2762,Pedro,Ivanov,M,28,Mexico,Cancun,4:08:59
2763,Sara,Rodriguez,F,29,Portugal,Lisbon,4:18:06
2764,Maya,Silva,F,28,Kenya,Nairobi,5:37:40
2765,Isabella,Petrov,F,46,Australia,Melbourne,5:22:04
2766,Hannah,Smith,F,58,Ethiopia,Addis Ababa,2:34:13
2767,Chiara,Melo,F,21,Hungary,Debrecen,4:23:49
2768,Noah,Ivanov,M,53,Romania,Constanta,5:48:24
2769,Yuki,Davis,F,41,Hungary,Miskolc,5:25:06
2770,Ekaterina,Melo,F,57,Czech Republic,Olomouc,3:54:45
2771,Pedro,Smith,M,65,Canada,Toronto,4:12:25
2772,Anna,Thomas,F,38,Portugal,Braga,4:43:09
2773,William,White,M,53,Ethiopia,Bahir Dar,2:18:24
2774,Lucas,Wilson,M,67,Finland,Helsinki,4:39:11
2775,Megan,Clark,F,59,Argentina,Cordoba,2:45:32
2776,Thomas,King,M,39,United Arab Emirates,Ras Al Khaimah,3:35:31
2777,Arthur,Scott,M,53,Finland,Oulu,4:34:40
2778,Mikhail,Hernandez,M,33,Kenya,Mombasa,4:46:35
2779,Sofia,King,F,27,Portugal,Porto,3:45:36
2780,James,Johnson,M,34,Brazil,Brasilia,3:32:13
2781,Piotr,Santos,M,56,Romania,Iasi,4:25:16
2782,Noah,Bianchi,M,35,Germany,Frankfurt,3:16:56
2783,Sofia,Rodriguez,F,37,Brazil,Fortaleza,3:59:32
2784,Mia,Scott,F,39,Romania,Timisoara,5:27:54
2785,Anna,Kowalczyk,F,19,France,Lyon,5:18:03
2786,Kacper,Kuznetsov,M,63,Israel,Tel Aviv,5:25:32
2787,Kacper,Popov,M,42,Canada,Montreal,4:25:18
2788,Olivia,Davis,F,39,Denmark,Esbjerg,5:58:12
2789,Evelyn,Smirnov,F,64,Germany,Munich,3:06:48
2790,Charlotte,Perez,F,54,Slovakia,Kosice,5:32:38
2791,Olivia,Gomes,F,62,South Africa,Port Elizabeth,3:35:46
2792,Laura,Perez,F,47,Denmark,Odense,4:33:25
2793,Lucas,Walker,M,62,Romania,Iasi,5:15:39
2794,Valentina,Murphy,F,50,Sweden,Stockholm,4:43:31
2795,Isabela,Rossi,F,69,Austria,Innsbruck,5:46:48
2796,John,Robinson,M,37,Argentina,Cordoba,5:22:09
2797,Liam,Bianchi,M,64,South Africa,Port Elizabeth,2:59:52
2798,Anna,Young,F,62,Switzerland,Zurich,2:19:14
2799,Yuki,Rodriguez,F,19,Finland,Helsinki,4:19:53
2800,Piotr,Lee,M,32,Austria,Linz,2:48:18
2801,Mia,Williams,F,62,United States,Chicago,4:24:40
2802,Giulia,Sanchez,F,26,Ukraine,Dnipro,5:39:32
2803,Piotr,Brown,M,27,Denmark,Copenhagen,5:43:23
2804,Michael,Anderson,M,69,Ethiopia,Gondar,3:46:09
2805,Giovanni,Garcia,M,33,Australia,Perth,5:54:09
2806,Oleg,Williams,M,23,Ethiopia,Mekelle,3:28:21
2807,María,Lopez,F,21,Romania,Constanta,3:44:01
2808,Sara,Johnson,F,41,Japan,Osaka,2:59:54
2809,Alexander,Wiśniewski,M,47,India,Chennai,3:38:39
2810,Camila,Anderson,F,55,Kenya,Mombasa,2:25:04
2811,Thomas,Santos,M,28,Spain,Seville,5:33:37
2812,Evelyn,Martinez,F,30,South Korea,Seoul,3:42:40
2813,Santiago,Romano,M,57,Canada,Toronto,5:37:37
2814,Olivia,Ivanov,F,36,Romania,Constanta,5:16:55
2815,Nikolai,Kaczmarek,M,23,Norway,Stavanger,3:03:38
2816,Thomas,Hernandez,M,53,Norway,Tromso,4:07:22
2817,Piotr,Brown,M,41,Italy,Turin,3:56:50
2818,Abigail,Jones,F,62,China,Guangzhou,2:31:22
2819,Valentina,Allen,F,39,Turkey,Antalya,4:32:47
2820,Santiago,Torres,M,52,Ukraine,Kharkiv,2:29:33
2821,Michael,Silva,M,31,Mexico,Mexico City,4:33:35
2822,William,Johnson,M,64,Netherlands,Eindhoven,4:35:30
2823,Hannah,Sanchez,F,24,Poland,Warsaw,5:53:01
2824,Benjamin,Torres,M,69,Singapore,Singapore,4:55:07
2825,Evelyn,Young,F,46,Canada,Calgary,2:42:05
2826,James,Harris,M,60,Mexico,Cancun,2:11:15
2827,Amelia,Kuznetsov,F,65,Netherlands,Eindhoven,5:10:35
2828,Mateusz,Melo,M,55,Japan,Nagoya,4:41:58
2829,Thomas,Martinez,M,19,Japan,Sapporo,3:26:52
2830,Benjamin,Smith,M,30,Portugal,Faro,5:29:34
2831,Charlotte,Harris,F,24,Australia,Adelaide,3:03:09
2832,Abigail,Torres,F,64,Mexico,Monterrey,4:00:27
2833,Olivia,Sanchez,F,27,Kenya,Nakuru,4:21:09
2834,Jack,Thompson,M,39,Finland,Espoo,2:43:28
2835,Santiago,Davis,M,26,Spain,Madrid,3:49:43
2836,Ivan,Petrov,M,35,Russia,Saint Petersburg,4:37:36
2837,Giovanni,Kuznetsov,M,52,Poland,Wroclaw,3:27:04
2838,Michael,Clark,M,58,Argentina,Cordoba,4:32:45
2839,Lorenzo,Clark,M,40,Mexico,Guadalajara,2:08:30
2840,Sara,Wright,F,42,Czech Republic,Pilsen,5:46:57
2841,Megan,White,F,37,China,Chengdu,4:21:39
2842,Megan,Johnson,F,67,Finland,Helsinki,2:23:28
2843,Olga,Perez,F,62,Italy,Bologna,5:51:58
2844,Luis,Martinez,M,28,Kenya,Nairobi,3:03:14
2845,Sara,Moore,F,23,Ethiopia,Gondar,5:37:27
2846,Chiara,Wilson,F,39,Spain,Seville,5:31:45
2847,William,Lee,M,62,Russia,Novosibirsk,4:46:33
2848,Charlotte,Hernandez,F,18,Brazil,Rio de Janeiro,4:01:23
2849,Zuzanna,Taylor,F,29,Mexico,Monterrey,3:23:40
2850,Valentina,Harris,F,43,Mexico,Monterrey,4:17:56
2851,María,Young,F,28,China,Chengdu,3:46:54
2852,Megan,Wiśniewski,F,31,Ethiopia,Bahir Dar,4:30:06
2853,Isabella,Ferrari,F,62,Spain,Madrid,3:49:47
2854,Pedro,Sanchez,M,60,Canada,Calgary,3:08:25
2855,Emma,Gomes,F,51,Norway,Stavanger,3:07:52
2856,Megan,Lee,F,35,Italy,Turin,4:20:04
2857,Ivan,White,M,68,Japan,Nagoya,4:46:50
2858,Amelia,Sanchez,F,41,Finland,Oulu,2:18:35
2859,Olga,Ferrari,F,33,United Arab Emirates,Abu Dhabi,4:08:56
2860,Julia,Oliveira,F,28,Canada,Ottawa,3:10:14
2861,Olivia,Ivanov,F,32,United Arab Emirates,Ras Al Khaimah,3:50:08
2862,Jack,Jones,M,31,Finland,Helsinki,4:59:23
2863,Lucas,Williams,M,66,Portugal,Porto,5:05:53
2864,Emma,Torres,F,44,United Arab Emirates,Abu Dhabi,3:42:04
2865,George,Bianchi,M,59,Mexico,Puebla,2:46:26
2866,Alexander,Rodriguez,M,18,United Kingdom,Manchester,2:26:40
2867,Sara,Costa,F,31,Spain,Madrid,5:49:25
2868,Carlos,Anderson,M,19,Sweden,Vasteras,5:33:20
2869,Ingrid,Miller,F,18,China,Guangzhou,2:31:50
2870,Evelyn,Novak,F,46,South Korea,Incheon,4:07:54
2871,Mia,Lee,F,33,Germany,Munich,4:59:38
2872,Zuzanna,Ramirez,F,43,South Africa,Johannesburg,5:18:11
2873,Mateusz,Popov,M,21,Austria,Graz,2:37:10
2874,Abigail,Nguyen,F,37,Turkey,Izmir,4:23:07
2875,Marco,Rossi,M,53,Switzerland,Lausanne,3:34:24
2876,Olivia,Popov,F,56,Israel,Haifa,2:52:28
2877,Ingrid,Martinez,F,56,Slovakia,Nitra,4:31:25
2878,Julia,Brown,F,44,Ethiopia,Dire Dawa,4:46:16
2879,Ava,Brown,F,28,Portugal,Faro,4:25:58
2880,Santiago,Ferrari,M,43,Portugal,Porto,2:27:26
2881,Oliver,Jones,M,52,Sweden,Stockholm,3:12:37
2882,Daria,Harris,F,31,Kenya,Mombasa,2:37:53
2883,Emma,Martin,F,43,Hungary,Budapest,4:15:30
2884,Chiara,Miller,F,24,Czech Republic,Prague,3:39:14
2885,Elijah,Smith,M,26,Portugal,Faro,5:36:25
2886,Thomas,Romano,M,53,France,Nice,3:08:15
2887,Jakub,Rodriguez,M,32,Austria,Vienna,4:18:42
2888,Emma,Costa,F,39,Romania,Timisoara,3:43:01
2889,Mikhail,Kaczmarek,M,39,Kenya,Kisumu,5:48:02
2890,Oleg,Novak,M,47,Spain,Seville,5:00:17
2891,Michael,Thompson,M,26,Czech Republic,Olomouc,3:42:29
2892,Giovanni,Kaczmarek,M,21,Germany,Frankfurt,5:31:43
2893,Benjamin,Murphy,M,42,Mexico,Cancun,4:40:42
2894,Julia,Miller,F,66,Turkey,Izmir,3:40:55
2895,Jack,Wright,M,49,Czech Republic,Pilsen,3:01:51
2896,Santiago,Thomas,M,18,Czech Republic,Ostrava,3:08:25
2897,David,Popov,M,47,Russia,Moscow,3:43:33
2898,Mikhail,Thompson,M,21,France,Paris,2:52:06
2899,Charlotte,Ramirez,F,34,Israel,Haifa,5:53:29
2900,John,Novak,M,38,Ukraine,Dnipro,5:14:11
2901,Isabella,Santos,F,42,South Korea,Incheon,4:28:56
2902,Alina,Gomes,F,26,China,Beijing,5:18:23
2903,Camila,Wright,F,39,Norway,Oslo,3:41:32
2904,Laura,Wiśniewski,F,58,Kenya,Nakuru,4:27:06
2905,Maya,Gonzalez,F,50,Ethiopia,Mekelle,5:28:43
2906,María,Thomas,F,28,Mexico,Mexico City,5:59:56
2907,Robert,Popov,M,66,Canada,Ottawa,5:38:43
2908,Charlotte,Rodriguez,F,57,Romania,Constanta,3:08:57
2909,James,Hernandez,M,27,Turkey,Bursa,5:43:01
2910,Carlos,Torres,M,63,Finland,Espoo,3:58:58
2911,Elijah,Miller,M,46,India,Delhi,3:55:24
2912,John,Harris,M,45,United Kingdom,Glasgow,5:37:58
2913,Chiara,Harris,F,38,Argentina,Cordoba,3:18:15
2914,Elijah,Anderson,M,20,United Kingdom,London,4:35:47
2915,Megan,Martin,F,31,India,Mumbai,2:37:59
2916,Amelia,Allen,F,52,Mexico,Mexico City,3:47:24
2917,Ekaterina,Brown,F,44,Kenya,Eldoret,5:08:35
2918,Sophia,Gomes,F,33,Czech Republic,Brno,2:20:11
2919,Katarzyna,Rossi,F,18,Finland,Oulu,5:41:35
2920,Noah,Wright,M,49,Spain,Seville,5:07:53
2921,Arthur,Scott,M,18,Czech Republic,Olomouc,4:21:56
2922,Thomas,Gonzalez,M,19,Japan,Sapporo,5:17:18
2923,Henry,Wright,M,21,Switzerland,Zurich,2:13:29
2924,Carlos,Jones,M,33,South Korea,Incheon,3:43:36
2925,Alexander,Williams,M,37,Slovakia,Kosice,2:46:02
2926,Camila,Oliveira,F,61,Hungary,Debrecen,4:19:24
2927,Emily,Novak,F,64,Mexico,Mexico City,4:46:36
2928,Hannah,Lewis,F,69,Austria,Innsbruck,2:58:23
2929,Oliver,Rossi,M,51,Hungary,Budapest,3:25:22
2930,Giulia,Torres,F,66,Hungary,Budapest,5:52:08
2931,Alexander,Jones,M,48,Denmark,Odense,3:53:30
2932,William,Hernandez,M,38,Finland,Oulu,3:23:56
2933,Anna,King,F,69,Kenya,Eldoret,5:30:05
2934,Jack,Rossi,M,23,Austria,Vienna,5:35:55
2935,William,Allen,M,37,Finland,Espoo,2:53:52
2936,Camila,Popov,F,38,Romania,Constanta,2:31:04
2937,Harry,Kuznetsov,M,68,Mexico,Guadalajara,3:02:09
2938,George,Bianchi,M,52,Denmark,Copenhagen,2:31:58
2939,Sunita,Nguyen,F,68,Denmark,Esbjerg,2:54:52
2940,Sophia,Nowak,F,60,Hungary,Szeged,4:45:45
2941,Sophia,Wiśniewski,F,68,Sweden,Stockholm,3:53:12
2942,Mateo,Robinson,M,44,Poland,Krakow,3:39:02
2943,Marco,Young,M,60,Russia,Moscow,5:16:33
2944,Amelia,Nowak,F,23,Germany,Cologne,5:01:43
2945,Abigail,Melo,F,56,South Africa,Durban,3:37:30
2946,María,Wilson,F,51,Israel,Haifa,3:46:20
2947,María,Romano,F,33,Israel,Haifa,5:23:08
2948,Luis,Petrov,M,32,Portugal,Porto,2:44:17
2949,Hannah,Davis,F,25,Netherlands,Amsterdam,2:25:54
2950,Ingrid,Gomes,F,27,Russia,Saint Petersburg,4:01:39
2951,John,Taylor,M,58,Spain,Bilbao,4:37:08
2952,Henry,Thomas,M,26,Slovakia,Kosice,3:23:45
2953,Piotr,Harris,M,64,Romania,Timisoara,5:06:49
2954,Sara,Nowak,F,30,Austria,Linz,4:49:16
2955,Elijah,King,M,39,Norway,Trondheim,4:20:42
2956,Elijah,Robinson,M,66,Germany,Frankfurt,2:09:18
2957,Katarzyna,Oliveira,F,57,South Africa,Cape Town,3:52:35
2958,Elijah,Walker,M,36,Austria,Innsbruck,5:47:29
2959,Charlotte,Smirnov,F,60,Sweden,Vasteras,2:22:42
2960,Mateusz,Smirnov,M,35,Netherlands,Amsterdam,2:40:50
2961,Alexander,Thompson,M,27,Portugal,Lisbon,5:20:42
2962,Noah,Allen,M,47,Japan,Sapporo,4:03:19
2963,Chiara,Ivanov,F,41,Netherlands,Utrecht,4:53:21
2964,Luis,Sanchez,M,32,Slovakia,Zilina,5:13:38
2965,Emily,Clark,F,19,Russia,Moscow,2:29:10
2966,Noah,Walker,M,64,Singapore,Singapore,4:07:14
2967,Mikhail,Nowak,M,56,Poland,Warsaw,2:33:26
2968,Lucia,Jones,F,36,Slovakia,Nitra,5:06:25
2969,Oliver,Melo,M,40,Singapore,Singapore,5:54:14
2970,Giovanni,Rossi,M,39,France,Lyon,2:07:37
2971,María,Williams,F,35,Argentina,Mendoza,4:10:26
2972,Evelyn,Thomas,F,37,Portugal,Faro,5:56:14
2973,Katarzyna,Lee,F,25,Czech Republic,Ostrava,4:36:35
2974,Harry,Jackson,M,18,Portugal,Faro,3:16:15
2975,Mateusz,White,M,21,South Korea,Daejeon,3:02:11
2976,Chiara,Gomes,F,47,South Africa,Johannesburg,5:29:53
2977,Laura,Taylor,F,70,South Korea,Busan,3:51:33
2978,Oliver,Lewis,M,69,Israel,Nazareth,5:33:07
2979,Daria,Ramirez,F,20,United States,Boston,4:54:07
2980,Yuki,Smith,F,62,Kenya,Mombasa,4:09:23
2981,Maya,Gonzalez,F,64,Russia,Kazan,3:05:46
2982,María,Young,F,29,South Africa,Cape Town,5:19:04
2983,Thomas,Bianchi,M,31,France,Nice,4:31:41
2984,Megan,Rossi,F,28,United States,San Francisco,3:40:18
2985,Olivia,Johnson,F,52,Hungary,Miskolc,3:54:15
2986,James,Moore,M,24,Slovakia,Presov,3:01:06
2987,Noah,Smirnov,M,21,Israel,Nazareth,5:20:25
2988,Olivia,Nowak,F,31,Netherlands,Amsterdam,5:07:35
2989,Isabella,Rossi,F,19,Italy,Turin,2:43:33
2990,Mateo,Walker,M,32,Ukraine,Kyiv,5:33:50
2991,Marco,Brown,M,49,Italy,Bologna,5:25:40
2992,Carlos,Anderson,M,22,Argentina,La Plata,4:21:46
2993,William,Ferrari,M,52,India,Mumbai,2:27:35
2994,Noah,Garcia,M,47,Finland,Vantaa,3:34:16
2995,Isabella,Johnson,F,30,Romania,Bucharest,4:48:20
2996,Anna,Hernandez,F,26,Singapore,Singapore,2:48:47
2997,Liam,Popov,M,19,Netherlands,Eindhoven,2:24:16
2998,Mateo,Harris,M,49,Austria,Linz,4:21:06
2999,Lorenzo,Harris,M,29,Slovakia,Zilina,4:43:16
3000,Mateusz,Davis,M,51,Ethiopia,Mekelle,5:19:55
3001,Benjamin,Melo,M,65,Norway,Stavanger,2:37:45
3002,Oleg,Sanchez,M,39,Netherlands,Rotterdam,5:33:46
3003,Luis,Allen,M,18,Mexico,Monterrey,5:15:06
3004,María,Lee,F,57,Norway,Trondheim,4:15:48
3005,Marco,Lopez,M,42,Switzerland,Geneva,3:00:52
3006,Isabella,Jones,F,18,Italy,Bologna,5:14:45
3007,Ekaterina,Harris,F,25,Germany,Berlin,5:10:43
3008,Sophia,Kowalski,F,54,Ukraine,Lviv,3:56:08
3009,David,Harris,M,21,Japan,Nagoya,4:06:14
3010,Benjamin,Kaczmarek,M,49,Argentina,Mendoza,4:36:57
3011,Henry,Smirnov,M,25,South Korea,Seoul,2:17:45
3012,Emily,Hernandez,F,26,Czech Republic,Ostrava,5:37:55
3013,Daria,Rodriguez,F,39,Hungary,Debrecen,3:44:55
3014,Santiago,Wright,M,66,Austria,Linz,4:56:48
3015,Olivia,Smith,F,48,Poland,Warsaw,4:39:29
3016,Robert,Garcia,M,63,Germany,Munich,3:06:50
3017,Emily,Novak,F,34,Turkey,Antalya,4:11:32
3018,Alexander,Thompson,M,42,South Korea,Incheon,3:03:13
3019,Kacper,Nguyen,M,37,Austria,Graz,2:40:56
3020,Giovanni,Lewis,M,51,Ukraine,Kharkiv,4:19:42
3021,Harry,Nguyen,M,42,Denmark,Aalborg,4:01:54
3022,Magdalena,Jackson,F,69,Canada,Vancouver,3:22:04
3023,Oleg,Martinez,M,44,China,Guangzhou,4:55:50
3024,Liam,Wilson,M,65,Argentina,Buenos Aires,2:30:10
3025,Lucas,Kuznetsov,M,36,Japan,Tokyo,5:24:46
3026,Luis,Lopez,M,49,Australia,Sydney,3:51:57
3027,Sara,Silva,F,53,Austria,Linz,4:55:53
3028,Isabella,Jackson,F,48,China,Chengdu,5:43:06
3029,Lucas,Gonzalez,M,30,India,Mumbai,5:55:41
3030,Yuki,Nowak,F,55,Spain,Barcelona,2:40:02
3031,Oliver,Sanchez,M,63,Ethiopia,Gondar,4:23:03
3032,Arthur,Anderson,M,51,Ethiopia,Dire Dawa,4:52:53
3033,Megan,Silva,F,52,Denmark,Copenhagen,5:30:22
3034,George,Martin,M,37,Portugal,Porto,4:02:33
3035,William,Sanchez,M,70,China,Beijing,5:04:20
3036,Jack,Kowalski,M,42,Japan,Nagoya,3:20:00
3037,Isabella,Novak,F,34,United Kingdom,Manchester,2:51:16
3038,Hugo,Smirnov,M,60,Czech Republic,Pilsen,4:54:03
3039,Zuzanna,Nguyen,F,66,Singapore,Singapore,5:29:59
3040,Emma,Lewis,F,65,France,Bordeaux,4:42:38
3041,Lorenzo,Kowalczyk,M,44,France,Nice,4:58:50
3042,Harry,Kuznetsov,M,54,South Africa,Durban,3:06:42
3043,John,Kowalski,M,63,Italy,Bologna,5:06:54
3044,Daria,Bianchi,F,35,Spain,Seville,3:28:36
3045,Jack,Petrov,M,48,South Korea,Daegu,5:52:01
3046,Zuzanna,Popov,F,43,Russia,Kazan,4:09:09
3047,Mateo,Jackson,M,58,Russia,Novosibirsk,2:38:56
3048,Jakub,Harris,M,19,Switzerland,Lausanne,5:41:11
3049,Santiago,Santos,M,59,United Kingdom,Glasgow,3:25:26
3050,Anna,Lopez,F,51,Israel,Jerusalem,2:15:50
3051,Lucia,Melo,F,50,Canada,Ottawa,4:41:37
3052,Zuzanna,Ivanov,F,29,Netherlands,Utrecht,2:20:45
3053,Ekaterina,Ferrari,F,47,Romania,Timisoara,3:30:53
3054,Yuki,Petrov,F,22,Netherlands,Amsterdam,3:05:15
3055,Ava,Rodriguez,F,69,Czech Republic,Prague,2:15:34
3056,Santiago,Ivanov,M,67,Austria,Innsbruck,2:47:49
3057,Katarzyna,Ivanov,F,45,Canada,Montreal,4:29:05
3058,Isabella,King,F,66,Slovakia,Nitra,5:22:48
3059,Emily,King,F,18,China,Shenzhen,3:51:58
3060,Magdalena,Murphy,F,50,Japan,Sapporo,2:58:57
3061,Emily,Jackson,F,52,Norway,Trondheim,5:45:52
3062,Jakub,Novak,M,67,Ukraine,Odesa,2:58:00
3063,Amelia,Smirnov,F,30,Spain,Bilbao,5:54:09
3064,Mia,Popov,F,23,China,Guangzhou,3:27:12
3065,Alexander,Anderson,M,67,United Arab Emirates,Sharjah,4:35:49
3066,Katarzyna,Santos,F,43,South Africa,Port Elizabeth,2:31:14
3067,Luis,Young,M,19,France,Lyon,3:27:25
3068,Thomas,Smith,M,58,Canada,Montreal,3:02:05
3069,Zuzanna,Wiśniewski,F,51,Turkey,Istanbul,4:06:34
3070,Giovanni,Moore,M,65,Norway,Stavanger,3:32:22
3071,David,Lewis,M,69,Switzerland,Geneva,3:44:46
3072,Michael,Martinez,M,28,Turkey,Istanbul,5:57:37
3073,Luis,Kuznetsov,M,58,Ethiopia,Gondar,3:03:38
3074,Olivia,Jackson,F,24,Turkey,Antalya,2:08:20
3075,Giulia,Kaczmarek,F,26,Turkey,Bursa,4:01:00
3076,Marco,Anderson,M,55,Russia,Moscow,2:28:13
3077,Jan,Sanchez,M,21,Japan,Kyoto,4:08:34
3078,Zuzanna,Smirnov,F,46,Norway,Trondheim,5:17:30
3079,Pedro,Petrov,M,69,Poland,Poznan,4:12:39
3080,Camila,Taylor,F,29,United Arab Emirates,Abu Dhabi,4:25:30
3081,David,Kuznetsov,M,29,Ukraine,Kharkiv,3:46:37
3082,Henry,Murphy,M,60,Poland,Poznan,2:42:05
3083,Zuzanna,Kowalczyk,F,47,Portugal,Faro,5:46:18
3084,Valentina,Jackson,F,27,Slovakia,Zilina,2:15:19
3085,Lucas,Clark,M,38,Poland,Wroclaw,5:22:41
3086,Giulia,Wilson,F,39,Russia,Novosibirsk,2:20:05
3087,Lucas,Romano,M,68,Norway,Tromso,4:57:07
3088,Jan,Miller,M,45,Finland,Vantaa,5:15:12
3089,Oliver,Hernandez,M,62,Turkey,Antalya,3:07:39
3090,Daria,Smith,F,54,Mexico,Guadalajara,3:43:44
3091,Maya,Santos,F,43,Netherlands,Amsterdam,4:19:32
3092,Isabella,Popov,F,18,Spain,Madrid,2:59:09
3093,Sophia,Murphy,F,51,Finland,Helsinki,3:10:15
3094,María,Silva,F,65,Czech Republic,Brno,3:00:25
3095,Sara,Ivanov,F,42,Sweden,Malmo,2:59:40
3096,Zuzanna,Nowak,F,55,Poland,Krakow,4:07:52
3097,Isabella,Popov,F,55,Romania,Iasi,4:37:51
3098,George,Kaczmarek,M,44,Finland,Helsinki,3:01:54
3099,Magdalena,Nguyen,F,47,Argentina,Buenos Aires,2:45:54
3100,Isabella,Thompson,F,56,Ethiopia,Bahir Dar,3:11:52
3101,Liam,Young,M,63,Poland,Poznan,3:51:57
3102,Nikolai,Miller,M,22,United Kingdom,Glasgow,3:01:31
3103,Emily,Novak,F,55,Mexico,Guadalajara,4:34:24
3104,Michael,Lee,M,55,Spain,Madrid,2:16:24
3105,Santiago,Brown,M,37,Ukraine,Lviv,4:16:27
3106,Julia,Wright,F,53,Japan,Kyoto,5:20:02
3107,Giulia,Nguyen,F,60,Canada,Vancouver,4:04:53
3108,Lucia,Lee,F,66,South Africa,Pretoria,3:05:25
3109,Anna,Martinez,F,65,Ukraine,Odesa,5:59:15
3110,Hugo,Kowalczyk,M,43,South Africa,Durban,3:06:57
3111,Lucia,Kuznetsov,F,65,United States,New York,4:36:40
3112,Lucas,Brown,M,23,Brazil,Salvador,3:35:07
3113,George,Miller,M,68,Canada,Toronto,5:31:54
3114,David,Martinez,M,40,United States,Los Angeles,3:13:59
3115,Jan,Sanchez,M,68,Slovakia,Nitra,5:38:49
3116,Sara,Hernandez,F,70,Kenya,Nairobi,4:41:00
3117,Maria,Johnson,F,30,Czech Republic,Olomouc,4:46:04
3118,Harry,Ramirez,M,25,Ethiopia,Addis Ababa,4:59:39
3119,Magdalena,Anderson,F,68,United Kingdom,Glasgow,5:15:11
3120,John,Davis,M,22,Canada,Calgary,3:37:58
3121,Arthur,Lee,M,53,Brazil,Brasilia,5:25:26
3122,Abigail,Silva,F,34,Norway,Stavanger,4:21:14
3123,Isabella,Lopez,F,38,Austria,Linz,5:13:01
3124,Jack,Jackson,M,62,Australia,Brisbane,3:32:56
3125,Maria,Torres,F,30,Sweden,Malmo,2:27:40
3126,Lucia,White,F,23,South Africa,Durban,4:08:47
3127,Yuki,Martin,F,30,Romania,Bucharest,3:11:36
3128,Ingrid,Kowalczyk,F,27,Czech Republic,Prague,2:35:10
3129,Mikhail,Rodriguez,M,43,Japan,Sapporo,4:09:33
3130,Anna,Brown,F,23,Italy,Bologna,4:21:31
3131,Piotr,Novak,M,51,Slovakia,Nitra,5:29:17
3132,Olga,White,F,45,Australia,Brisbane,4:40:18
3133,Ava,Davis,F,33,Ukraine,Kyiv,2:24:34
3134,Kacper,Petrov,M,41,Kenya,Nairobi,3:09:13
3135,Giulia,Ramirez,F,70,Argentina,Cordoba,4:32:19
3136,Piotr,Lewis,M,61,Singapore,Singapore,5:49:32
3137,Evelyn,Smith,F,63,Ukraine,Dnipro,4:09:15
3138,Harry,Thompson,M,35,Israel,Beer Sheva,5:01:55
3139,Harry,Harris,M,21,Switzerland,Lausanne,2:16:47
3140,James,Gomes,M,39,Turkey,Antalya,2:26:51
3141,Anna,Jones,F,22,Argentina,Buenos Aires,4:42:51
3142,Yuki,Wright,F,28,Finland,Espoo,3:48:08
3143,Marco,Smith,M,40,South Africa,Pretoria,3:02:59
3144,Laura,Jones,F,70,Ukraine,Kyiv,4:37:29
3145,Ingrid,Clark,F,46,Turkey,Istanbul,4:08:50
3146,Valentina,White,F,67,India,Chennai,2:15:05
3147,Noah,Petrov,M,49,Austria,Innsbruck,4:36:24
3148,Michael,Romano,M,36,India,Delhi,2:25:05
3149,Chiara,Lewis,F,58,Poland,Wroclaw,2:44:44
3150,Isabella,Rodriguez,F,25,India,Chennai,3:57:10
3151,Thomas,Silva,M,50,Singapore,Singapore,4:53:25
3152,Lucas,Taylor,M,28,United Arab Emirates,Abu Dhabi,5:14:46
3153,Arthur,Brown,M,65,Poland,Gdansk,3:46:34
3154,Hugo,Novak,M,23,United Kingdom,London,4:23:01
3155,Oleg,Rodriguez,M,52,Canada,Toronto,4:38:20
3156,Lucas,Williams,M,22,Poland,Gdansk,5:55:40
3157,Lorenzo,Davis,M,34,Japan,Kyoto,5:31:25
3158,Alexander,Lee,M,59,Brazil,Rio de Janeiro,3:18:54
3159,Isabella,Torres,F,65,Italy,Rome,3:44:47
3160,Katarzyna,Hernandez,F,33,Poland,Warsaw,3:25:37
3161,Isabela,Hernandez,F,52,Poland,Krakow,2:52:51
3162,Anna,Martinez,F,21,Ukraine,Lviv,5:39:03
3163,David,Allen,M,66,Canada,Ottawa,4:49:48
3164,Alexander,Kaczmarek,M,36,United Kingdom,Birmingham,4:49:28
3165,Sofia,Kuznetsov,F,68,United Kingdom,Edinburgh,4:09:40
3166,Marco,King,M,33,Russia,Moscow,4:16:08
3167,Hugo,Martin,M,47,China,Shenzhen,5:45:51
3168,Hugo,Gomes,M,29,Ukraine,Lviv,2:12:38
3169,Harry,Robinson,M,65,Argentina,Cordoba,2:09:49
3170,Emily,Thomas,F,22,Switzerland,Basel,2:29:09
3171,Lorenzo,Silva,M,24,Poland,Krakow,4:30:46
3172,Mateo,Nowak,M,26,United States,Los Angeles,5:18:14
3173,Kacper,Hernandez,M,46,United States,San Francisco,5:55:36
3174,James,Jones,M,23,Australia,Sydney,4:28:00
3175,Isabella,Clark,F,52,Hungary,Szeged,2:25:15
3176,Alexander,Jackson,M,57,Portugal,Braga,5:04:32
3177,Jan,Miller,M,51,Brazil,Salvador,3:27:34
3178,Maya,Nguyen,F,62,Kenya,Nakuru,2:16:00
3179,Olivia,Harris,F,59,United States,Los Angeles,5:48:49
3180,Julia,Oliveira,F,36,Switzerland,Basel,3:43:15
3181,Zuzanna,Wilson,F,56,Portugal,Braga,4:06:13
3182,Laura,Wilson,F,26,Argentina,La Plata,4:49:08
3183,Ekaterina,Hernandez,F,44,Brazil,Sao Paulo,5:05:31
3184,Santiago,Lee,M,23,Australia,Melbourne,3:18:07
3185,Jack,Oliveira,M,27,Austria,Innsbruck,2:11:53
3186,Daniel,Williams,M,38,Switzerland,Basel,4:00:50
3187,Arthur,Anderson,M,31,France,Bordeaux,4:15:32
3188,Olivia,Lee,F,48,Canada,Vancouver,5:22:31
3189,Jack,Johnson,M,69,South Korea,Busan,4:04:29
3190,Oliver,Kowalski,M,55,South Africa,Cape Town,4:58:30
3191,Daniel,Kaczmarek,M,19,Germany,Cologne,2:49:12
3192,Jack,Ferrari,M,38,Finland,Tampere,5:29:41
3193,Alina,Thomas,F,31,Turkey,Bursa,5:46:55
3194,Julia,Allen,F,59,Australia,Sydney,3:57:44
3195,John,Smirnov,M,55,Italy,Bologna,4:30:27
3196,Luis,Kaczmarek,M,45,Slovakia,Nitra,3:05:30
3197,Daniel,Perez,M,66,United Kingdom,London,3:43:55
3198,Lucas,Ivanov,M,31,Australia,Brisbane,3:35:10
3199,Olivia,Scott,F,31,South Africa,Durban,5:27:14
3200,Sunita,Walker,F,46,Canada,Ottawa,5:58:30
3201,William,Murphy,M,42,South Africa,Johannesburg,5:39:41
3202,Giulia,Hernandez,F,47,Argentina,Rosario,5:10:53
3203,Emma,Scott,F,59,Sweden,Uppsala,4:08:27
3204,Isabella,Novak,F,67,Turkey,Bursa,5:13:30
3205,Olivia,Brown,F,66,United Kingdom,Edinburgh,3:25:40
3206,Nikolai,Wright,M,54,France,Nice,2:19:37
3207,Hugo,Ramirez,M,22,Ethiopia,Mekelle,4:31:18
3208,Sara,Torres,F,57,Portugal,Braga,4:05:34
3209,Mateo,Harris,M,42,Ethiopia,Bahir Dar,4:29:56
3210,Chiara,Smirnov,F,20,Argentina,Buenos Aires,5:41:13
3211,George,Taylor,M,50,Sweden,Gothenburg,3:50:58
3212,Magdalena,Smith,F,48,Norway,Oslo,5:32:23
3213,David,Scott,M,43,Ukraine,Kharkiv,5:42:23
3214,Ava,Torres,F,58,China,Chengdu,2:31:26
3215,Lorenzo,Ferrari,M,44,Singapore,Singapore,3:15:28
3216,Alexander,Johnson,M,42,Czech Republic,Olomouc,2:33:46
3217,Daniel,Costa,M,48,Japan,Tokyo,3:15:06
3218,Alexander,Novak,M,35,Canada,Calgary,5:26:24
3219,Hannah,Allen,F,36,Sweden,Malmo,4:54:37
3220,Anna,Smirnov,F,61,Kenya,Nakuru,5:49:46
3221,Nikolai,Johnson,M,25,Italy,Bologna,5:47:18
3222,Amelia,Costa,F,26,Finland,Oulu,4:53:03
3223,Ivan,Robinson,M,27,Portugal,Braga,5:39:43
3224,Lucas,Torres,M,58,Netherlands,The Hague,3:34:56
3225,Daniel,Perez,M,60,Brazil,Rio de Janeiro,3:54:00
3226,Ekaterina,Clark,F,34,Czech Republic,Ostrava,2:41:22
3227,Olivia,Jackson,F,27,Israel,Haifa,4:46:32
3228,Oleg,Perez,M,69,Italy,Naples,4:37:21
3229,Maria,Rossi,F,57,Turkey,Bursa,2:47:38
3230,Oliver,Hernandez,M,29,Germany,Frankfurt,3:19:22
3231,Olivia,Costa,F,65,Ukraine,Kyiv,4:46:02
3232,Robert,Silva,M,18,Brazil,Rio de Janeiro,4:08:17
3233,Sara,Costa,F,26,Japan,Tokyo,3:03:40
3234,Olivia,Costa,F,35,United Arab Emirates,Ajman,4:43:21
3235,Oliver,Garcia,M,43,Israel,Nazareth,5:37:25
3236,Isabela,Smirnov,F,70,Brazil,Fortaleza,2:14:51
3237,Mateo,Lewis,M,54,Canada,Ottawa,3:38:06
3238,Piotr,Kowalski,M,30,Canada,Calgary,5:12:08
3239,Laura,Williams,F,69,Turkey,Izmir,2:36:12
3240,Ingrid,Brown,F,55,Sweden,Gothenburg,5:16:49
3241,Valentina,Sanchez,F,45,United Kingdom,London,5:14:52
3242,Benjamin,Costa,M,42,Singapore,Singapore,4:39:11
3243,Megan,Wright,F,21,India,Bangalore,4:58:49
3244,Jan,Melo,M,19,United States,New York,3:09:05
3245,Chiara,Wilson,F,40,Slovakia,Kosice,3:22:53
3246,William,Garcia,M,27,Ethiopia,Gondar,5:51:39
3247,Megan,Bianchi,F,56,Netherlands,Utrecht,5:22:57
3248,Evelyn,Novak,F,52,United Kingdom,London,4:34:15
3249,Giulia,Davis,F,50,Argentina,Buenos Aires,5:44:30
3250,Ava,Wright,F,50,Romania,Timisoara,4:56:28
3251,María,Ferrari,F,41,Argentina,Cordoba,3:16:54
3252,Oliver,Wiśniewski,M,66,United Arab Emirates,Ras Al Khaimah,3:36:36
3253,Mateusz,Jackson,M,32,United States,New York,4:00:28
3254,Olivia,Nowak,F,41,Finland,Helsinki,5:57:33
3255,Megan,Gomes,F,57,India,Chennai,4:01:28
3256,Camila,Jackson,F,33,Switzerland,Zurich,3:36:47
3257,Mia,Clark,F,63,Austria,Linz,3:20:48
3258,Liam,Costa,M,44,Ethiopia,Bahir Dar,5:26:24
3259,Evelyn,Kowalczyk,F,33,South Africa,Pretoria,2:33:01
3260,Alexander,Gonzalez,M,33,India,Mumbai,2:43:30
3261,Henry,Garcia,M,23,Mexico,Puebla,2:14:13
3262,John,Martinez,M,59,Argentina,Mendoza,3:24:23
3263,William,Rossi,M,43,Australia,Sydney,3:19:56
3264,Piotr,Kaczmarek,M,67,Brazil,Salvador,2:31:40
3265,Piotr,Young,M,55,Denmark,Aalborg,4:10:51
3266,Giovanni,Costa,M,20,Kenya,Eldoret,2:42:25
3267,Michael,Perez,M,23,Romania,Iasi,3:46:59
3268,Valentina,Martinez,F,62,Singapore,Singapore,3:28:30
3269,Jakub,Rossi,M,20,Finland,Vantaa,4:10:50
3270,Anna,Allen,F,44,United Kingdom,Edinburgh,2:28:51
3271,Arthur,Taylor,M,27,Ukraine,Lviv,2:08:02
3272,Marco,Ramirez,M,58,Slovakia,Presov,5:10:27
3273,Anna,Kowalski,F,56,India,Bangalore,3:53:05
3274,Yuki,Young,F,47,Sweden,Gothenburg,2:42:09
3275,Sofia,Taylor,F,46,France,Lyon,5:25:57
3276,Katarzyna,Gonzalez,F,54,Slovakia,Zilina,4:26:51
3277,Mateo,Hernandez,M,37,Austria,Linz,5:25:45
3278,Maya,Anderson,F,33,Hungary,Szeged,4:52:40
3279,Benjamin,Nowak,M,21,Singapore,Singapore,2:49:58
3280,David,Costa,M,34,Japan,Tokyo,3:31:46
3281,John,Petrov,M,33,Russia,Kazan,4:27:49
3282,Emma,Bianchi,F,21,Czech Republic,Olomouc,2:18:39
3283,Pedro,Young,M,39,Germany,Munich,4:33:25
3284,Oliver,Anderson,M,37,South Africa,Pretoria,5:28:01
3285,Jan,White,M,52,Turkey,Bursa,2:25:53
3286,Harry,Gomes,M,69,United Kingdom,Glasgow,4:29:20
3287,Daria,Miller,F,29,United States,Los Angeles,4:23:55
3288,James,Davis,M,53,China,Beijing,2:24:10
3289,Thomas,Lewis,M,47,Slovakia,Presov,2:50:16
3290,Thomas,Smith,M,38,Singapore,Singapore,5:29:31
3291,Liam,Martin,M,32,Singapore,Singapore,4:20:22
3292,Oleg,Hernandez,M,30,Ethiopia,Addis Ababa,2:22:18
3293,Jakub,Wright,M,27,South Africa,Johannesburg,2:29:09
3294,Ekaterina,Santos,F,29,South Africa,Johannesburg,4:23:58
3295,Piotr,Anderson,M,20,Kenya,Nakuru,4:06:25
3296,David,Popov,M,29,Ethiopia,Gondar,4:57:58
3297,Emma,Davis,F,49,Austria,Graz,5:57:50
3298,Michael,Murphy,M,42,Singapore,Singapore,3:02:16
3299,Hugo,Lewis,M,29,Singapore,Singapore,2:55:17
3300,Giulia,Novak,F,68,Denmark,Esbjerg,2:57:54
3301,Marco,Kaczmarek,M,23,South Korea,Daegu,4:34:14
3302,Yuki,Gonzalez,F,60,Mexico,Guadalajara,5:52:07
3303,Ingrid,Wiśniewski,F,29,Denmark,Odense,2:15:23
3304,Yuki,Kowalczyk,F,25,Italy,Turin,3:48:06
3305,George,Martin,M,57,Japan,Nagoya,4:24:19
3306,Jakub,Romano,M,46,South Africa,Pretoria,2:19:34
3307,Elijah,Rossi,M,39,Germany,Cologne,5:20:31
3308,Olga,Ferrari,F,37,Switzerland,Zurich,2:41:50
3309,Carlos,Bianchi,M,42,Singapore,Singapore,5:12:08
3310,James,Wilson,M,38,Netherlands,Eindhoven,4:14:48
3311,Maya,Novak,F,30,Mexico,Cancun,5:09:20
3312,Alina,Allen,F,41,Italy,Milan,5:33:12
3313,Henry,Rodriguez,M,50,Ethiopia,Addis Ababa,4:19:46
3314,Marco,Popov,M,32,Brazil,Brasilia,5:28:57
3315,John,Novak,M,35,Norway,Trondheim,4:29:14
3316,Jan,Petrov,M,51,United Arab Emirates,Sharjah,2:08:23
3317,Olivia,Novak,F,41,Hungary,Debrecen,2:37:32
3318,Isabella,Murphy,F,36,Spain,Madrid,4:07:49
3319,María,Silva,F,22,South Africa,Cape Town,5:37:40
3320,Olivia,Rossi,F,53,Mexico,Guadalajara,5:32:06
3321,Liam,Smith,M,37,Austria,Linz,5:23:14
3322,Pedro,Perez,M,25,Brazil,Rio de Janeiro,4:52:42
3323,Mikhail,Jackson,M,21,Sweden,Stockholm,5:11:20
3324,Maria,Williams,F,58,South Africa,Port Elizabeth,4:50:15
3325,Mateusz,Wilson,M,23,Romania,Constanta,4:28:38
3326,James,Murphy,M,30,United Kingdom,London,2:39:31
3327,Mia,Sanchez,F,24,Mexico,Puebla,3:57:35
3328,John,Nguyen,M,26,Mexico,Puebla,3:27:04
3329,Katarzyna,Jones,F,67,Portugal,Porto,3:40:43
3330,John,Lee,M,23,Australia,Sydney,4:16:18
3331,Charlotte,Miller,F,48,Kenya,Kisumu,3:20:35
3332,Marco,Miller,M,40,Hungary,Budapest,4:39:04
3333,Carlos,Rodriguez,M,61,United Kingdom,Glasgow,5:09:04
3334,Lucia,White,F,70,Norway,Tromso,5:35:27
3335,Olivia,Santos,F,59,Slovakia,Kosice,5:14:40
3336,Magdalena,Gonzalez,F,55,Mexico,Puebla,3:26:39
3337,Lorenzo,Sanchez,M,39,Turkey,Ankara,5:34:37
3338,Ivan,Wright,M,36,Slovakia,Nitra,3:47:25
3339,Isabella,Smirnov,F,40,Hungary,Debrecen,2:12:27
3340,Lorenzo,Oliveira,M,25,United Kingdom,Edinburgh,5:43:31
3341,Evelyn,Robinson,F,70,Denmark,Odense,3:37:25
3342,Jack,Taylor,M,61,Germany,Munich,4:42:30
3343,David,Allen,M,49,Slovakia,Kosice,4:01:16
3344,Lorenzo,Ferrari,M,31,Hungary,Miskolc,2:19:22
3345,Yuki,Ferrari,F,70,United States,Boston,3:06:24
3346,Sara,Lopez,F,36,Russia,Saint Petersburg,5:35:47
3347,Yuki,Scott,F,64,United Kingdom,Glasgow,2:27:19
3348,Daniel,Wright,M,35,Kenya,Eldoret,5:46:47
3349,Megan,Williams,F,53,Brazil,Salvador,3:45:16
3350,Ekaterina,Scott,F,26,Netherlands,The Hague,3:48:02
3351,Sunita,Martin,F,45,Spain,Madrid,3:11:33
3352,Maya,Ivanov,F,39,United Kingdom,London,3:22:19
3353,Emma,Kaczmarek,F,25,South Korea,Busan,2:33:45
3354,Ingrid,Torres,F,59,Singapore,Singapore,2:18:04
3355,Olivia,Robinson,F,22,Germany,Berlin,5:19:27
3356,Sophia,Bianchi,F,23,Kenya,Kisumu,5:08:26
3357,James,Kowalczyk,M,20,Australia,Brisbane,3:01:08
3358,Ingrid,Oliveira,F,30,United Kingdom,Manchester,3:35:17
3359,Laura,Murphy,F,55,Slovakia,Presov,4:54:30
3360,María,Gonzalez,F,27,Australia,Adelaide,2:48:54
3361,Isabela,Torres,F,56,Ukraine,Lviv,4:34:14
3362,Sofia,Rodriguez,F,42,South Korea,Daejeon,3:16:42
3363,Mateusz,Martin,M,18,Spain,Seville,2:41:38
3364,Giovanni,Romano,M,68,Kenya,Mombasa,4:07:41
3365,Maya,Melo,F,30,Romania,Bucharest,4:27:24
3366,Lucas,Lee,M,23,Czech Republic,Prague,5:23:20
3367,Piotr,Davis,M,58,Austria,Vienna,3:06:44
3368,Alexander,Gonzalez,M,47,Ethiopia,Addis Ababa,3:08:18
3369,Michael,Popov,M,60,Portugal,Braga,2:31:11
3370,Mikhail,Hernandez,M,30,Spain,Bilbao,3:17:52
3371,Amelia,Kuznetsov,F,19,Argentina,Rosario,4:08:47
3372,Noah,Davis,M,65,Spain,Seville,5:36:02
3373,Isabella,Young,F,40,United Arab Emirates,Sharjah,2:37:21
3374,Carlos,Miller,M,33,Germany,Hamburg,5:32:54
3375,Giovanni,Robinson,M,61,Germany,Munich,4:06:54
3376,Sunita,Davis,F,63,Turkey,Bursa,2:06:34
3377,María,Costa,F,54,United Arab Emirates,Sharjah,3:38:16
3378,Mateusz,Wilson,M,23,Spain,Barcelona,4:15:41
3379,Isabela,Sanchez,F,31,Czech Republic,Ostrava,4:59:54
3380,Amelia,Allen,F,47,Israel,Haifa,4:50:38
3381,Daria,Ivanov,F,49,Argentina,Mendoza,3:38:48
3382,John,Romano,M,53,Norway,Trondheim,4:52:58
3383,María,Jackson,F,38,Switzerland,Zurich,3:20:04
3384,Liam,Smirnov,M,62,South Africa,Port Elizabeth,2:58:10
3385,Anna,Moore,F,28,China,Beijing,2:07:34
3386,Alexander,Martin,M,59,Kenya,Eldoret,5:02:13
3387,Sunita,Robinson,F,54,France,Nice,5:37:36
3388,Liam,Martinez,M,31,South Africa,Pretoria,2:28:48
3389,Sara,Miller,F,31,United Kingdom,Glasgow,2:05:43
3390,Thomas,Rodriguez,M,48,Italy,Bologna,4:33:58
3391,Lucas,Lewis,M,70,Czech Republic,Olomouc,3:41:42
3392,Hugo,King,M,26,Romania,Iasi,5:37:53
3393,Isabella,White,F,56,Hungary,Budapest,4:08:39
3394,Henry,Gomes,M,60,South Africa,Port Elizabeth,5:16:47
3395,Magdalena,Moore,F,29,Brazil,Fortaleza,2:40:05
3396,Maria,Robinson,F,30,France,Marseille,3:41:59
3397,Carlos,Perez,M,44,Netherlands,Amsterdam,4:42:54
3398,María,Costa,F,34,Hungary,Debrecen,4:58:44
3399,Magdalena,Nowak,F,69,South Africa,Cape Town,2:55:28
3400,Emma,Thomas,F,63,Brazil,Brasilia,2:41:22
3401,Chiara,Walker,F,70,Switzerland,Basel,3:23:29
3402,Amelia,Sanchez,F,55,Brazil,Rio de Janeiro,5:22:28
3403,Kacper,Kuznetsov,M,20,Slovakia,Presov,3:56:56
3404,Sunita,Garcia,F,21,Denmark,Copenhagen,3:06:45
3405,Laura,Nguyen,F,61,Czech Republic,Prague,3:16:15
3406,Luis,Allen,M,18,Argentina,Cordoba,4:15:42
3407,Santiago,Ferrari,M,55,South Korea,Daejeon,5:34:31
3408,Zuzanna,Martin,F,50,Singapore,Singapore,4:42:22
3409,Piotr,Kuznetsov,M,35,Kenya,Nakuru,5:42:00
3410,Mikhail,Taylor,M,57,Singapore,Singapore,3:54:09
3411,Hannah,White,F,26,Germany,Frankfurt,4:15:23
3412,Megan,Melo,F,43,Romania,Timisoara,4:56:04
3413,Lorenzo,Jackson,M,23,Canada,Montreal,5:44:08
3414,Marco,Kowalczyk,M,21,Italy,Naples,4:52:36
3415,Ivan,Davis,M,61,Portugal,Coimbra,2:21:17
3416,Isabella,Kowalski,F,42,United Kingdom,London,5:14:06
3417,Luis,Harris,M,23,Hungary,Pecs,3:19:09
3418,Charlotte,Davis,F,66,France,Paris,4:37:44
3419,David,Martin,M,69,Australia,Brisbane,5:14:47
3420,Valentina,Nowak,F,32,Czech Republic,Brno,2:20:23
3421,Maya,Melo,F,23,Poland,Warsaw,5:56:00
3422,Yuki,Allen,F,39,China,Shanghai,2:09:32
3423,Laura,Jackson,F,49,Germany,Frankfurt,4:31:50
3424,Kacper,Miller,M,38,Netherlands,Amsterdam,4:21:35
3425,Oleg,Wright,M,55,Sweden,Uppsala,4:07:25
3426,Noah,Rodriguez,M,26,United States,Los Angeles,2:41:58
3427,Jan,Lewis,M,45,Kenya,Kisumu,3:27:15
3428,Giulia,Walker,F,37,South Korea,Daejeon,4:27:21
3429,Emily,Gomes,F,37,Romania,Bucharest,5:22:39
3430,Isabella,Bianchi,F,40,Russia,Novosibirsk,3:59:35
3431,Nikolai,Thompson,M,56,Argentina,La Plata,3:31:49
3432,Santiago,Harris,M,56,South Korea,Daegu,2:37:58
3433,Lucas,Kowalczyk,M,38,China,Chengdu,5:10:22
3434,John,Lewis,M,22,Poland,Krakow,5:27:35
3435,Liam,Williams,M,52,Norway,Tromso,2:13:46
3436,Anna,Novak,F,54,India,Mumbai,2:43:43
3437,Thomas,Anderson,M,46,Russia,Saint Petersburg,5:31:35
3438,Luis,Allen,M,24,Austria,Innsbruck,5:09:18
3439,Arthur,Smith,M,64,China,Beijing,2:44:00
3440,Isabela,Wiśniewski,F,34,Mexico,Mexico City,2:09:23
3441,Daniel,Young,M,43,Ethiopia,Dire Dawa,4:36:13
3442,Sunita,Johnson,F,69,Brazil,Rio de Janeiro,2:36:57
3443,Sophia,Kowalczyk,F,29,Sweden,Stockholm,5:30:36
3444,Daria,Lopez,F,65,Turkey,Antalya,5:11:11
3445,Anna,Allen,F,28,Romania,Constanta,4:12:40
3446,Arthur,Martinez,M,30,Czech Republic,Brno,2:23:05
3447,Mateo,King,M,65,Ethiopia,Dire Dawa,4:10:20
3448,Daniel,Wiśniewski,M,54,Netherlands,Rotterdam,3:31:07
3449,Chiara,Murphy,F,35,Brazil,Sao Paulo,4:13:13
3450,Jack,Davis,M,53,Russia,Moscow,5:49:31
3451,James,Anderson,M,30,Canada,Ottawa,2:40:08
3452,Sophia,Young,F,57,India,Mumbai,5:41:40
3453,Mia,Jones,F,45,Denmark,Aarhus,4:01:54
3454,María,Anderson,F,60,United Kingdom,London,5:59:32
3455,Mateo,Nguyen,M,42,Turkey,Antalya,3:47:52
3456,Michael,Perez,M,30,South Korea,Busan,5:09:40
3457,Luis,Rossi,M,50,Poland,Krakow,3:50:56
3458,Hannah,Sanchez,F,37,France,Lyon,3:16:33
3459,Lucas,Costa,M,55,Finland,Tampere,5:49:56
3460,Giulia,Lopez,F,31,Czech Republic,Prague,2:09:04
3461,Emily,Romano,F,30,Norway,Stavanger,4:13:20
3462,Abigail,Torres,F,25,Argentina,La Plata,5:19:13
3463,Megan,Young,F,57,Turkey,Ankara,5:14:52
3464,Pedro,Harris,M,65,Slovakia,Presov,2:11:19
3465,Isabella,Clark,F,23,Czech Republic,Prague,5:35:44
3466,Alexander,Taylor,M,19,Canada,Calgary,5:00:51
3467,Ekaterina,Anderson,F,48,Ethiopia,Gondar,5:15:32
3468,Daria,Thompson,F,64,China,Beijing,4:45:49
3469,Ivan,Popov,M,53,Hungary,Pecs,3:54:44
3470,Anna,Oliveira,F,34,Ukraine,Kyiv,2:10:19
3471,Daniel,Gonzalez,M,55,Singapore,Singapore,4:03:47
3472,Harry,Rossi,M,70,Slovakia,Nitra,2:23:41
3473,Olivia,Jones,F,40,Ethiopia,Mekelle,4:25:42
3474,John,King,M,69,United States,Boston,3:45:16
3475,William,Harris,M,34,Australia,Melbourne,3:07:27
3476,Luis,Oliveira,M,42,Denmark,Aalborg,4:04:12
3477,Yuki,Walker,F,32,Slovakia,Nitra,5:12:43
3478,John,Nguyen,M,52,Ethiopia,Gondar,3:54:09
3479,Daniel,Melo,M,50,South Korea,Seoul,5:44:05
3480,Lucas,Melo,M,50,Singapore,Singapore,3:20:31
3481,Liam,Robinson,M,35,France,Marseille,5:16:23
3482,Giovanni,Costa,M,52,Ethiopia,Bahir Dar,4:16:36
3483,Olivia,Bianchi,F,50,United States,Boston,3:41:51
3484,Camila,King,F,56,Ukraine,Odesa,2:49:05
3485,Laura,Rossi,F,39,France,Paris,4:17:23
3486,Isabela,Thompson,F,66,Finland,Espoo,5:51:39
3487,Olivia,Gomes,F,48,Argentina,La Plata,3:29:26
3488,Olivia,Smith,F,54,India,Delhi,2:33:55
3489,Alexander,Moore,M,58,Switzerland,Lausanne,4:12:14
3490,Nikolai,Scott,M,68,Turkey,Antalya,3:52:43
3491,Jan,Jackson,M,27,Russia,Novosibirsk,3:24:21
3492,Alexander,Melo,M,26,Russia,Novosibirsk,4:11:00
3493,Camila,Romano,F,63,Austria,Linz,3:09:04
3494,Maya,Jones,F,54,Netherlands,Eindhoven,2:19:15
3495,Sara,Smirnov,F,19,Brazil,Fortaleza,4:20:50
3496,Ekaterina,Thomas,F,40,Poland,Wroclaw,2:11:31
3497,Ekaterina,Garcia,F,41,Turkey,Izmir,2:52:48
3498,Alexander,Wilson,M,22,Finland,Tampere,5:53:31
3499,Sunita,Robinson,F,42,China,Chengdu,3:17:27
3500,Ava,Kaczmarek,F,51,Sweden,Malmo,4:04:29
3501,Olivia,Petrov,F,49,South Africa,Johannesburg,4:38:43
3502,Ava,Johnson,F,52,Hungary,Szeged,3:32:01
3503,Carlos,Robinson,M,31,Spain,Seville,2:12:45
3504,Yuki,Allen,F,60,India,Hyderabad,3:39:07
3505,Jack,Nowak,M,42,Mexico,Puebla,3:29:29
3506,Lucas,Allen,M,67,Romania,Timisoara,2:33:16
3507,Alexander,Bianchi,M,29,United Kingdom,Edinburgh,4:17:05
3508,Daria,King,F,44,United Kingdom,Glasgow,2:40:26
3509,Mateo,Miller,M,57,United States,Boston,4:46:09
3510,Sunita,Taylor,F,52,Mexico,Mexico City,5:33:28
3511,Ekaterina,Nguyen,F,38,Kenya,Nakuru,2:10:41
3512,Camila,Williams,F,69,Sweden,Vasteras,2:48:15
3513,Lucas,Martin,M,60,Hungary,Debrecen,4:21:46
3514,Mia,Bianchi,F,49,Brazil,Sao Paulo,2:32:30
3515,Anna,Melo,F,52,Russia,Novosibirsk,4:18:52
3516,Liam,Murphy,M,25,Norway,Tromso,5:51:59
3517,Liam,Santos,M,39,United Kingdom,Edinburgh,2:56:39
3518,Piotr,Clark,M,38,United States,Chicago,2:48:37
3519,Piotr,Petrov,M,20,United Arab Emirates,Ras Al Khaimah,5:48:08
3520,Chiara,Harris,F,52,Sweden,Stockholm,5:48:27
3521,Jan,Lee,M,46,South Africa,Johannesburg,4:20:11
3522,Ivan,Williams,M,62,United Kingdom,Glasgow,5:54:44
3523,David,Novak,M,59,Canada,Ottawa,4:27:06
3524,Abigail,Rodriguez,F,51,France,Paris,3:09:55
3525,Chiara,Taylor,F,32,Mexico,Puebla,2:07:10
3526,Jack,Jones,M,56,Turkey,Ankara,4:52:57
3527,Lucia,Brown,F,31,Canada,Calgary,2:49:35
3528,Isabela,Wright,F,27,Singapore,Singapore,2:26:32
3529,Emily,Davis,F,38,South Africa,Pretoria,4:24:46
3530,Magdalena,Kuznetsov,F,31,Turkey,Ankara,5:25:42
3531,Anna,Jackson,F,24,Switzerland,Lausanne,4:17:09
3532,Luis,Novak,M,43,India,Delhi,2:36:53
3533,Marco,Popov,M,47,Sweden,Vasteras,2:50:17
3534,Arthur,Popov,M,37,Japan,Nagoya,4:50:12
3535,Lorenzo,Williams,M,38,Hungary,Miskolc,2:23:20
3536,Mikhail,White,M,46,Netherlands,The Hague,3:56:11
3537,Lorenzo,Davis,M,54,Czech Republic,Olomouc,2:07:36
3538,Ekaterina,Gomes,F,46,Spain,Madrid,2:46:15
3539,Hannah,Lee,F,63,Poland,Krakow,5:13:29
3540,Sofia,Santos,F,60,South Korea,Daegu,3:12:35
3541,Piotr,Thompson,M,56,South Korea,Daegu,5:23:54
3542,Giulia,Ramirez,F,35,Portugal,Porto,3:05:12
3543,Sunita,Martinez,F,59,India,Chennai,4:04:52
3544,Amelia,Moore,F,52,Canada,Toronto,5:17:20
3545,Jan,Kaczmarek,M,36,Ukraine,Odesa,5:16:47
3546,Yuki,Melo,F,54,Sweden,Uppsala,5:29:58
3547,Sofia,Popov,F,63,France,Nice,5:54:59
3548,Evelyn,Kuznetsov,F,50,United Kingdom,Edinburgh,2:10:18
3549,Giovanni,Santos,M,55,United Arab Emirates,Ras Al Khaimah,5:22:25
3550,Ava,Kowalczyk,F,59,Ethiopia,Gondar,4:04:18
3551,Camila,Novak,F,65,Ethiopia,Addis Ababa,4:06:44
3552,Ivan,Allen,M,44,Mexico,Mexico City,4:06:13
3553,Robert,Jones,M,36,United Arab Emirates,Ajman,2:56:33
3554,Ekaterina,Garcia,F,21,Italy,Milan,4:21:52
3555,Thomas,Ramirez,M,68,Italy,Turin,2:11:55
3556,Arthur,Jackson,M,29,Brazil,Fortaleza,3:02:50
3557,Lucas,Melo,M,49,Turkey,Izmir,3:39:39
3558,Magdalena,Melo,F,64,France,Paris,3:06:48
3559,George,Nowak,M,27,China,Beijing,4:31:55
3560,Sofia,Rodriguez,F,67,Denmark,Aarhus,5:15:24
3561,Sophia,Smirnov,F,55,Israel,Haifa,4:51:35
3562,Mateusz,Gonzalez,M,24,Turkey,Izmir,4:32:08
3563,Nikolai,Torres,M,57,United Kingdom,Birmingham,4:35:19
3564,Elijah,Thompson,M,69,Mexico,Monterrey,2:26:19
3565,Mateusz,King,M,31,Israel,Jerusalem,2:24:04
3566,Emma,Taylor,F,36,Canada,Montreal,5:30:28
3567,Evelyn,Thompson,F,25,Ethiopia,Dire Dawa,5:21:03
3568,Jack,Bianchi,M,52,United Arab Emirates,Ajman,5:06:27
3569,Lucas,Smirnov,M,48,United Arab Emirates,Ajman,2:35:24
3570,Giovanni,Jones,M,55,Norway,Stavanger,2:50:29
3571,Magdalena,Smirnov,F,31,Ukraine,Kharkiv,2:08:49
3572,Alexander,Popov,M,27,Canada,Vancouver,5:03:27
3573,Marco,Lopez,M,64,South Africa,Durban,5:49:29
3574,Evelyn,Sanchez,F,27,Brazil,Sao Paulo,4:54:10
3575,Zuzanna,Ramirez,F,31,Denmark,Aalborg,4:42:05
3576,Arthur,King,M,57,Netherlands,Amsterdam,2:22:12
3577,Isabela,Martinez,F,26,Netherlands,Amsterdam,5:55:02
3578,Lucia,Popov,F,20,Finland,Espoo,3:38:06
3579,Jack,Allen,M,60,Portugal,Faro,3:13:56
3580,Pedro,Romano,M,21,Ethiopia,Dire Dawa,4:49:55
3581,Hannah,Jones,F,33,Kenya,Nakuru,2:55:17
3582,Hannah,Oliveira,F,27,United States,Chicago,2:39:42
3583,Emily,Popov,F,46,Brazil,Rio de Janeiro,3:58:21
3584,David,Wright,M,69,Poland,Wroclaw,5:20:56
3585,Giulia,Perez,F,58,Singapore,Singapore,5:29:47
3586,Charlotte,Kowalczyk,F,30,Hungary,Debrecen,2:09:15
3587,Anna,Thomas,F,65,Ukraine,Odesa,4:40:16
3588,Megan,Petrov,F,41,South Korea,Daejeon,3:49:27
3589,Carlos,Rossi,M,53,Czech Republic,Ostrava,3:01:47
3590,Alexander,Allen,M,18,South Korea,Incheon,3:31:45
3591,Anna,Silva,F,21,Italy,Bologna,2:12:20
3592,Emma,Gomes,F,27,Czech Republic,Prague,2:36:47
3593,Ivan,Davis,M,67,Norway,Oslo,3:35:48
3594,Mia,Scott,F,42,India,Mumbai,2:56:03
3595,Maria,Kaczmarek,F,58,Israel,Haifa,5:28:47
3596,Mateusz,Petrov,M,37,Italy,Turin,2:43:42
3597,Henry,Sanchez,M,34,Hungary,Debrecen,3:24:05
3598,Yuki,Ferrari,F,40,Singapore,Singapore,3:15:16
3599,Maya,Novak,F,39,Poland,Warsaw,5:24:49
3600,Hannah,Romano,F,31,South Africa,Port Elizabeth,3:57:28
3601,Santiago,Wiśniewski,M,23,Switzerland,Bern,5:21:16
3602,Kacper,King,M,49,Singapore,Singapore,3:32:43
3603,Piotr,Wiśniewski,M,48,Turkey,Istanbul,3:22:45
3604,Julia,Martin,F,47,Russia,Yekaterinburg,3:12:52
3605,Alexander,Petrov,M,54,United States,New York,5:27:20
3606,Laura,Torres,F,38,Czech Republic,Pilsen,4:16:48
3607,Hugo,Jones,M,66,Netherlands,Eindhoven,2:39:28
3608,Santiago,Costa,M,32,Poland,Gdansk,3:15:49
3609,Sophia,White,F,42,Italy,Turin,2:59:33
3610,Valentina,Hernandez,F,41,Canada,Ottawa,2:49:47
3611,Kacper,Clark,M,44,Hungary,Szeged,4:40:03
3612,Olivia,Wiśniewski,F,70,Turkey,Antalya,3:41:20
3613,Megan,Sanchez,F,42,Hungary,Debrecen,5:47:38
3614,Laura,Murphy,F,35,Romania,Iasi,3:32:04
3615,Laura,Harris,F,52,South Korea,Daejeon,3:47:54
3616,Jack,Kowalski,M,45,Poland,Warsaw,2:50:30
3617,Daniel,Sanchez,M,69,Denmark,Esbjerg,2:43:03
3618,Mateusz,Moore,M,50,India,Bangalore,3:04:44
3619,Mateo,Perez,M,33,India,Hyderabad,2:21:38
3620,David,Torres,M,48,South Africa,Port Elizabeth,4:55:20
3621,Sara,Smirnov,F,59,South Korea,Busan,4:07:49
3622,Charlotte,Hernandez,F,45,Ukraine,Dnipro,3:30:50
3623,Maria,Nowak,F,48,Argentina,Buenos Aires,2:20:42
3624,Harry,Rossi,M,44,Ukraine,Lviv,3:40:29
3625,Evelyn,Rodriguez,F,34,Brazil,Brasilia,3:42:28
3626,Noah,Jackson,M,37,Turkey,Ankara,5:34:49
3627,Robert,Brown,M,22,Mexico,Monterrey,5:58:16
3628,Robert,Wilson,M,22,Germany,Munich,3:26:12
3629,Santiago,White,M,20,Canada,Montreal,2:29:27
3630,Ingrid,Lopez,F,20,Mexico,Mexico City,2:41:38
3631,Michael,Wright,M,38,Australia,Perth,4:36:41
3632,Jack,Harris,M,24,South Korea,Incheon,5:26:07
3633,Charlotte,Taylor,F,30,France,Nice,5:12:10
3634,Hugo,King,M,34,Israel,Beer Sheva,4:56:55
3635,Lucas,Garcia,M,66,United Kingdom,London,5:54:35
3636,Robert,Wiśniewski,M,36,Czech Republic,Pilsen,5:22:53
3637,Alexander,Nowak,M,60,Australia,Adelaide,3:27:45
3638,Oleg,Clark,M,67,Argentina,Buenos Aires,3:58:14
3639,Oliver,Oliveira,M,22,South Africa,Johannesburg,3:52:00
3640,Lucas,Romano,M,23,Singapore,Singapore,3:07:59
3641,Yuki,Rossi,F,35,South Korea,Daejeon,4:43:07
3642,Hannah,Scott,F,34,Japan,Sapporo,3:07:51
3643,Mikhail,Lewis,M,43,Romania,Cluj-Napoca,2:12:30
3644,Anna,Wright,F,67,Brazil,Salvador,3:22:28
3645,Liam,Taylor,M,42,Argentina,La Plata,5:18:11
3646,Oleg,Lopez,M,65,Spain,Seville,2:23:26
3647,Marco,Johnson,M,37,Canada,Montreal,3:36:14
3648,Maya,Wiśniewski,F,23,Japan,Nagoya,3:33:30
3649,Giovanni,Moore,M,56,Ukraine,Odesa,4:28:13
3650,Olivia,Kaczmarek,F,59,Turkey,Ankara,5:19:17
3651,Julia,King,F,42,Israel,Nazareth,5:57:45
3652,Jack,Johnson,M,47,France,Bordeaux,3:01:05
3653,Ekaterina,Young,F,28,Spain,Madrid,4:20:27
3654,Charlotte,Ivanov,F,18,China,Guangzhou,4:35:01
3655,John,Costa,M,22,Hungary,Debrecen,4:42:44
3656,Sunita,Wright,F,25,Romania,Bucharest,2:57:41
3657,Nikolai,Oliveira,M,37,Kenya,Mombasa,4:08:17
3658,Mia,Lee,F,64,India,Chennai,2:57:38
3659,Arthur,Murphy,M,21,Sweden,Stockholm,2:44:19
3660,Lorenzo,Ramirez,M,58,Singapore,Singapore,5:29:10
3661,Santiago,Kaczmarek,M,48,Japan,Nagoya,5:41:13
3662,Henry,Smirnov,M,41,Australia,Sydney,5:00:42
3663,Daria,Romano,F,22,South Korea,Incheon,5:52:53
3664,Oliver,Martinez,M,28,Norway,Bergen,2:11:14
3665,Lorenzo,Bianchi,M,18,Ukraine,Dnipro,2:13:42
3666,Lucas,Kaczmarek,M,23,Switzerland,Bern,3:28:12
3667,Noah,Lewis,M,39,Germany,Munich,2:18:24
3668,Thomas,Rodriguez,M,21,South Africa,Cape Town,4:29:09
3669,Ekaterina,Young,F,55,Denmark,Odense,3:02:17
3670,Maya,Costa,F,57,Portugal,Faro,4:35:20
3671,Yuki,Martinez,F,29,Spain,Valencia,3:45:04
3672,Giulia,Lee,F,24,Ethiopia,Mekelle,5:32:27
3673,James,Smith,M,51,China,Guangzhou,3:04:07
3674,Hannah,Wright,F,55,Turkey,Izmir,5:49:30
3675,Laura,Romano,F,44,France,Lyon,3:36:18
3676,Sofia,Kaczmarek,F,20,Romania,Constanta,2:06:40
3677,Sara,Kuznetsov,F,40,Portugal,Braga,3:17:13
3678,Ivan,Allen,M,40,Finland,Espoo,3:06:07
3679,Giovanni,Martin,M,30,South Africa,Durban,4:12:28
3680,Anna,Murphy,F,57,Ukraine,Dnipro,4:25:59
3681,Emily,King,F,38,Japan,Kyoto,2:23:04
3682,Anna,Kowalski,F,38,Kenya,Nakuru,3:53:55
3683,Jan,Silva,M,22,France,Marseille,4:12:29
3684,Jakub,Murphy,M,31,Ethiopia,Dire Dawa,4:07:55
3685,Jakub,Ramirez,M,68,Switzerland,Zurich,3:16:01
3686,Isabella,Ramirez,F,67,Mexico,Cancun,5:35:09
3687,Kacper,King,M,33,Ethiopia,Addis Ababa,3:04:03
3688,Amelia,Jackson,F,69,Turkey,Antalya,2:19:04
3689,David,Moore,M,24,South Korea,Seoul,5:16:11
3690,Michael,Silva,M,29,Brazil,Salvador,5:00:19
3691,James,Anderson,M,70,Ethiopia,Addis Ababa,2:52:22
3692,Isabela,Miller,F,56,Argentina,Cordoba,3:07:49
3693,Jack,Thompson,M,44,United Arab Emirates,Sharjah,5:23:00
3694,Isabela,Brown,F,29,Russia,Novosibirsk,4:51:39
3695,Jakub,Moore,M,46,Sweden,Stockholm,3:40:57
3696,Chiara,Young,F,30,Canada,Ottawa,5:59:36
3697,Lorenzo,Thompson,M,66,Argentina,Mendoza,5:01:10
3698,Hannah,Jones,F,52,Denmark,Copenhagen,2:55:52
3699,Ava,Nowak,F,46,Denmark,Esbjerg,2:35:08
3700,Anna,Rossi,F,30,South Korea,Busan,5:38:39
3701,Olga,Ivanov,F,69,Norway,Bergen,3:36:05
3702,Noah,Nowak,M,25,United Kingdom,Edinburgh,5:45:29
3703,Valentina,Lopez,F,68,Poland,Krakow,4:35:45
3704,Nikolai,Brown,M,62,Singapore,Singapore,2:25:11
3705,Benjamin,Petrov,M,39,Netherlands,The Hague,3:14:18
3706,Yuki,Costa,F,25,Japan,Sapporo,4:50:44
3707,Sunita,Melo,F,62,Canada,Toronto,3:59:44
3708,Evelyn,Kowalski,F,48,France,Bordeaux,3:14:11
3709,Luis,Gomes,M,59,Canada,Montreal,5:52:28
3710,Katarzyna,Torres,F,48,Slovakia,Kosice,4:42:18
3711,Thomas,Costa,M,53,Argentina,La Plata,5:12:52
3712,Ekaterina,Scott,F,57,South Korea,Seoul,5:25:58
3713,Noah,Williams,M,19,Czech Republic,Olomouc,5:52:39
3714,Daniel,Johnson,M,44,United States,Boston,5:38:35
3715,Emily,Gonzalez,F,47,France,Marseille,3:13:47
3716,Alexander,Martin,M,37,Italy,Bologna,4:28:34
3717,Valentina,Davis,F,53,Canada,Montreal,4:32:18
3718,Luis,Brown,M,54,France,Bordeaux,3:22:52
3719,Isabella,Gonzalez,F,36,Singapore,Singapore,5:14:45
3720,Pedro,Murphy,M,38,Russia,Kazan,5:24:21
3721,Jan,Ferrari,M,25,Kenya,Eldoret,5:39:35
3722,Katarzyna,Gonzalez,F,65,United Arab Emirates,Dubai,3:26:08
3723,Sunita,Ramirez,F,50,China,Shenzhen,4:03:04
3724,Megan,Lopez,F,65,Germany,Cologne,5:44:02
3725,Carlos,Petrov,M,59,Portugal,Lisbon,3:36:48
3726,Valentina,Smith,F,41,United Kingdom,Manchester,5:11:03
3727,Emily,Hernandez,F,36,Brazil,Sao Paulo,2:11:42
3728,Magdalena,Murphy,F,48,Poland,Warsaw,5:20:34
3729,Valentina,Thomas,F,60,Austria,Linz,3:04:07
3730,Noah,Ivanov,M,53,Canada,Montreal,4:57:24
3731,Liam,Kuznetsov,M,40,India,Bangalore,5:18:17
3732,James,Wiśniewski,M,55,Italy,Naples,4:10:28
3733,Jakub,Davis,M,49,United Arab Emirates,Abu Dhabi,4:10:40
3734,Sunita,Bianchi,F,19,Kenya,Nairobi,4:29:30
3735,Sara,Oliveira,F,55,United Arab Emirates,Ajman,5:02:51
3736,Abigail,Thompson,F,25,Portugal,Porto,3:58:42
3737,Oleg,Smith,M,66,Brazil,Brasilia,3:05:12
3738,Olivia,Wright,F,64,India,Chennai,2:44:36
3739,Giovanni,Harris,M,46,Turkey,Bursa,3:29:53
3740,Giovanni,Clark,M,43,Norway,Stavanger,5:10:55
3741,Olivia,Taylor,F,54,Israel,Beer Sheva,4:05:46
3742,Noah,Jackson,M,24,China,Shanghai,4:09:20
3743,Thomas,Kowalski,M,62,Austria,Graz,2:34:26
3744,Mateo,Thomas,M,46,Poland,Krakow,5:44:15
3745,Chiara,Silva,F,53,Ethiopia,Gondar,4:30:37
3746,Hugo,Lee,M,63,Singapore,Singapore,2:48:51
3747,Lucas,Gomes,M,23,Israel,Jerusalem,2:51:18
3748,Daniel,Thomas,M,45,South Africa,Durban,4:30:44
3749,Thomas,Robinson,M,43,Germany,Cologne,3:40:36
3750,Sara,Bianchi,F,60,Singapore,Singapore,4:33:42
3751,Chiara,Kowalczyk,F,50,United Kingdom,Edinburgh,3:49:52
3752,Magdalena,Garcia,F,50,China,Shanghai,4:17:55
3753,Elijah,Silva,M,66,Denmark,Copenhagen,5:32:16
3754,Julia,Smith,F,65,Turkey,Bursa,4:50:30
3755,Kacper,Miller,M,43,Turkey,Ankara,3:24:33
3756,George,Sanchez,M,55,Brazil,Brasilia,5:35:21
3757,Charlotte,Silva,F,19,Russia,Moscow,5:28:15
3758,Isabela,Walker,F,54,France,Paris,4:50:30
3759,Megan,Lopez,F,27,Netherlands,Eindhoven,5:20:33
3760,Anna,Gonzalez,F,59,Portugal,Coimbra,4:49:58
3761,Thomas,King,M,45,Poland,Poznan,4:47:49
3762,Arthur,Murphy,M,45,Israel,Nazareth,4:28:11
3763,Lucas,Ferrari,M,39,Norway,Trondheim,4:46:54
3764,Marco,Oliveira,M,44,France,Bordeaux,3:49:53
3765,Emma,Costa,F,39,Mexico,Mexico City,2:14:50
3766,Ekaterina,Jones,F,62,Canada,Vancouver,4:58:52
3767,Noah,Wiśniewski,M,25,Sweden,Gothenburg,5:50:38
3768,David,Walker,M,49,France,Bordeaux,4:23:47
3769,Marco,Perez,M,45,Canada,Calgary,5:05:37
3770,Jan,Miller,M,62,South Korea,Daejeon,4:31:41
3771,Oleg,Smirnov,M,37,South Africa,Durban,4:51:50
3772,Valentina,Young,F,29,Sweden,Gothenburg,3:10:35
3773,Valentina,Smith,F,44,Japan,Kyoto,3:50:41
3774,Zuzanna,Thomas,F,41,Russia,Saint Petersburg,3:22:19
3775,Noah,Johnson,M,29,Sweden,Stockholm,5:57:04
3776,Oliver,Melo,M,65,Romania,Bucharest,3:09:49
3777,Lucia,Johnson,F,56,Israel,Beer Sheva,3:40:45
3778,Elijah,Kuznetsov,M,51,South Korea,Incheon,4:34:57
3779,Charlotte,Wright,F,34,France,Lyon,2:17:08
3780,Henry,Lee,M,26,Italy,Rome,2:54:18
3781,Camila,Young,F,18,Austria,Innsbruck,2:13:59
3782,Lucas,Williams,M,33,Netherlands,Utrecht,5:08:13
3783,Mateo,Gonzalez,M,65,Ethiopia,Mekelle,3:57:11
3784,Santiago,Novak,M,62,France,Bordeaux,5:10:07
3785,Zuzanna,Wiśniewski,F,44,United States,New York,3:10:04
3786,Isabella,Anderson,F,41,Australia,Adelaide,2:06:37
3787,Maria,Novak,F,66,Germany,Hamburg,5:50:08
3788,Lucia,Silva,F,31,Brazil,Brasilia,3:42:20
3789,Emily,Lee,F,50,Brazil,Fortaleza,5:53:42
3790,Pedro,Clark,M,69,Denmark,Odense,4:38:38
3791,Charlotte,Johnson,F,22,Romania,Timisoara,4:54:07
3792,Olivia,Anderson,F,34,India,Delhi,5:02:01
3793,Giulia,King,F,33,Canada,Calgary,3:38:30
3794,David,Martin,M,53,Switzerland,Geneva,4:49:19
3795,Giovanni,Jones,M,59,Italy,Bologna,2:06:44
3796,Anna,Oliveira,F,40,Mexico,Mexico City,2:59:20
3797,Katarzyna,Popov,F,54,Romania,Bucharest,5:13:49
3798,Mateusz,Thomas,M,66,Germany,Hamburg,3:10:14
3799,Michael,Young,M,66,South Africa,Cape Town,3:32:16
3800,Thomas,Martin,M,19,Italy,Milan,2:23:00
3801,Alina,King,F,19,Israel,Haifa,5:29:08
3802,Maria,Perez,F,66,Norway,Stavanger,2:57:56
3803,Henry,Rossi,M,50,Portugal,Braga,2:31:06
3804,Lucia,Jackson,F,45,South Korea,Incheon,3:47:43
3805,Katarzyna,Kuznetsov,F,52,United Kingdom,Edinburgh,5:46:13
3806,Isabela,Wiśniewski,F,49,United Arab Emirates,Sharjah,3:05:21
3807,Harry,Martinez,M,39,Germany,Berlin,5:11:40
3808,Benjamin,Kowalski,M,69,United Arab Emirates,Dubai,2:13:15
3809,Mateo,Gonzalez,M,44,Poland,Poznan,5:07:23
3810,Sophia,Wilson,F,55,Italy,Rome,3:27:10
3811,Piotr,Murphy,M,47,Russia,Kazan,3:10:46
3812,Giovanni,Robinson,M,18,Turkey,Bursa,5:30:22
3813,George,Martin,M,32,United Kingdom,London,3:40:06
3814,Olivia,Young,F,61,Ukraine,Lviv,4:23:29
3815,Benjamin,Silva,M,20,Canada,Montreal,5:35:21
3816,Valentina,Wiśniewski,F,70,Brazil,Rio de Janeiro,5:07:41
3817,Giovanni,Hernandez,M,41,Italy,Turin,4:28:28
3818,Evelyn,Johnson,F,20,Singapore,Singapore,5:36:30
3819,Alexander,Popov,M,27,United Arab Emirates,Abu Dhabi,4:42:24
3820,Julia,Martin,F,22,Italy,Bologna,4:36:19
3821,Emma,Rodriguez,F,59,Slovakia,Presov,4:45:51
3822,Oliver,Wright,M,35,Kenya,Eldoret,3:07:09
3823,Sara,Walker,F,42,United Arab Emirates,Ajman,3:06:58
3824,George,Kowalski,M,40,Denmark,Aarhus,2:25:45
3825,Maria,Murphy,F,30,Netherlands,Utrecht,2:52:52
3826,Mateusz,Kuznetsov,M,23,Switzerland,Basel,5:43:41
3827,Jan,Wright,M,60,United Arab Emirates,Sharjah,3:23:25
3828,Isabella,Wilson,F,67,Russia,Novosibirsk,3:17:39
3829,Emily,Rodriguez,F,66,Poland,Gdansk,5:47:35
3830,Sofia,Allen,F,55,Japan,Tokyo,3:09:16
3831,Sara,Garcia,F,35,Portugal,Coimbra,5:18:19
3832,Michael,Nguyen,M,33,Austria,Salzburg,5:09:22
3833,David,Popov,M,45,Poland,Gdansk,4:18:28
3834,Mateusz,Kowalczyk,M,28,Romania,Timisoara,4:47:36
3835,Kacper,Scott,M,54,Hungary,Pecs,3:47:40
3836,Arthur,Oliveira,M,20,Argentina,La Plata,2:10:25
3837,Mia,Rossi,F,48,Argentina,Rosario,2:38:17
3838,Jakub,Kowalski,M,52,Japan,Tokyo,3:48:05
3839,Anna,Clark,F,31,Turkey,Izmir,4:59:11
3840,Isabella,Anderson,F,62,Mexico,Mexico City,2:24:43
3841,Santiago,Novak,M,30,Hungary,Pecs,4:01:32
3842,Charlotte,Melo,F,38,Israel,Haifa,5:04:57
3843,Giovanni,Popov,M,69,Germany,Munich,4:00:03
3844,Sunita,King,F,65,Czech Republic,Pilsen,2:36:48
3845,Hugo,Ivanov,M,42,Slovakia,Nitra,5:14:31
3846,Alina,Kuznetsov,F,35,Argentina,Buenos Aires,5:47:18
3847,Elijah,Thompson,M,62,Turkey,Bursa,2:49:43
3848,Sofia,Nowak,F,18,Slovakia,Presov,2:40:20
3849,Maria,Murphy,F,59,Israel,Tel Aviv,5:46:30
3850,Mikhail,Martinez,M,62,Sweden,Uppsala,2:05:00
3851,Lorenzo,Gomes,M,19,Ethiopia,Bahir Dar,2:11:37
3852,Megan,Walker,F,68,Czech Republic,Prague,3:41:44
3853,Hannah,Miller,F,26,United Kingdom,London,3:57:16
3854,Mateo,Popov,M,59,Czech Republic,Prague,3:39:21
3855,Jan,Novak,M,50,China,Beijing,2:39:49
3856,Sunita,Rossi,F,62,France,Marseille,5:32:09
3857,María,King,F,31,Norway,Bergen,2:53:16
3858,Hannah,Smirnov,F,33,Norway,Bergen,2:10:27
3859,Oleg,Torres,M,60,Italy,Turin,5:57:48
3860,Yuki,Johnson,F,54,Brazil,Salvador,5:41:47
3861,Daria,Gonzalez,F,41,Denmark,Copenhagen,4:24:56
3862,Emma,Jackson,F,65,Israel,Tel Aviv,2:43:52
3863,Lucas,Murphy,M,59,Russia,Yekaterinburg,4:13:34
3864,Alexander,Young,M,57,Kenya,Nairobi,5:36:59
3865,Pedro,Oliveira,M,21,Switzerland,Lausanne,3:10:04
3866,Megan,Anderson,F,61,Finland,Helsinki,3:14:07
3867,Camila,Ferrari,F,46,Australia,Sydney,5:59:47
3868,Giovanni,Gonzalez,M,66,United States,Boston,2:41:27
3869,Mikhail,Romano,M,46,United Arab Emirates,Sharjah,3:14:29
3870,Emily,Martin,F,34,Switzerland,Lausanne,2:17:59
3871,Laura,Wiśniewski,F,30,Portugal,Braga,5:54:31
3872,Santiago,Martinez,M,66,Finland,Espoo,4:52:57
3873,Mia,Lee,F,45,Singapore,Singapore,5:22:00
3874,Luis,Kuznetsov,M,42,Ethiopia,Addis Ababa,2:57:22
3875,Alexander,White,M,38,Russia,Novosibirsk,4:57:13
3876,Yuki,Jackson,F,55,Switzerland,Zurich,3:42:46
3877,John,Wilson,M,47,Russia,Moscow,3:28:28
3878,Nikolai,Sanchez,M,18,Austria,Innsbruck,4:03:47
3879,Emma,Costa,F,48,United Kingdom,Manchester,5:32:10
3880,Camila,Wiśniewski,F,22,Sweden,Vasteras,3:57:08
3881,Ava,White,F,44,Argentina,Cordoba,3:49:34
3882,Olivia,Jackson,F,49,United Arab Emirates,Ajman,5:24:31
3883,Mateusz,Romano,M,45,South Africa,Durban,4:53:03
3884,Megan,Scott,F,36,Canada,Toronto,4:04:51
3885,Lorenzo,Rodriguez,M,34,Australia,Perth,5:30:17
3886,Katarzyna,Scott,F,20,United Arab Emirates,Ras Al Khaimah,3:52:22
3887,Sunita,Sanchez,F,44,Japan,Osaka,2:19:06
3888,James,Moore,M,53,Sweden,Uppsala,4:16:38
3889,Noah,Gomes,M,70,Slovakia,Bratislava,5:30:42
3890,Lucia,Robinson,F,39,Germany,Munich,2:49:45
3891,Noah,Santos,M,65,India,Delhi,5:35:38
3892,Katarzyna,Murphy,F,34,Italy,Milan,4:58:51
3893,Sara,Smirnov,F,56,Hungary,Budapest,4:59:14
3894,Julia,Nowak,F,49,Australia,Perth,3:11:29
3895,Magdalena,King,F,62,Italy,Bologna,5:56:57
3896,Santiago,Costa,M,28,Australia,Adelaide,4:15:55
3897,Katarzyna,Lee,F,42,South Korea,Daegu,3:17:34
3898,Benjamin,Nowak,M,35,Ukraine,Lviv,5:38:34
3899,Isabella,Rossi,F,58,Russia,Novosibirsk,5:19:21
3900,Sunita,Martin,F,42,Russia,Saint Petersburg,2:55:16
3901,Isabella,Gomes,F,69,Ukraine,Lviv,4:14:09
3902,Maria,Allen,F,67,Canada,Vancouver,5:33:54
3903,Michael,Moore,M,62,Poland,Poznan,3:06:12
3904,George,Petrov,M,18,United States,New York,2:42:13
3905,Santiago,Wright,M,38,South Africa,Durban,2:09:41
3906,Alexander,Martin,M,20,United States,San Francisco,5:05:26
3907,Olivia,King,F,18,Argentina,Rosario,3:34:05
3908,Oliver,Williams,M,20,Ukraine,Kyiv,3:17:28
3909,James,Jones,M,30,Hungary,Szeged,3:41:25
3910,Michael,Oliveira,M,23,Brazil,Fortaleza,3:24:24
3911,Noah,Kowalczyk,M,31,Ukraine,Dnipro,5:32:14
3912,Zuzanna,Torres,F,20,Mexico,Guadalajara,2:51:53
3913,Lucas,Rodriguez,M,47,Finland,Helsinki,4:30:11
3914,Camila,Gomes,F,41,United Arab Emirates,Abu Dhabi,4:33:56
3915,Giulia,Sanchez,F,54,Mexico,Puebla,4:47:54
3916,Daria,Clark,F,56,Slovakia,Bratislava,2:18:41
3917,James,Novak,M,53,Spain,Bilbao,4:30:30
3918,James,Nguyen,M,66,Netherlands,The Hague,4:04:22
3919,Hugo,Gomes,M,51,India,Delhi,3:09:16
3920,Maya,Kowalczyk,F,53,Kenya,Eldoret,2:51:07
3921,Noah,Allen,M,36,United Kingdom,Edinburgh,3:46:45
3922,James,Thompson,M,64,United Kingdom,London,3:54:52
3923,Jan,Clark,M,30,United Arab Emirates,Ras Al Khaimah,5:24:29
3924,Sunita,Johnson,F,32,Hungary,Debrecen,2:14:14
3925,Hannah,Popov,F,51,Russia,Moscow,5:08:09
3926,Hannah,Brown,F,59,Poland,Warsaw,4:57:35
3927,Santiago,Kuznetsov,M,48,Italy,Turin,4:11:40
3928,David,Kowalski,M,65,Hungary,Szeged,5:21:37
3929,Lucas,Clark,M,46,Australia,Adelaide,5:44:34
3930,Harry,Gonzalez,M,39,India,Bangalore,2:30:17
3931,Olga,Wilson,F,27,France,Nice,5:13:10
3932,Lorenzo,Ramirez,M,54,Argentina,Mendoza,2:18:44
3933,Olga,Oliveira,F,50,Switzerland,Lausanne,4:47:55
3934,Alexander,Thomas,M,23,Japan,Osaka,4:13:58
3935,Lucas,Perez,M,39,Switzerland,Geneva,4:19:33
3936,Daria,Novak,F,23,Austria,Vienna,2:51:50
3937,Evelyn,Sanchez,F,38,Romania,Constanta,4:30:19
3938,Maria,Davis,F,25,South Korea,Incheon,4:22:12
3939,Yuki,Moore,F,35,Hungary,Budapest,2:46:52
3940,Isabella,Lewis,F,48,Japan,Tokyo,5:22:38
3941,Lucas,Perez,M,20,Mexico,Puebla,4:35:22
3942,Laura,Jones,F,62,Singapore,Singapore,2:42:00
3943,George,Nguyen,M,39,Germany,Frankfurt,5:22:17
3944,Arthur,Clark,M,33,United States,San Francisco,4:54:13
3945,Evelyn,Jones,F,46,South Korea,Busan,2:52:33
3946,Liam,Kowalski,M,26,Turkey,Antalya,2:42:24
3947,Jakub,Sanchez,M,40,Canada,Toronto,4:30:35
3948,Giovanni,Hernandez,M,35,Israel,Haifa,2:57:27
3949,Benjamin,Garcia,M,23,Germany,Hamburg,4:12:21
3950,Isabella,Garcia,F,19,Kenya,Nairobi,4:10:25
3951,Sunita,Murphy,F,32,United States,San Francisco,2:43:32
3952,Noah,Popov,M,19,Finland,Tampere,5:25:56
3953,Charlotte,Thomas,F,66,Poland,Gdansk,3:27:08
3954,Megan,Nguyen,F,48,Romania,Constanta,5:25:28
3955,Anna,White,F,39,Hungary,Debrecen,2:27:53
3956,Yuki,Murphy,F,40,South Korea,Daejeon,4:26:33
3957,Jakub,Harris,M,62,Canada,Vancouver,5:04:25
3958,Ava,Allen,F,53,Slovakia,Zilina,5:17:44
3959,Ingrid,Wiśniewski,F,18,China,Beijing,4:27:30
3960,Hugo,Thomas,M,20,Australia,Brisbane,4:04:07
3961,Sofia,Lee,F,26,Portugal,Braga,2:23:09
3962,Giulia,Rossi,F,61,South Korea,Daegu,5:17:12
3963,Kacper,White,M,18,Ethiopia,Bahir Dar,3:16:04
3964,Jakub,Moore,M,30,Japan,Nagoya,4:49:41
3965,Sara,Kaczmarek,F,41,Slovakia,Zilina,5:46:03
3966,Henry,Kowalczyk,M,39,Finland,Oulu,3:43:36
3967,Zuzanna,Murphy,F,41,Norway,Stavanger,2:53:18
3968,Oliver,Nguyen,M,21,Norway,Bergen,4:54:50
3969,Sara,Rossi,F,70,Ukraine,Dnipro,4:14:36
3970,Olga,Costa,F,57,Denmark,Aarhus,3:39:07
3971,Maria,Walker,F,65,Turkey,Ankara,3:44:06
3972,Harry,Kaczmarek,M,25,United Arab Emirates,Sharjah,3:15:20
3973,Kacper,Petrov,M,23,Australia,Perth,2:50:15
3974,Ivan,Kaczmarek,M,47,Poland,Poznan,5:25:42
3975,Lorenzo,Silva,M,42,Switzerland,Zurich,3:15:52
3976,Jakub,Kowalczyk,M,62,Sweden,Malmo,3:32:25
3977,Jack,Silva,M,58,Poland,Warsaw,2:59:24
3978,Benjamin,Bianchi,M,54,South Africa,Cape Town,5:27:40
3979,Liam,Robinson,M,64,Australia,Perth,2:42:23
3980,Jan,Santos,M,68,Czech Republic,Pilsen,3:37:21
3981,Alexander,Ivanov,M,33,Austria,Linz,2:33:31
3982,Sophia,Melo,F,50,Russia,Saint Petersburg,4:22:00
3983,Ingrid,Martinez,F,38,India,Delhi,3:02:05
3984,María,Brown,F,66,Switzerland,Geneva,5:21:16
3985,Giovanni,Scott,M,34,Singapore,Singapore,5:38:14
3986,Ava,Torres,F,18,India,Hyderabad,4:13:32
3987,Julia,Garcia,F,21,France,Bordeaux,4:33:58
3988,Hannah,Williams,F,65,Slovakia,Presov,5:51:15
3989,Jan,Lewis,M,24,Canada,Montreal,3:36:10
3990,Chiara,Rodriguez,F,25,Romania,Constanta,3:33:01
3991,Julia,Popov,F,57,India,Bangalore,3:44:05
3992,Sunita,Anderson,F,39,Norway,Tromso,5:53:38
3993,Giulia,Rodriguez,F,51,China,Chengdu,5:16:28
3994,Laura,Perez,F,44,Singapore,Singapore,5:54:16
3995,Ava,Bianchi,F,54,Denmark,Odense,2:23:51
3996,Santiago,Harris,M,26,Italy,Naples,5:48:42
3997,Jan,Davis,M,58,Slovakia,Kosice,5:07:48
3998,David,Costa,M,51,Russia,Yekaterinburg,5:54:36
3999,James,Santos,M,39,Russia,Yekaterinburg,4:27:06
4000,Olivia,Novak,F,46,Netherlands,Utrecht,3:55:37
4001,Camila,Scott,F,61,India,Bangalore,2:12:08
4002,Arthur,Brown,M,62,Austria,Linz,3:23:39
4003,Katarzyna,Johnson,F,61,Ethiopia,Gondar,5:33:02
4004,Olivia,Jones,F,35,Poland,Wroclaw,3:22:43
4005,Lucia,Ivanov,F,32,Singapore,Singapore,4:41:33
4006,Alexander,Rodriguez,M,44,China,Guangzhou,5:03:03
4007,Kacper,Romano,M,45,Spain,Bilbao,5:32:12
4008,Sofia,Silva,F,49,Norway,Stavanger,5:58:11
4009,Oliver,Martinez,M,42,United States,Chicago,2:30:11
4010,Marco,Moore,M,22,Israel,Tel Aviv,4:22:53
4011,Charlotte,Popov,F,44,China,Guangzhou,2:39:06
4012,Zuzanna,Petrov,F,27,Japan,Kyoto,4:32:21
4013,Lorenzo,Lopez,M,34,South Africa,Port Elizabeth,3:56:26
4014,Elijah,Brown,M,34,Austria,Salzburg,5:35:30
4015,Valentina,Perez,F,57,Netherlands,Utrecht,4:31:45
4016,Chiara,Nguyen,F,66,India,Delhi,5:18:41
4017,Piotr,Lewis,M,63,Spain,Bilbao,3:17:22
4018,Katarzyna,Kuznetsov,F,30,Singapore,Singapore,2:21:42
4019,Abigail,Wiśniewski,F,55,United States,Chicago,2:53:46
4020,Ava,Popov,F,49,Norway,Tromso,4:32:13
4021,Piotr,Silva,M,36,Slovakia,Nitra,4:28:54
4022,Hugo,Jackson,M,55,Switzerland,Bern,2:23:29
4023,Sofia,Kaczmarek,F,54,Mexico,Mexico City,3:44:41
4024,Henry,Martin,M,40,Poland,Krakow,2:30:45
4025,Ava,Lewis,F,41,Mexico,Monterrey,2:12:06
4026,Lucas,Ramirez,M,57,Poland,Wroclaw,5:35:10
4027,Daniel,Scott,M,18,South Korea,Seoul,4:06:21
4028,Anna,Martinez,F,24,Portugal,Braga,4:14:40
4029,Oliver,Smith,M,66,Hungary,Budapest,5:10:56
4030,Thomas,Wilson,M,54,Germany,Frankfurt,2:59:00
4031,Sophia,Gomes,F,53,Netherlands,Rotterdam,2:44:06
4032,Daniel,Harris,M,37,Ethiopia,Dire Dawa,4:22:05
4033,David,Romano,M,50,United Arab Emirates,Abu Dhabi,4:26:13
4034,Daria,Rodriguez,F,61,Austria,Vienna,2:15:12
4035,Robert,Wright,M,49,Ukraine,Dnipro,5:24:44
4036,Giovanni,Kaczmarek,M,45,Romania,Bucharest,4:19:00
4037,George,Costa,M,26,Austria,Salzburg,4:26:12
4038,Oleg,Silva,M,47,Australia,Sydney,4:57:22
4039,Megan,Popov,F,27,Ethiopia,Gondar,3:19:11
4040,Amelia,Thompson,F,45,Hungary,Budapest,2:14:30
4041,Robert,Kowalczyk,M,27,Poland,Gdansk,3:38:14
4042,Lucas,Hernandez,M,33,Argentina,Buenos Aires,2:35:03
4043,Carlos,Young,M,25,Norway,Trondheim,3:20:22
4044,Lucas,Kaczmarek,M,19,Canada,Calgary,5:25:40
4045,Kacper,Sanchez,M,69,Slovakia,Kosice,2:41:40
4046,Olga,Wiśniewski,F,18,Slovakia,Kosice,5:09:53
4047,Charlotte,Harris,F,65,Portugal,Faro,4:15:58
4048,Piotr,Wilson,M,34,Russia,Moscow,2:41:59
4049,Alexander,Robinson,M,53,Germany,Cologne,5:21:01
4050,George,Gonzalez,M,18,Austria,Salzburg,3:36:55
4051,Yuki,Nowak,F,55,Czech Republic,Olomouc,4:08:13
4052,Pedro,Hernandez,M,54,Ethiopia,Gondar,2:32:26
4053,Liam,Allen,M,34,Italy,Milan,3:24:55
4054,Emily,Walker,F,41,United Kingdom,Glasgow,2:19:59
4055,Elijah,Wiśniewski,M,40,Netherlands,Eindhoven,3:33:22
4056,Isabella,Davis,F,18,Canada,Vancouver,3:36:31
4057,Sunita,Smirnov,F,37,Netherlands,Utrecht,3:42:43
4058,Evelyn,Oliveira,F,29,Italy,Milan,3:21:34
4059,Lucas,Lewis,M,69,Romania,Cluj-Napoca,3:58:17
4060,Sara,Allen,F,41,Turkey,Ankara,4:21:14
4061,Sofia,Murphy,F,58,Denmark,Odense,5:20:47
4062,Ava,Jackson,F,36,Hungary,Miskolc,3:00:23
4063,Evelyn,Oliveira,F,21,Ukraine,Dnipro,3:53:00
4064,Sunita,Murphy,F,36,Sweden,Gothenburg,3:26:06
4065,William,Kowalski,M,19,United States,Boston,2:22:18
4066,María,Wright,F,48,Australia,Sydney,4:55:05
4067,Emma,Rodriguez,F,59,Norway,Tromso,4:10:27
4068,Anna,Harris,F,53,China,Shanghai,2:43:24
4069,Daniel,Young,M,49,Denmark,Esbjerg,3:56:12
4070,Alina,Kuznetsov,F,57,Slovakia,Bratislava,2:59:48
4071,Elijah,Scott,M,54,Kenya,Mombasa,2:54:37
4072,Mateusz,Nguyen,M,48,Portugal,Lisbon,5:35:30
4073,Luis,Jackson,M,42,India,Mumbai,2:18:04
4074,Megan,Lewis,F,69,Ethiopia,Dire Dawa,4:51:25
4075,Maria,Sanchez,F,39,Hungary,Pecs,4:23:35
4076,Piotr,Nguyen,M,33,Finland,Helsinki,4:11:46
4077,Valentina,Kuznetsov,F,28,Mexico,Monterrey,2:34:54
4078,Oliver,Santos,M,65,China,Shanghai,4:25:09
4079,John,Jones,M,28,South Africa,Pretoria,3:23:44
4080,Kacper,Gonzalez,M,46,Hungary,Pecs,2:09:48
4081,Magdalena,Silva,F,47,Israel,Tel Aviv,2:14:28
4082,Pedro,Jones,M,67,Argentina,Cordoba,5:48:41
4083,Lucia,Williams,F,27,Australia,Perth,2:40:40
4084,Benjamin,Popov,M,32,Australia,Adelaide,2:33:19
4085,George,Lee,M,62,France,Lyon,5:15:50
4086,Amelia,Silva,F,57,Argentina,La Plata,5:44:03
4087,Harry,Novak,M,36,South Africa,Durban,3:32:48
4088,Harry,Oliveira,M,33,Denmark,Esbjerg,5:33:48
4089,Emily,Melo,F,41,Norway,Trondheim,2:50:29
4090,Giulia,Kuznetsov,F,55,Germany,Frankfurt,4:44:01
4091,Harry,Popov,M,69,Portugal,Braga,3:14:45
4092,Liam,Thomas,M,37,Argentina,Rosario,5:46:46
4093,Carlos,Ivanov,M,42,Russia,Kazan,3:37:10
4094,Emma,Williams,F,21,Israel,Beer Sheva,4:25:18
4095,Lucia,Nowak,F,20,Turkey,Antalya,5:30:34
4096,Arthur,Lopez,M,68,Germany,Frankfurt,2:48:30
4097,Jakub,Rossi,M,33,Portugal,Braga,3:13:16
4098,Elijah,Rodriguez,M,53,United Arab Emirates,Abu Dhabi,5:14:11
4099,Lucas,Nguyen,M,64,Poland,Krakow,5:05:25
4100,Isabella,Jackson,F,58,Kenya,Mombasa,4:39:30
4101,Alexander,Lopez,M,47,Portugal,Faro,5:00:56
4102,Alexander,Gonzalez,M,23,China,Beijing,2:05:50
4103,Magdalena,Kowalski,F,53,Ukraine,Odesa,3:20:20
4104,Kacper,Novak,M,65,Hungary,Budapest,2:48:51
4105,Valentina,Lopez,F,47,Spain,Valencia,2:08:50
4106,Alexander,Kuznetsov,M,54,France,Paris,4:23:37
4107,Ivan,Kowalski,M,69,Norway,Bergen,4:44:11
4108,Jakub,Popov,M,49,China,Shanghai,4:49:33
4109,Mikhail,Rossi,M,44,Slovakia,Kosice,5:59:22
4110,Santiago,Torres,M,62,Japan,Tokyo,2:17:50
4111,Lorenzo,Jackson,M,28,United Kingdom,Manchester,4:55:41
4112,Mateo,Robinson,M,30,Sweden,Malmo,5:09:14
4113,Benjamin,Kaczmarek,M,46,Portugal,Lisbon,3:55:53
4114,Isabella,Ramirez,F,34,United Arab Emirates,Dubai,2:25:09
4115,Sophia,Moore,F,26,China,Chengdu,2:56:07
4116,Lorenzo,Anderson,M,35,Japan,Sapporo,4:32:16
4117,George,Robinson,M,49,United Arab Emirates,Ras Al Khaimah,5:41:42
4118,Laura,Popov,F,61,United States,Boston,3:04:49
4119,James,Romano,M,27,Norway,Tromso,2:30:08
4120,John,Romano,M,57,Ethiopia,Addis Ababa,3:04:53
4121,Liam,Clark,M,69,Argentina,Rosario,3:17:25
4122,Anna,Ramirez,F,28,Slovakia,Zilina,4:47:34
4123,Arthur,Garcia,M,64,Brazil,Brasilia,5:12:50
4124,Oliver,Lopez,M,42,France,Nice,4:33:48
4125,Alexander,Kaczmarek,M,46,Italy,Turin,2:11:43
4126,James,Scott,M,22,Israel,Jerusalem,5:17:51
4127,William,Anderson,M,34,Turkey,Istanbul,5:13:30
4128,John,Murphy,M,44,Switzerland,Zurich,4:16:10
4129,Elijah,Santos,M,31,Russia,Kazan,3:39:26
4130,Magdalena,Romano,F,54,Australia,Sydney,3:28:21
4131,Maria,Kowalski,F,59,Poland,Gdansk,5:51:58
4132,Abigail,Hernandez,F,64,Turkey,Ankara,3:34:29
4133,Michael,King,M,68,Switzerland,Zurich,5:41:14
4134,Arthur,Lewis,M,31,Poland,Krakow,2:22:34
4135,George,Martin,M,60,South Africa,Port Elizabeth,5:30:19
4136,Emma,Kuznetsov,F,41,Brazil,Fortaleza,3:56:32
4137,Emily,Garcia,F,50,Finland,Tampere,2:15:08
4138,Laura,Taylor,F,19,South Korea,Busan,2:26:20
4139,Marco,Wright,M,26,Romania,Bucharest,4:41:31
4140,Magdalena,Wiśniewski,F,38,Germany,Munich,3:50:05
4141,Olga,Oliveira,F,26,Netherlands,Rotterdam,5:58:42
4142,Magdalena,Walker,F,66,United Kingdom,Edinburgh,3:57:35
4143,Piotr,Romano,M,64,Poland,Poznan,5:26:31
4144,Yuki,King,F,70,Norway,Oslo,2:58:30
4145,Olga,Wiśniewski,F,63,Japan,Tokyo,5:53:17
4146,Elijah,Gomes,M,23,Brazil,Brasilia,5:37:19
4147,María,Costa,F,47,Norway,Stavanger,2:13:48
4148,James,Young,M,65,Norway,Bergen,2:43:18
4149,María,Kowalczyk,F,54,Ethiopia,Gondar,2:18:43
4150,Olga,Oliveira,F,44,Spain,Madrid,5:51:42
4151,Emily,Harris,F,58,Romania,Iasi,5:18:20
4152,Zuzanna,Popov,F,39,Brazil,Brasilia,4:00:48
4153,Laura,Anderson,F,53,Portugal,Faro,4:22:49
4154,Lucia,Costa,F,38,Mexico,Cancun,3:17:51
4155,Charlotte,Santos,F,59,Czech Republic,Prague,3:10:23
4156,Katarzyna,Rossi,F,59,Russia,Moscow,3:03:10
4157,David,Walker,M,66,Romania,Cluj-Napoca,2:11:50
4158,Amelia,Silva,F,50,United States,Los Angeles,4:30:10
4159,Daria,Sanchez,F,50,Germany,Berlin,4:45:50
4160,Mateusz,Jackson,M,49,Russia,Yekaterinburg,5:47:57
4161,Jakub,Kowalczyk,M,52,Mexico,Mexico City,2:10:58
4162,Ingrid,Moore,F,28,Russia,Novosibirsk,3:57:10
4163,Valentina,Martinez,F,23,Finland,Tampere,3:45:12
4164,Amelia,Clark,F,30,Australia,Adelaide,2:44:16
4165,Julia,Harris,F,53,Poland,Wroclaw,4:24:59
4166,Lucia,Gonzalez,F,27,Spain,Seville,4:24:50
4167,Alina,Silva,F,55,South Africa,Pretoria,2:10:11
4168,Ivan,Gonzalez,M,53,Hungary,Miskolc,4:28:33
4169,Ava,Nowak,F,55,Germany,Frankfurt,2:18:43
4170,Thomas,Lee,M,22,Finland,Oulu,5:34:20
4171,Thomas,Ferrari,M,39,Sweden,Vasteras,5:37:08
4172,Sofia,Ferrari,F,29,Ethiopia,Bahir Dar,3:09:58
4173,Henry,King,M,50,Portugal,Lisbon,4:28:55
4174,Ava,Ramirez,F,46,Sweden,Stockholm,5:29:27
4175,Thomas,Nguyen,M,53,Sweden,Gothenburg,2:19:16
4176,Anna,Torres,F,70,Argentina,Cordoba,5:17:51
4177,Alexander,Smirnov,M,23,Mexico,Cancun,4:10:07
4178,Amelia,Smirnov,F,38,China,Shenzhen,4:43:14
4179,Henry,Smith,M,63,Germany,Cologne,4:38:59
4180,Lucas,Ivanov,M,26,Italy,Naples,4:48:21
4181,William,Wright,M,36,United Arab Emirates,Dubai,2:40:53
4182,María,Lopez,F,20,France,Paris,4:17:47
4183,John,Ferrari,M,44,Netherlands,Eindhoven,4:05:10
4184,Alexander,Allen,M,60,Portugal,Coimbra,4:39:51
4185,Lorenzo,Novak,M,37,Russia,Yekaterinburg,4:30:32
4186,Daniel,Harris,M,67,Switzerland,Lausanne,2:54:35
4187,Ekaterina,Kowalczyk,F,38,India,Mumbai,4:55:48
4188,Elijah,Kuznetsov,M,29,Russia,Moscow,3:47:04
4189,Kacper,Thomas,M,47,Norway,Oslo,5:20:22
4190,Kacper,Martin,M,45,India,Bangalore,5:57:35
4191,Amelia,Wiśniewski,F,51,Norway,Oslo,3:53:22
4192,Mikhail,Ivanov,M,69,Czech Republic,Brno,4:17:06
4193,Marco,Scott,M,61,United States,San Francisco,4:41:38
4194,Mikhail,Kuznetsov,M,25,Switzerland,Lausanne,3:06:32
4195,Abigail,Murphy,F,64,Turkey,Bursa,2:42:47
4196,Mateusz,Silva,M,66,Portugal,Braga,3:06:12
4197,Charlotte,Brown,F,43,South Africa,Durban,5:58:59
4198,Anna,Martin,F,45,United Kingdom,London,5:26:00
4199,Hugo,Miller,M,42,Brazil,Sao Paulo,5:02:46
4200,Sunita,Harris,F,43,United Kingdom,Manchester,5:39:51
4201,Charlotte,Kowalski,F,45,Denmark,Aalborg,5:36:43
4202,Jan,Santos,M,70,Poland,Gdansk,5:58:58
4203,Anna,Melo,F,28,Portugal,Faro,5:29:54
4204,Camila,Santos,F,41,Czech Republic,Brno,5:18:26
4205,Michael,Wiśniewski,M,68,Portugal,Lisbon,3:24:44
4206,Nikolai,Sanchez,M,29,Norway,Tromso,3:22:37
4207,Lucia,Murphy,F,64,Singapore,Singapore,3:19:00
4208,Nikolai,Clark,M,46,Italy,Turin,3:24:56
4209,Magdalena,Taylor,F,65,Romania,Bucharest,5:03:34
4210,Sara,Silva,F,58,Poland,Wroclaw,3:09:33
4211,Isabella,Nguyen,F,65,Denmark,Aalborg,5:21:27
4212,Megan,Ivanov,F,42,France,Bordeaux,2:33:18
4213,Carlos,Kaczmarek,M,40,South Africa,Cape Town,3:04:02
4214,Valentina,Rodriguez,F,60,Mexico,Puebla,4:15:26
4215,Emily,Ramirez,F,62,United States,New York,3:51:20
4216,Santiago,Young,M,61,Ukraine,Odesa,5:50:36
4217,Giovanni,King,M,55,Spain,Seville,3:14:12
4218,Lucia,Gomes,F,50,South Africa,Cape Town,5:04:16
4219,Olivia,Gonzalez,F,26,Romania,Iasi,5:54:55
4220,Megan,Gonzalez,F,26,Romania,Iasi,5:15:48
4221,Emily,Rodriguez,F,19,Brazil,Rio de Janeiro,2:30:47
4222,Daria,Wiśniewski,F,53,China,Chengdu,4:14:55
4223,Valentina,Jackson,F,44,Ukraine,Kharkiv,2:12:01
4224,Anna,Ferrari,F,35,United States,San Francisco,2:43:54
4225,Santiago,Robinson,M,48,Sweden,Stockholm,4:31:54
4226,Piotr,Oliveira,M,23,Portugal,Coimbra,3:04:58
4227,Alexander,Perez,M,68,Russia,Moscow,4:49:43
4228,Maya,Williams,F,20,China,Shenzhen,5:07:38
4229,Megan,Garcia,F,48,Brazil,Fortaleza,3:34:00
4230,Camila,Thomas,F,31,Austria,Innsbruck,5:18:21
4231,Oleg,Silva,M,43,Poland,Krakow,4:34:31
4232,Katarzyna,Ferrari,F,48,Germany,Cologne,5:53:17
4233,Isabela,Rossi,F,24,Canada,Calgary,2:19:11
4234,Jack,Moore,M,44,Netherlands,Amsterdam,2:26:53
4235,Charlotte,Lewis,F,20,South Africa,Johannesburg,4:17:34
4236,Isabela,Scott,F,55,Argentina,Buenos Aires,4:09:49
4237,Nikolai,Miller,M,43,Switzerland,Zurich,4:48:29
4238,Ivan,Jackson,M,65,Finland,Helsinki,3:29:54
4239,Alina,Moore,F,34,Brazil,Fortaleza,5:22:01
4240,Mia,Rossi,F,21,India,Bangalore,5:36:22
4241,Lucas,Smirnov,M,60,Romania,Timisoara,4:31:46
4242,Emma,Jones,F,21,Portugal,Porto,2:27:54
4243,Alina,Bianchi,F,33,Russia,Moscow,4:13:31
4244,William,Costa,M,21,South Africa,Pretoria,5:37:15
4245,Alina,Wilson,F,36,Germany,Munich,3:52:59
4246,Hannah,Kuznetsov,F,19,Romania,Cluj-Napoca,3:42:54
4247,Olivia,Thompson,F,23,Mexico,Cancun,5:20:38
4248,Olivia,Oliveira,F,45,Finland,Vantaa,4:13:01
4249,Sara,Melo,F,35,United States,Chicago,3:24:18
4250,Lucia,Hernandez,F,55,Sweden,Vasteras,3:32:41
4251,Pedro,Ferrari,M,31,Russia,Yekaterinburg,2:52:07
4252,Kacper,Rossi,M,44,Czech Republic,Ostrava,2:56:42
4253,Lucia,Wilson,F,31,Italy,Bologna,3:08:35
4254,Arthur,Clark,M,51,China,Chengdu,3:27:01
4255,Camila,Garcia,F,48,France,Lyon,5:56:45
4256,Noah,Scott,M,24,United Arab Emirates,Dubai,5:24:44
4257,Charlotte,King,F,42,Sweden,Malmo,5:14:22
4258,Chiara,Walker,F,32,Russia,Yekaterinburg,2:51:21
4259,Alexander,Novak,M,20,Australia,Brisbane,2:15:07
4260,Santiago,Martin,M,64,Brazil,Fortaleza,4:01:08
4261,Isabela,Rodriguez,F,66,Argentina,La Plata,5:46:49
4262,Laura,Young,F,20,France,Marseille,4:58:14
4263,Ivan,Rodriguez,M,28,Netherlands,Rotterdam,2:24:11
4264,Ekaterina,Ivanov,F,27,Japan,Tokyo,3:02:37
4265,Jakub,Kuznetsov,M,53,France,Lyon,5:54:54
4266,Olivia,Thompson,F,61,Ukraine,Odesa,5:53:20
4267,William,Nowak,M,57,South Africa,Johannesburg,3:52:57
4268,Pedro,Smith,M,31,Austria,Graz,4:52:43
4269,Yuki,Walker,F,63,Canada,Ottawa,4:51:16
4270,Sunita,Hernandez,F,58,Norway,Trondheim,3:59:18
4271,Emily,Nowak,F,36,South Africa,Cape Town,2:05:56
4272,Sophia,Melo,F,66,United Kingdom,Glasgow,4:10:54
4273,Olivia,Ivanov,F,40,France,Paris,4:26:45
4274,Charlotte,Martinez,F,29,Singapore,Singapore,4:29:38
4275,Sunita,Gonzalez,F,32,South Africa,Johannesburg,2:27:08
4276,Oliver,Murphy,M,31,United Kingdom,Birmingham,4:54:45
4277,Alina,Sanchez,F,59,Kenya,Kisumu,4:51:45
4278,María,Costa,F,26,France,Lyon,4:14:09
4279,John,Rodriguez,M,59,Czech Republic,Prague,5:55:53
4280,David,Costa,M,34,India,Chennai,3:23:59
4281,Amelia,Popov,F,32,Spain,Valencia,4:52:18
4282,Hannah,Sanchez,F,47,Austria,Vienna,2:45:38
4283,Olivia,Silva,F,45,Portugal,Faro,2:18:01
4284,Benjamin,Garcia,M,65,Argentina,Cordoba,3:48:56
4285,George,Williams,M,24,South Korea,Seoul,5:40:01
4286,Yuki,Wilson,F,60,Argentina,Mendoza,3:15:33
4287,Liam,Ivanov,M,65,Slovakia,Bratislava,3:39:33
4288,Yuki,Popov,F,49,South Korea,Busan,5:20:02
4289,Jakub,Smith,M,21,Russia,Kazan,3:23:21
4290,Ivan,Costa,M,20,Israel,Nazareth,5:58:13
4291,Megan,Perez,F,56,Germany,Berlin,3:16:51
4292,Chiara,Thomas,F,29,Ethiopia,Gondar,4:44:24
4293,Pedro,Taylor,M,46,Poland,Poznan,5:22:53
4294,Giulia,Moore,F,18,Slovakia,Presov,4:13:17
4295,Carlos,Lewis,M,65,Switzerland,Basel,5:52:11
4296,Isabella,Robinson,F,53,South Africa,Durban,5:20:02
4297,Katarzyna,Gomes,F,25,Sweden,Malmo,3:57:22
4298,Emma,Novak,F,45,Austria,Innsbruck,3:55:02
4299,Laura,Moore,F,52,Denmark,Odense,5:11:32
4300,Luis,Thomas,M,20,Austria,Graz,3:40:53
4301,Mia,Lewis,F,23,Austria,Salzburg,2:56:32
4302,Marco,Lopez,M,29,Australia,Adelaide,3:47:29
4303,Nikolai,Garcia,M,44,United Arab Emirates,Sharjah,4:10:27
4304,Anna,Gomes,F,46,Netherlands,Amsterdam,3:14:26
4305,Arthur,Costa,M,29,France,Bordeaux,3:27:27
4306,Noah,Jones,M,36,Portugal,Coimbra,3:51:23
4307,Sofia,Robinson,F,53,Finland,Espoo,2:47:32
4308,Jack,Martin,M,18,Germany,Hamburg,2:40:56
4309,Marco,White,M,29,United States,San Francisco,3:29:15
4310,Maya,Rodriguez,F,57,Hungary,Miskolc,4:34:56
4311,Chiara,Martinez,F,20,Switzerland,Basel,2:11:32
4312,Liam,Oliveira,M,41,Spain,Bilbao,3:14:59
4313,Ava,Popov,F,41,Ethiopia,Dire Dawa,3:34:45
4314,Ingrid,Melo,F,26,South Korea,Incheon,3:24:54
4315,Oliver,Hernandez,M,57,Portugal,Braga,5:12:35
4316,Sara,Kowalczyk,F,58,Norway,Bergen,2:50:16
4317,Anna,Gomes,F,19,Australia,Melbourne,2:45:24
4318,Robert,Perez,M,33,Brazil,Brasilia,5:45:14
4319,Emma,Clark,F,28,Netherlands,Utrecht,4:16:21
4320,Michael,Murphy,M,29,Ethiopia,Gondar,3:27:29
4321,Julia,Lee,F,30,Switzerland,Zurich,4:20:15
4322,Camila,Sanchez,F,18,South Africa,Cape Town,5:21:17
4323,Jack,Wilson,M,56,Austria,Salzburg,4:43:53
4324,Charlotte,Hernandez,F,24,Poland,Wroclaw,2:54:23
4325,Magdalena,Anderson,F,46,Mexico,Cancun,5:39:23
4326,Ingrid,Thompson,F,47,Mexico,Cancun,4:06:51
4327,Kacper,Sanchez,M,42,Switzerland,Zurich,3:59:59
4328,María,Hernandez,F,39,Canada,Ottawa,4:01:37
4329,Isabella,Hernandez,F,39,Poland,Poznan,2:08:28
4330,Michael,Kowalczyk,M,43,France,Nice,3:14:22
4331,John,Kowalski,M,22,Hungary,Miskolc,5:32:17
4332,Sophia,Petrov,F,45,Sweden,Vasteras,2:07:21
4333,Zuzanna,Gonzalez,F,57,India,Delhi,2:22:42
4334,Maria,Wright,F,30,Norway,Trondheim,3:09:36
4335,Isabella,Costa,F,29,Portugal,Faro,4:46:40
4336,Magdalena,Kowalczyk,F,57,France,Marseille,3:57:46
4337,Santiago,Gonzalez,M,21,United Kingdom,Birmingham,2:24:06
4338,Zuzanna,Jones,F,31,United Kingdom,Birmingham,3:06:08
4339,Evelyn,Smirnov,F,44,United Kingdom,Manchester,3:50:27
4340,Isabella,Ferrari,F,22,Israel,Beer Sheva,3:12:29
4341,Giovanni,Miller,M,67,Poland,Gdansk,2:33:54
4342,Chiara,Kuznetsov,F,33,Ukraine,Odesa,4:36:50
4343,Sunita,Bianchi,F,48,Japan,Kyoto,4:13:46
4344,Jakub,Hernandez,M,36,Sweden,Uppsala,2:32:07
4345,Oleg,Torres,M,69,Australia,Adelaide,3:46:44
4346,Magdalena,Thomas,F,62,Switzerland,Basel,3:32:10
4347,Zuzanna,Robinson,F,42,Canada,Montreal,4:46:09
4348,Charlotte,Martin,F,60,Russia,Moscow,2:59:54
4349,Magdalena,Walker,F,55,Spain,Barcelona,4:06:00
4350,Sunita,Lopez,F,28,Spain,Barcelona,5:11:39
4351,Oleg,Santos,M,38,Denmark,Aarhus,4:10:36
4352,Alexander,Petrov,M,53,Canada,Montreal,3:44:07
4353,John,Ramirez,M,62,Netherlands,Eindhoven,4:34:33
4354,Noah,Martinez,M,39,Brazil,Sao Paulo,3:20:10
4355,Carlos,Gonzalez,M,52,Finland,Oulu,4:03:06
4356,Evelyn,Smith,F,26,Kenya,Mombasa,3:05:49
4357,Luis,Allen,M,22,Germany,Berlin,4:51:01
4358,Santiago,Robinson,M,51,United Kingdom,Edinburgh,5:06:54
4359,Sophia,Jackson,F,21,Austria,Vienna,4:23:27
4360,Nikolai,Anderson,M,64,Brazil,Sao Paulo,3:54:33
4361,Carlos,Murphy,M,43,France,Marseille,5:09:35
4362,Sunita,Melo,F,35,Slovakia,Bratislava,3:51:53
4363,Katarzyna,Kaczmarek,F,38,Ethiopia,Gondar,4:39:44
4364,Maria,White,F,26,Germany,Hamburg,5:32:06
4365,James,Martin,M,57,Slovakia,Bratislava,3:08:34
4366,Ingrid,Kowalczyk,F,20,Germany,Hamburg,5:37:26
4367,Ava,Jones,F,65,India,Chennai,5:08:58
4368,Ekaterina,Kuznetsov,F,31,Switzerland,Geneva,3:13:56
4369,Luis,Johnson,M,51,Canada,Ottawa,2:26:53
4370,Lorenzo,Sanchez,M,48,South Africa,Port Elizabeth,4:42:20
4371,Mateo,Clark,M,35,South Africa,Johannesburg,5:36:20
4372,John,White,M,31,Czech Republic,Brno,5:47:00
4373,Julia,King,F,29,South Africa,Pretoria,3:02:19
4374,John,Jones,M,30,Switzerland,Zurich,5:23:32
4375,Isabella,Oliveira,F,32,Argentina,Buenos Aires,5:58:37
4376,Henry,Costa,M,52,India,Mumbai,5:32:46
4377,Laura,Garcia,F,57,Slovakia,Bratislava,4:13:13
4378,John,Walker,M,63,Poland,Warsaw,5:03:32
4379,Benjamin,Oliveira,M,58,Portugal,Braga,3:40:00
4380,Ekaterina,Bianchi,F,63,Argentina,Rosario,4:33:55
4381,David,Williams,M,42,Turkey,Ankara,5:39:19
4382,Sara,Kaczmarek,F,30,Netherlands,Rotterdam,4:30:51
4383,Ivan,Novak,M,45,Portugal,Lisbon,4:40:42
4384,Mia,Walker,F,29,Switzerland,Basel,5:21:09
4385,Alexander,Kuznetsov,M,52,Slovakia,Zilina,2:37:50
4386,Maya,Santos,F,50,Japan,Kyoto,2:42:21
4387,David,Moore,M,34,Norway,Oslo,2:49:24
4388,Isabella,Gonzalez,F,37,Norway,Bergen,3:10:00
4389,Luis,King,M,29,Switzerland,Geneva,3:01:17
4390,Sophia,Young,F,48,Denmark,Aalborg,3:15:21
4391,Anna,Nowak,F,67,Spain,Seville,4:52:00
4392,Noah,Ramirez,M,50,Canada,Calgary,5:57:08
4393,Michael,Thompson,M,21,Poland,Warsaw,2:55:11
4394,Anna,Thomas,F,42,Japan,Kyoto,5:23:03
4395,Laura,Hernandez,F,30,Ethiopia,Bahir Dar,5:29:47
4396,Lucia,Walker,F,54,Germany,Munich,5:33:53
4397,John,Davis,M,33,Canada,Toronto,5:38:05
4398,Elijah,Smirnov,M,61,United Kingdom,Birmingham,3:40:10
4399,Camila,Harris,F,25,Ethiopia,Addis Ababa,5:14:24
4400,Katarzyna,Allen,F,37,Romania,Cluj-Napoca,3:00:09
4401,Jack,Rossi,M,31,Poland,Wroclaw,3:48:10
4402,Alexander,Bianchi,M,22,Australia,Perth,3:40:17
4403,Oliver,Scott,M,47,South Korea,Daejeon,5:43:02
4404,Maya,Sanchez,F,23,Denmark,Aarhus,2:32:08
4405,Ekaterina,Nguyen,F,66,Czech Republic,Olomouc,5:48:37
4406,Chiara,Murphy,F,50,Czech Republic,Olomouc,4:45:47
4407,Isabella,Lopez,F,46,Portugal,Faro,2:40:01
4408,Giulia,Romano,F,30,Russia,Novosibirsk,4:55:30
4409,Isabella,Kowalski,F,61,Mexico,Monterrey,4:01:43
4410,Lucas,Harris,M,66,United Kingdom,London,5:36:40
4411,Sara,King,F,30,Norway,Stavanger,3:35:58
4412,Olivia,King,F,64,South Africa,Durban,5:59:57
4413,Lucas,Jones,M,65,Brazil,Sao Paulo,3:22:17
4414,Alexander,Murphy,M,60,Switzerland,Geneva,3:30:28
4415,Jan,Sanchez,M,37,Turkey,Izmir,2:17:12
4416,Jack,Anderson,M,38,Italy,Rome,2:23:54
4417,María,Popov,F,57,Finland,Oulu,5:01:41
4418,Jack,Jones,M,24,South Africa,Johannesburg,4:06:04
4419,Lucia,Ferrari,F,47,Austria,Linz,2:17:06
4420,Sara,Popov,F,37,Poland,Wroclaw,4:43:41
4421,Lucia,Garcia,F,20,South Africa,Port Elizabeth,4:39:01
4422,Chiara,Anderson,F,18,Norway,Tromso,5:23:19
4423,Nikolai,Nowak,M,22,Germany,Berlin,5:36:24
4424,Anna,Kowalski,F,31,Mexico,Cancun,5:36:11
4425,Alina,Robinson,F,48,Finland,Helsinki,2:20:31
4426,Isabela,Kuznetsov,F,61,Norway,Bergen,4:32:39
4427,Jakub,Davis,M,69,Kenya,Mombasa,5:44:11
4428,Giovanni,Allen,M,26,United Kingdom,London,4:07:58
4429,Daria,Petrov,F,54,Netherlands,Utrecht,4:37:16
4430,Hannah,Ramirez,F,36,Portugal,Braga,2:44:06
4431,Piotr,Wright,M,39,Sweden,Gothenburg,4:23:59
4432,Oliver,Clark,M,44,France,Nice,2:24:11
4433,Mateo,Silva,M,29,Norway,Tromso,5:09:18
4434,Luis,Brown,M,21,France,Lyon,5:57:30
4435,Alexander,Kaczmarek,M,70,Australia,Brisbane,5:43:22
4436,Jan,Hernandez,M,23,Austria,Innsbruck,5:06:47
4437,Lucas,Allen,M,42,Germany,Cologne,2:17:51
4438,William,Santos,M,54,Israel,Nazareth,4:26:06
4439,Mikhail,Perez,M,66,France,Lyon,5:13:07
4440,Hugo,Romano,M,27,Argentina,Cordoba,3:37:51
4441,Lorenzo,Smith,M,58,Austria,Graz,2:55:08
4442,Piotr,Kuznetsov,M,33,Spain,Bilbao,4:21:31
4443,Alexander,Smith,M,21,Slovakia,Bratislava,3:13:56
4444,Kacper,Jones,M,29,Argentina,Buenos Aires,3:39:42
4445,Isabella,Martin,F,22,Denmark,Copenhagen,3:04:09
4446,Isabella,Anderson,F,47,Sweden,Uppsala,2:10:55
4447,Piotr,Lewis,M,60,Mexico,Cancun,4:38:52
4448,Daniel,Jackson,M,50,Spain,Madrid,5:45:03
4449,Kacper,Clark,M,26,Argentina,Cordoba,3:24:18
4450,John,Anderson,M,57,Turkey,Antalya,4:48:02
4451,Arthur,Silva,M,19,Brazil,Salvador,3:50:45
4452,Noah,Kuznetsov,M,59,Denmark,Aalborg,3:45:35
4453,Ekaterina,Davis,F,66,Denmark,Odense,4:30:08
4454,Carlos,Young,M,38,Finland,Helsinki,2:57:01
4455,Jakub,Romano,M,52,Ukraine,Kyiv,2:34:24
4456,Valentina,Smith,F,34,Ukraine,Lviv,3:27:18
4457,Oliver,Silva,M,44,China,Beijing,3:27:04
4458,Laura,Ivanov,F,44,Australia,Adelaide,2:08:13
4459,Katarzyna,Lewis,F,37,Russia,Saint Petersburg,4:47:57
4460,Hannah,King,F,25,Romania,Constanta,3:37:48
4461,Lucas,Lee,M,57,Denmark,Copenhagen,5:16:19
4462,Charlotte,Taylor,F,66,Italy,Rome,3:09:36
4463,Hannah,Miller,F,28,Czech Republic,Prague,5:46:24
4464,Maria,Lopez,F,45,Japan,Osaka,2:34:13
4465,Olga,Gonzalez,F,25,France,Nice,4:09:21
4466,Arthur,Smirnov,M,51,Poland,Wroclaw,2:32:30
4467,Carlos,Oliveira,M,29,United Arab Emirates,Ras Al Khaimah,3:23:41
4468,Olivia,Young,F,29,Mexico,Monterrey,5:34:44
4469,Harry,Murphy,M,68,Austria,Linz,3:51:37
4470,Julia,Ramirez,F,54,Brazil,Fortaleza,4:31:25
4471,Thomas,Ivanov,M,69,Romania,Constanta,4:02:39
4472,Lucas,Brown,M,35,Hungary,Debrecen,3:09:43
4473,Isabella,Clark,F,25,Singapore,Singapore,5:47:30
4474,Sunita,Rossi,F,33,Portugal,Lisbon,4:08:30
4475,Maria,Wilson,F,46,Italy,Bologna,3:45:20
4476,Anna,Davis,F,47,Finland,Tampere,4:44:12
4477,Liam,Thomas,M,34,United States,San Francisco,5:52:18
4478,Mateo,Torres,M,69,Poland,Gdansk,4:37:45
4479,Alexander,Thomas,M,18,Germany,Munich,2:42:55
4480,Ivan,Nguyen,M,62,Romania,Constanta,5:45:23
4481,Anna,Nowak,F,61,Romania,Timisoara,2:09:37
4482,Giulia,Kuznetsov,F,50,South Korea,Daejeon,5:07:24
4483,Arthur,Lopez,M,44,Denmark,Aarhus,5:01:46
4484,Mateusz,Jones,M,33,Russia,Moscow,2:37:08
4485,María,Petrov,F,18,Romania,Constanta,5:16:41
4486,Evelyn,Ivanov,F,22,United Kingdom,Edinburgh,4:41:07
4487,Nikolai,Jones,M,45,South Korea,Daegu,3:12:03
4488,Mia,Popov,F,68,Hungary,Pecs,2:09:44
4489,Oleg,Costa,M,62,Australia,Sydney,4:13:46
4490,Julia,Young,F,59,Ethiopia,Bahir Dar,5:32:19
4491,Yuki,Rodriguez,F,18,Ethiopia,Mekelle,5:45:02
4492,Olga,Smith,F,61,Turkey,Izmir,4:25:30
4493,Hannah,Ferrari,F,25,Poland,Krakow,3:29:15
4494,Elijah,Kowalski,M,29,Israel,Haifa,4:35:52
4495,Lucas,Gomes,M,61,Turkey,Izmir,2:08:13
4496,Olivia,Gomes,F,36,France,Nice,5:22:02
4497,James,Murphy,M,20,Sweden,Vasteras,5:33:06
4498,Isabella,Harris,F,57,Poland,Krakow,5:41:29
4499,María,Murphy,F,23,United Kingdom,Manchester,5:51:34
4500,Piotr,Rodriguez,M,31,Sweden,Malmo,3:48:38
4501,Jan,Johnson,M,35,Spain,Bilbao,2:44:16
4502,Jack,Allen,M,18,Spain,Bilbao,4:54:07
4503,Giovanni,Rossi,M,36,Norway,Bergen,4:33:44
4504,Mateo,Martin,M,46,Portugal,Faro,2:55:32
4505,Ingrid,Kuznetsov,F,66,Australia,Brisbane,4:09:02
4506,Henry,Gomes,M,30,Germany,Munich,4:11:40
4507,Julia,Smith,F,51,Switzerland,Geneva,3:04:51
4508,Alexander,Johnson,M,22,Italy,Naples,5:14:45
4509,Chiara,Gomes,F,38,Finland,Oulu,3:40:08
4510,Maria,Smirnov,F,35,Russia,Kazan,4:07:38
4511,Julia,Wilson,F,19,Russia,Yekaterinburg,3:43:58
4512,Giovanni,Gonzalez,M,35,Romania,Constanta,3:08:45
4513,Jack,Martinez,M,24,Switzerland,Lausanne,4:18:51
4514,Maya,White,F,42,Norway,Bergen,4:10:04
4515,Daniel,Jackson,M,54,Sweden,Malmo,3:36:05
4516,Thomas,Santos,M,56,Singapore,Singapore,2:41:25
4517,Mateo,Santos,M,57,United Kingdom,Birmingham,4:12:16
4518,Hugo,Harris,M,41,Mexico,Puebla,3:01:33
4519,Piotr,Kowalczyk,M,43,Japan,Osaka,4:39:00
4520,Sofia,Jackson,F,61,China,Guangzhou,5:45:05
4521,Magdalena,White,F,30,Canada,Ottawa,5:38:01
4522,Isabella,Young,F,57,Slovakia,Bratislava,4:37:21
4523,Luis,Hernandez,M,68,United States,Chicago,4:22:39
4524,Alexander,Wright,M,50,Finland,Oulu,5:04:42
4525,Arthur,Lewis,M,20,Ethiopia,Bahir Dar,2:15:31
4526,Mateo,Ivanov,M,43,Denmark,Aalborg,4:51:22
4527,Olivia,Murphy,F,56,Kenya,Nakuru,4:23:51
4528,Ekaterina,Murphy,F,34,Romania,Timisoara,4:28:47
4529,Henry,Santos,M,40,Brazil,Fortaleza,5:32:48
4530,Daniel,Brown,M,32,Slovakia,Bratislava,4:17:27
4531,Olivia,White,F,46,Italy,Rome,2:45:37
4532,Lucas,Nowak,M,33,Denmark,Odense,3:40:11
4533,Mateusz,Wiśniewski,M,27,Australia,Perth,5:12:52
4534,Liam,Smirnov,M,29,Finland,Oulu,3:59:11
4535,Mateusz,Romano,M,18,South Korea,Busan,3:44:51
4536,Michael,Walker,M,60,Netherlands,Rotterdam,3:17:38
4537,Evelyn,Ferrari,F,61,Spain,Valencia,3:16:08
4538,Giulia,Oliveira,F,58,Denmark,Aalborg,5:41:24
4539,Yuki,Kaczmarek,F,57,Poland,Wroclaw,5:03:46
4540,Lorenzo,Martin,M,53,Denmark,Esbjerg,2:45:27
4541,Valentina,Nguyen,F,24,Russia,Kazan,3:03:27
4542,Ava,Davis,F,48,South Korea,Busan,2:45:42
4543,Ivan,Costa,M,30,Mexico,Mexico City,4:13:33
4544,Liam,Walker,M,69,United Kingdom,Edinburgh,2:28:33
4545,Olivia,Hernandez,F,46,Brazil,Salvador,5:07:36
4546,Daria,Murphy,F,29,India,Delhi,3:47:03
4547,Sophia,Wright,F,25,Finland,Helsinki,3:47:59
4548,Daria,Martin,F,55,Singapore,Singapore,2:53:50
4549,Olivia,Rodriguez,F,50,Russia,Kazan,4:40:09
4550,Robert,Ramirez,M,59,China,Shenzhen,5:12:30
4551,Sofia,Martinez,F,41,Portugal,Braga,2:58:33
4552,Isabella,Davis,F,59,United Arab Emirates,Dubai,4:32:31
4553,Mateusz,Gonzalez,M,59,Kenya,Eldoret,4:11:49
4554,Valentina,Ramirez,F,64,Switzerland,Zurich,5:10:17
4555,Henry,Nowak,M,69,Denmark,Odense,3:48:31
4556,Magdalena,Martin,F,29,Singapore,Singapore,4:57:26
4557,Henry,Ferrari,M,52,South Korea,Busan,4:37:24
4558,Daria,Silva,F,48,Spain,Bilbao,3:59:53
4559,Henry,Wilson,M,59,Poland,Gdansk,5:51:21
4560,Luis,Johnson,M,31,Norway,Tromso,5:07:02
4561,Thomas,Davis,M,46,Romania,Iasi,4:09:15
4562,Zuzanna,Torres,F,36,India,Mumbai,5:33:49
4563,Jack,Popov,M,57,United States,Chicago,4:30:26
4564,Abigail,Williams,F,70,Denmark,Aalborg,2:24:30
4565,Thomas,Thomas,M,58,Israel,Haifa,4:37:28
4566,Alexander,Thompson,M,59,Japan,Sapporo,4:55:30
4567,Anna,Santos,F,19,Kenya,Nairobi,3:34:25
4568,James,Young,M,58,Spain,Bilbao,3:20:28
4569,María,Kowalski,F,52,Portugal,Faro,2:30:30
4570,Pedro,Nowak,M,64,Spain,Madrid,2:31:40
4571,Piotr,Bianchi,M,43,Mexico,Mexico City,3:50:49
4572,James,Perez,M,64,Italy,Rome,2:51:12
4573,Camila,Nowak,F,66,Kenya,Nairobi,2:42:42
4574,Lucas,Santos,M,28,Finland,Espoo,2:43:34
4575,Lorenzo,Miller,M,33,Germany,Cologne,3:39:25
4576,Thomas,Kuznetsov,M,26,Sweden,Gothenburg,5:38:07
4577,Alexander,Kowalski,M,42,Hungary,Budapest,3:16:39
4578,Benjamin,Moore,M,68,China,Beijing,3:32:22
4579,Amelia,Garcia,F,49,Kenya,Mombasa,2:17:19
4580,Sofia,Rossi,F,27,Japan,Kyoto,4:56:06
4581,Carlos,Thompson,M,61,France,Marseille,5:29:27
4582,Maya,Smirnov,F,21,Ukraine,Lviv,3:38:36
4583,Arthur,Anderson,M,69,Netherlands,Amsterdam,3:41:12
4584,John,Moore,M,43,South Africa,Durban,4:18:51
4585,Lucia,Romano,F,28,Germany,Frankfurt,2:14:42
4586,Charlotte,Martin,F,49,Australia,Brisbane,5:58:28
4587,Isabella,Popov,F,22,Romania,Cluj-Napoca,2:47:25
4588,Lorenzo,Rossi,M,59,France,Lyon,2:16:49
4589,Daniel,Thompson,M,70,Switzerland,Bern,5:41:48
4590,Lucas,Bianchi,M,30,Slovakia,Presov,4:30:41
4591,Kacper,White,M,21,Austria,Salzburg,5:24:32
4592,Santiago,Kowalczyk,M,30,China,Shenzhen,3:08:12
4593,Jan,Kuznetsov,M,32,Singapore,Singapore,3:29:22
4594,Amelia,Williams,F,50,Argentina,Mendoza,3:27:38
4595,Isabella,Costa,F,34,South Africa,Durban,2:33:48
4596,Sophia,Scott,F,31,Portugal,Lisbon,3:00:30
4597,Ivan,Harris,M,34,Argentina,La Plata,3:46:43
4598,Sunita,Hernandez,F,42,Kenya,Nairobi,5:32:20
4599,Santiago,Moore,M,39,Portugal,Lisbon,3:52:51
4600,Olivia,Clark,F,54,Hungary,Pecs,3:45:07
4601,Oleg,Lewis,M,42,South Africa,Pretoria,3:46:44
4602,Luis,Gomes,M,33,Switzerland,Lausanne,2:08:55
4603,Maria,Ferrari,F,48,Austria,Linz,2:29:42
4604,Emily,King,F,45,Israel,Nazareth,2:59:05
4605,Luis,Ivanov,M,65,Slovakia,Nitra,3:58:41
4606,Robert,Lee,M,52,Israel,Jerusalem,2:46:06
4607,Amelia,Ramirez,F,41,South Korea,Daejeon,5:19:44
4608,Thomas,Williams,M,60,Romania,Bucharest,5:35:38
4609,Jack,Perez,M,68,Ethiopia,Mekelle,5:30:45
4610,Isabela,Scott,F,49,Netherlands,Amsterdam,3:43:49
4611,Alina,Sanchez,F,68,Japan,Tokyo,3:12:57
4612,Valentina,Smith,F,46,Turkey,Antalya,4:59:10
4613,Kacper,Wilson,M,23,Portugal,Porto,5:31:17
4614,Olivia,Wright,F,70,Mexico,Monterrey,5:13:10
4615,Amelia,Novak,F,46,Denmark,Copenhagen,4:44:07
4616,Jan,Bianchi,M,28,Netherlands,Eindhoven,5:15:15
4617,Oliver,Martin,M,69,Italy,Naples,4:41:19
4618,Piotr,Petrov,M,19,South Africa,Pretoria,2:39:29
4619,Katarzyna,Rodriguez,F,42,Netherlands,The Hague,5:02:20
4620,Kacper,Kuznetsov,M,22,Brazil,Salvador,2:38:29
4621,Zuzanna,Hernandez,F,27,Ukraine,Odesa,3:18:02
4622,Nikolai,Smirnov,M,38,Argentina,Cordoba,4:59:59
4623,Olivia,Anderson,F,34,France,Nice,5:08:34
4624,Katarzyna,Anderson,F,38,Sweden,Uppsala,4:27:18
4625,Sunita,Wright,F,28,Turkey,Antalya,3:23:29
4626,James,Nguyen,M,37,Turkey,Bursa,4:39:54
4627,Isabella,Taylor,F,32,Spain,Valencia,3:23:25
4628,George,Murphy,M,33,Russia,Novosibirsk,2:49:55
4629,Ingrid,Kowalczyk,F,55,Portugal,Porto,4:13:10
4630,William,Costa,M,61,Czech Republic,Pilsen,5:42:10
4631,Elijah,Ferrari,M,41,Ethiopia,Bahir Dar,5:26:59
4632,Robert,Romano,M,64,Canada,Toronto,2:43:44
4633,Anna,Miller,F,25,China,Chengdu,5:42:32
4634,Magdalena,Allen,F,53,Israel,Beer Sheva,2:14:01
4635,Hannah,Novak,F,49,Spain,Barcelona,4:23:45
4636,Yuki,Popov,F,29,Romania,Timisoara,2:47:48
4637,Alexander,Silva,M,33,Australia,Melbourne,5:34:19
4638,Olivia,Wiśniewski,F,51,Finland,Espoo,2:26:27
4639,Zuzanna,Torres,F,32,Portugal,Coimbra,3:32:43
4640,Alina,Allen,F,18,Russia,Moscow,4:20:23
4641,Jack,Nowak,M,42,Mexico,Mexico City,3:05:09
4642,Kacper,Smith,M,52,Austria,Graz,4:24:22
4643,Ingrid,Williams,F,57,South Africa,Cape Town,2:51:44
4644,David,Gomes,M,64,France,Bordeaux,2:53:40
4645,Mateusz,Ferrari,M,20,Ethiopia,Bahir Dar,2:15:13
4646,Abigail,Harris,F,41,South Korea,Daejeon,3:36:06
4647,Ekaterina,Young,F,44,Netherlands,Eindhoven,3:52:46
4648,Isabella,Wright,F,58,South Korea,Incheon,3:30:51
4649,Robert,Wright,M,34,Austria,Innsbruck,3:47:33
4650,Sofia,Walker,F,65,France,Bordeaux,3:22:34
4651,David,Thomas,M,42,Mexico,Cancun,2:14:15
4652,Lorenzo,Gonzalez,M,18,Ethiopia,Addis Ababa,5:42:33
4653,Valentina,Brown,F,54,Canada,Vancouver,2:55:51
4654,Alexander,Lee,M,68,Canada,Calgary,2:26:41
4655,Jakub,Costa,M,51,Finland,Vantaa,3:32:07
4656,Ivan,Moore,M,47,China,Guangzhou,3:38:35
4657,Sara,Kowalczyk,F,54,Netherlands,Rotterdam,5:13:07
4658,Sunita,Walker,F,64,Denmark,Copenhagen,3:11:04
4659,Katarzyna,Miller,F,24,Ukraine,Dnipro,2:48:45
4660,Giulia,Perez,F,57,Ethiopia,Gondar,2:07:36
4661,Harry,Kaczmarek,M,43,Ethiopia,Mekelle,2:19:41
4662,Zuzanna,Ferrari,F,62,Slovakia,Kosice,3:11:38
4663,Zuzanna,King,F,54,Ethiopia,Gondar,4:15:19
4664,Daniel,Brown,M,41,Russia,Yekaterinburg,4:21:57
4665,Julia,Miller,F,40,Japan,Sapporo,2:06:21
4666,Sofia,Novak,F,41,Japan,Tokyo,5:44:38
4667,Emily,Melo,F,52,South Africa,Port Elizabeth,5:22:03
4668,Daria,Ivanov,F,50,United States,Chicago,2:29:10
4669,Olivia,Kaczmarek,F,54,Ethiopia,Addis Ababa,5:23:11
4670,Oliver,Kowalski,M,60,Ukraine,Kyiv,4:58:48
4671,Lorenzo,Kaczmarek,M,24,United Kingdom,Edinburgh,5:33:28
4672,Sofia,Costa,F,68,Slovakia,Kosice,2:40:41
4673,Olivia,Wilson,F,57,Ukraine,Odesa,4:09:02
4674,Noah,Kaczmarek,M,49,Japan,Tokyo,3:10:24
4675,Santiago,Romano,M,46,Italy,Milan,3:06:39
4676,Carlos,Nowak,M,59,United States,Boston,4:09:57
4677,Amelia,Miller,F,39,United Kingdom,Birmingham,4:03:47
4678,Julia,Melo,F,62,Denmark,Aalborg,5:53:33
4679,Lucas,Walker,M,21,Brazil,Fortaleza,4:08:25
4680,Hannah,Allen,F,63,Ukraine,Kharkiv,4:24:22
4681,María,Torres,F,64,Germany,Hamburg,2:18:35
4682,Thomas,Oliveira,M,26,Poland,Gdansk,3:44:27
4683,Michael,Jackson,M,68,Ukraine,Odesa,4:09:56
4684,Mikhail,Silva,M,65,Singapore,Singapore,5:30:57
4685,Charlotte,Smirnov,F,57,Romania,Constanta,4:42:03
4686,Julia,King,F,41,India,Mumbai,4:56:35
4687,Noah,Wright,M,24,Australia,Brisbane,2:11:09
4688,Abigail,Anderson,F,51,Russia,Moscow,3:17:16
4689,Hugo,Perez,M,39,Finland,Oulu,3:55:57
4690,David,Taylor,M,22,United Arab Emirates,Dubai,5:20:51
4691,Anna,Gomes,F,64,Sweden,Vasteras,5:19:22
4692,Anna,Murphy,F,70,Netherlands,Eindhoven,4:33:46
4693,Emily,Torres,F,29,Israel,Haifa,5:07:15
4694,Hugo,Murphy,M,57,Ethiopia,Mekelle,2:29:46
4695,Jakub,Torres,M,22,Singapore,Singapore,3:57:05
4696,Maria,Kowalczyk,F,18,Singapore,Singapore,2:24:32
4697,Jakub,King,M,65,Austria,Graz,3:54:35
4698,Giulia,White,F,20,Ethiopia,Dire Dawa,4:42:50
4699,Harry,Miller,M,22,South Korea,Daejeon,4:42:45
4700,Oleg,Allen,M,45,Netherlands,Rotterdam,2:40:02
4701,Isabella,Torres,F,43,Portugal,Porto,5:10:44
4702,Kacper,Harris,M,44,Poland,Wroclaw,3:32:08
4703,William,Anderson,M,46,Italy,Naples,5:04:56
4704,Sofia,Robinson,F,28,Slovakia,Nitra,3:12:47
4705,Carlos,Brown,M,38,Hungary,Debrecen,3:49:02
4706,George,Santos,M,21,Sweden,Stockholm,4:48:24
4707,Zuzanna,Wright,F,22,Kenya,Nakuru,5:48:31
4708,Anna,Novak,F,66,Norway,Oslo,4:45:51
4709,Hannah,Robinson,F,40,Czech Republic,Olomouc,3:05:17
4710,Hannah,Thomas,F,29,Spain,Barcelona,4:46:46
4711,Mia,Allen,F,46,Netherlands,Amsterdam,4:28:03
4712,Alina,Santos,F,18,Poland,Poznan,3:24:09
4713,Maya,Wright,F,63,Mexico,Mexico City,5:04:16
4714,Jack,Anderson,M,48,Finland,Vantaa,5:47:08
4715,Emily,Miller,F,58,Portugal,Faro,3:04:20
4716,Marco,Ramirez,M,41,Poland,Warsaw,3:10:45
4717,Ava,Novak,F,48,Austria,Innsbruck,3:53:08
4718,George,Wiśniewski,M,26,Singapore,Singapore,2:08:53
4719,Sara,Ivanov,F,51,Kenya,Nairobi,2:51:08
4720,Jakub,Miller,M,69,Romania,Iasi,4:08:00
4721,Sunita,Smirnov,F,45,Portugal,Faro,5:10:37
4722,Amelia,Walker,F,32,United Arab Emirates,Abu Dhabi,2:16:39
4723,Elijah,Murphy,M,22,Russia,Saint Petersburg,4:59:06
4724,Sunita,Brown,F,21,India,Chennai,3:20:30
4725,Emma,Johnson,F,68,Germany,Hamburg,4:04:27
4726,Mikhail,Anderson,M,61,Argentina,Mendoza,5:55:39
4727,Isabela,Popov,F,53,Spain,Barcelona,3:01:23
4728,Maria,Romano,F,41,Spain,Barcelona,5:17:27
4729,Henry,Silva,M,24,Mexico,Mexico City,3:56:32
4730,Jakub,Allen,M,45,Singapore,Singapore,2:25:03
4731,Lucas,Kowalczyk,M,27,Australia,Perth,2:58:29
4732,Sofia,Melo,F,67,Germany,Hamburg,4:05:34
4733,Piotr,Torres,M,57,Australia,Sydney,4:10:12
4734,Laura,Jones,F,43,Kenya,Kisumu,2:42:16
4735,Santiago,Kowalski,M,43,Netherlands,The Hague,2:46:20
4736,Julia,Jackson,F,25,Spain,Seville,4:13:55
4737,Megan,Harris,F,26,Singapore,Singapore,5:15:12
4738,Santiago,Oliveira,M,34,Portugal,Lisbon,2:08:49
4739,Sunita,Lopez,F,31,Finland,Oulu,3:32:27
4740,Olivia,Rodriguez,F,43,Mexico,Monterrey,5:31:17
4741,Kacper,Melo,M,69,Brazil,Fortaleza,3:35:16
4742,Isabella,Rodriguez,F,55,Switzerland,Lausanne,4:07:13
4743,Luis,Young,M,51,Brazil,Rio de Janeiro,3:19:51
4744,Oliver,Davis,M,70,Slovakia,Bratislava,3:09:32
4745,Kacper,Garcia,M,50,Ethiopia,Gondar,4:23:27
4746,Oliver,Popov,M,18,Norway,Bergen,4:31:46
4747,Maya,Clark,F,54,Argentina,Mendoza,4:01:45
4748,María,Jackson,F,25,Romania,Constanta,5:47:13
4749,Jan,Gomes,M,41,India,Hyderabad,2:24:55
4750,Jan,Allen,M,23,United Arab Emirates,Ajman,5:54:49
4751,John,Clark,M,21,Singapore,Singapore,2:58:27
4752,Jakub,Costa,M,56,United Arab Emirates,Abu Dhabi,3:12:44
4753,Lucas,Kuznetsov,M,59,Russia,Kazan,5:13:53
4754,Anna,Nguyen,F,52,Slovakia,Zilina,4:06:03
4755,Sunita,Nguyen,F,35,South Korea,Incheon,5:25:38
4756,Benjamin,Kowalczyk,M,25,Hungary,Debrecen,3:37:39
4757,Sophia,Costa,F,43,Brazil,Salvador,3:24:41
4758,Piotr,Santos,M,70,Ukraine,Lviv,4:00:35
4759,Jan,Popov,M,31,Israel,Beer Sheva,5:50:02
4760,Marco,Kuznetsov,M,37,Poland,Poznan,5:58:36
4761,Camila,Martinez,F,19,Germany,Frankfurt,2:08:16
4762,David,Garcia,M,55,China,Shenzhen,5:57:23
4763,Chiara,Gonzalez,F,21,United Kingdom,Glasgow,2:36:50
4764,Zuzanna,Walker,F,36,Portugal,Braga,3:10:28
4765,Mateo,Johnson,M,29,Mexico,Cancun,2:14:25
4766,Emma,Oliveira,F,59,Italy,Bologna,5:38:10
4767,Megan,Williams,F,44,Portugal,Porto,5:13:14
4768,Arthur,Kowalczyk,M,50,France,Bordeaux,3:54:45
4769,Yuki,Kowalczyk,F,45,Singapore,Singapore,5:34:24
4770,Liam,Ferrari,M,38,Russia,Kazan,3:53:22
4771,Robert,Kaczmarek,M,29,Spain,Madrid,5:54:08
4772,Lorenzo,Johnson,M,70,Russia,Saint Petersburg,2:40:42
4773,Yuki,Ramirez,F,27,Ethiopia,Addis Ababa,2:18:24
4774,Jakub,Torres,M,37,India,Bangalore,5:06:58
4775,Emily,Harris,F,69,Kenya,Nakuru,2:31:49
4776,Isabella,Wright,F,68,Slovakia,Bratislava,5:03:55
4777,David,Williams,M,58,Denmark,Esbjerg,2:59:44
4778,Thomas,Davis,M,21,Portugal,Porto,4:38:52
4779,James,Kowalski,M,37,Germany,Cologne,3:01:55
4780,Ava,Smirnov,F,49,Italy,Rome,4:01:18
4781,Ivan,Davis,M,20,Italy,Turin,2:08:09
4782,Alexander,Allen,M,50,Netherlands,Rotterdam,4:43:31
4783,Alexander,Lewis,M,41,Norway,Tromso,5:03:14
4784,Julia,Wiśniewski,F,46,Canada,Montreal,2:32:56
4785,Sara,Wilson,F,36,Canada,Calgary,5:00:04
4786,William,Hernandez,M,68,France,Nice,3:30:09
4787,James,Smirnov,M,46,Israel,Beer Sheva,5:37:35
4788,Nikolai,Costa,M,64,Spain,Valencia,3:53:43
4789,David,Oliveira,M,49,United States,Chicago,5:28:08
4790,Julia,Smith,F,36,Brazil,Salvador,3:54:49
4791,Daniel,Wright,M,46,Brazil,Salvador,4:03:08
4792,Giulia,Wiśniewski,F,41,Spain,Valencia,4:14:57
4793,Maria,Walker,F,30,United States,Los Angeles,3:07:06
4794,Isabela,Smith,F,57,China,Shanghai,3:21:09
4795,Sara,Smirnov,F,46,United Kingdom,Edinburgh,5:21:25
4796,Nikolai,Moore,M,60,Israel,Jerusalem,4:54:40
4797,Nikolai,Melo,M,27,Switzerland,Zurich,4:08:31
4798,Ivan,Novak,M,70,China,Shenzhen,4:32:59
4799,Piotr,Ferrari,M,66,Netherlands,Eindhoven,5:52:03
4800,Ekaterina,Lee,F,67,Netherlands,Utrecht,4:11:35
4801,Ingrid,Lee,F,62,Switzerland,Basel,4:57:02
4802,Camila,Miller,F,27,India,Hyderabad,5:04:11
4803,Jan,Harris,M,23,India,Bangalore,4:11:51
4804,Lorenzo,King,M,34,Australia,Melbourne,5:43:23
4805,Oliver,Nowak,M,18,Singapore,Singapore,4:56:49
4806,William,Silva,M,41,Czech Republic,Olomouc,2:11:41
4807,Jack,Santos,M,63,Poland,Wroclaw,2:51:01
4808,Magdalena,Taylor,F,29,Brazil,Salvador,2:43:36
4809,John,Popov,M,38,Norway,Stavanger,3:06:30
4810,Laura,Smith,F,26,Norway,Bergen,3:03:21
4811,Emily,Ivanov,F,68,Israel,Tel Aviv,4:31:34
4812,Carlos,Harris,M,53,Denmark,Odense,4:41:07
4813,Mikhail,Kowalski,M,47,Australia,Sydney,3:46:16
4814,Mateo,Smirnov,M,39,Kenya,Nairobi,2:14:56
4815,Lucia,Costa,F,32,Turkey,Ankara,2:21:19
4816,Oleg,Williams,M,70,South Korea,Seoul,5:16:04
4817,Lucas,Martin,M,49,Sweden,Stockholm,5:16:34
4818,Mikhail,Petrov,M,55,Norway,Oslo,5:47:05
4819,Emma,Martinez,F,46,Switzerland,Geneva,2:44:12
4820,James,White,M,54,France,Nice,2:37:02
4821,Isabella,Clark,F,32,China,Shenzhen,5:17:27
4822,Sophia,Kowalczyk,F,42,Japan,Kyoto,3:56:27
4823,Magdalena,Hernandez,F,21,Singapore,Singapore,3:30:55
4824,Abigail,Hernandez,F,24,United Arab Emirates,Ajman,5:22:34
4825,Jack,Anderson,M,40,Germany,Cologne,2:42:05
4826,Isabella,Brown,F,34,France,Marseille,4:11:12
4827,Anna,Harris,F,20,Austria,Graz,5:36:00
4828,Marco,Ramirez,M,18,Turkey,Istanbul,3:04:20
4829,Valentina,Jackson,F,28,Finland,Tampere,2:11:47
4830,Isabela,Perez,F,51,Denmark,Odense,4:47:11
4831,Mateo,Ferrari,M,25,Czech Republic,Pilsen,5:54:08
4832,Olga,Ferrari,F,36,Denmark,Copenhagen,4:16:07
4833,John,Martinez,M,65,South Korea,Busan,3:57:10
4834,Robert,Kuznetsov,M,41,Japan,Kyoto,3:23:21
4835,Ekaterina,Torres,F,66,Germany,Cologne,2:30:26
4836,Olga,Lewis,F,57,Japan,Tokyo,2:46:13
4837,Robert,Thompson,M,36,United Kingdom,Edinburgh,4:36:41
4838,Lucia,Kuznetsov,F,24,Israel,Tel Aviv,2:53:10
4839,Sara,Smith,F,31,Israel,Jerusalem,3:32:46
4840,Zuzanna,Oliveira,F,20,Netherlands,Eindhoven,2:06:35
4841,Michael,Kowalski,M,30,Netherlands,Utrecht,4:46:49
4842,Nikolai,Lewis,M,53,Australia,Melbourne,3:35:15
4843,Lucia,Robinson,F,55,Norway,Stavanger,2:55:00
4844,Michael,Thomas,M,29,France,Marseille,2:34:09
4845,Thomas,Bianchi,M,38,Romania,Timisoara,5:57:51
4846,Robert,Walker,M,63,United Arab Emirates,Abu Dhabi,5:52:26
4847,Olga,Walker,F,44,Portugal,Lisbon,5:49:28
4848,Isabella,Melo,F,21,Finland,Espoo,5:50:58
4849,Isabella,Lewis,F,48,Sweden,Vasteras,4:50:18
4850,Katarzyna,Martin,F,19,South Korea,Busan,5:37:31
4851,Benjamin,Romano,M,24,Japan,Sapporo,2:58:59
4852,Ingrid,Moore,F,66,Mexico,Monterrey,5:42:22
4853,Charlotte,Jones,F,27,Poland,Poznan,3:09:11
4854,Sofia,Kowalczyk,F,29,Sweden,Stockholm,4:49:17
4855,Daniel,Wright,M,26,Brazil,Salvador,2:51:22
4856,Daniel,Wright,M,50,South Africa,Port Elizabeth,2:12:09
4857,David,Nowak,M,55,China,Guangzhou,5:12:36
4858,Luis,Sanchez,M,25,Australia,Adelaide,4:28:19
4859,Arthur,Allen,M,60,Austria,Linz,2:05:57
4860,Alina,Murphy,F,52,Italy,Turin,4:14:42
4861,Ivan,Wiśniewski,M,51,Singapore,Singapore,2:50:02
4862,Marco,Costa,M,46,Kenya,Mombasa,5:50:38
4863,Magdalena,Walker,F,29,South Africa,Pretoria,2:28:54
4864,Mia,Taylor,F,32,Turkey,Ankara,3:34:12
4865,Ivan,Wilson,M,63,China,Guangzhou,5:09:01
4866,Mateo,Smirnov,M,28,Kenya,Mombasa,3:55:09
4867,Lucia,Lee,F,44,Norway,Stavanger,2:57:15
4868,Santiago,Ivanov,M,38,Portugal,Lisbon,5:37:57
4869,Arthur,Melo,M,55,Finland,Helsinki,3:08:31
4870,Carlos,Harris,M,22,Spain,Valencia,4:18:44
4871,Carlos,Costa,M,20,Sweden,Vasteras,3:02:39
4872,Emily,Santos,F,66,Romania,Bucharest,3:55:59
4873,Piotr,Kowalski,M,39,Turkey,Istanbul,5:25:41
4874,Anna,Ivanov,F,34,Japan,Kyoto,4:47:31
4875,Megan,Jones,F,59,Finland,Vantaa,4:17:18
4876,Evelyn,Perez,F,62,Japan,Tokyo,3:06:21
4877,Liam,Popov,M,60,Denmark,Aalborg,3:13:50
4878,Piotr,Perez,M,59,Slovakia,Nitra,5:16:49
4879,Olivia,Lewis,F,28,Hungary,Budapest,5:52:14
4880,Sophia,Nguyen,F,23,Poland,Warsaw,2:05:55
4881,Abigail,Ramirez,F,61,Czech Republic,Prague,4:20:25
4882,Maria,Smirnov,F,63,Turkey,Istanbul,3:04:11
4883,Charlotte,Kowalczyk,F,21,Singapore,Singapore,2:11:15
4884,Lucia,Kowalczyk,F,27,South Africa,Johannesburg,2:44:23
4885,Benjamin,Garcia,M,23,Germany,Munich,5:46:27
4886,Arthur,Kaczmarek,M,43,France,Lyon,4:12:56
4887,Sara,Scott,F,50,Sweden,Stockholm,5:20:59
4888,Alina,Melo,F,22,Austria,Innsbruck,5:44:54
4889,Julia,Ivanov,F,64,United Arab Emirates,Dubai,3:48:20
4890,Mikhail,Wiśniewski,M,59,Ukraine,Lviv,3:51:13
4891,Henry,Moore,M,47,Hungary,Budapest,5:57:34
4892,Alexander,Williams,M,41,South Africa,Pretoria,3:51:22
4893,Olga,Wilson,F,58,India,Delhi,5:16:58
4894,Marco,Silva,M,40,Ukraine,Kyiv,5:28:53
4895,Camila,Kaczmarek,F,68,Ukraine,Odesa,2:37:44
4896,Evelyn,Rodriguez,F,57,Austria,Graz,2:24:24
4897,Ingrid,Moore,F,35,Spain,Valencia,5:30:43
4898,Olivia,Smirnov,F,41,Italy,Turin,5:10:48
4899,Giovanni,Martinez,M,25,Netherlands,Amsterdam,4:39:39
4900,Sophia,Taylor,F,33,United States,New York,3:18:23
4901,Jack,Thomas,M,47,Japan,Sapporo,3:35:39
4902,Camila,Smirnov,F,37,United Arab Emirates,Abu Dhabi,2:22:30
4903,Giovanni,Silva,M,51,South Korea,Busan,2:18:35
4904,Sunita,Novak,F,55,Slovakia,Kosice,5:16:57
4905,Hugo,Kowalski,M,67,Finland,Helsinki,3:11:02
4906,George,Jones,M,50,China,Guangzhou,2:49:20
4907,Hannah,Robinson,F,48,Spain,Bilbao,4:35:52
4908,Ava,Costa,F,63,Russia,Novosibirsk,4:32:04
4909,Thomas,Ferrari,M,61,Sweden,Uppsala,3:20:44
4910,Alina,Wright,F,29,France,Paris,4:28:00
4911,Alina,Lopez,F,35,Italy,Turin,5:15:16
4912,Ingrid,Nowak,F,48,Hungary,Debrecen,2:43:23
4913,Sunita,Smirnov,F,62,Slovakia,Zilina,2:18:54
4914,Piotr,Hernandez,M,31,Mexico,Mexico City,4:59:36
4915,Michael,Wright,M,62,United Arab Emirates,Sharjah,5:46:27
4916,Olga,Taylor,F,20,Japan,Kyoto,4:26:39
4917,Lucas,Nowak,M,37,South Korea,Daegu,3:23:09
4918,Jack,Johnson,M,30,Finland,Espoo,3:01:06
4919,Daria,Wiśniewski,F,54,Portugal,Coimbra,4:40:24
4920,Chiara,Smirnov,F,23,Turkey,Antalya,2:47:52
4921,Evelyn,Thompson,F,40,Slovakia,Bratislava,4:33:31
4922,Alexander,Allen,M,25,Romania,Bucharest,4:49:16
4923,Olivia,Harris,F,32,Portugal,Porto,3:56:32
4924,Giulia,Thomas,F,45,Finland,Oulu,2:06:02
4925,Piotr,Nguyen,M,27,Denmark,Aarhus,5:08:13
4926,Luis,Williams,M,31,Canada,Vancouver,2:57:29
4927,George,Anderson,M,41,Slovakia,Bratislava,4:45:57
4928,Hugo,Lewis,M,61,France,Bordeaux,2:34:58
4929,Ava,Rodriguez,F,53,Singapore,Singapore,4:35:23
4930,Laura,Moore,F,58,United Arab Emirates,Dubai,3:27:12
4931,Lucas,Smith,M,37,United Kingdom,Edinburgh,4:41:19
4932,Daria,Martinez,F,51,Denmark,Esbjerg,3:23:57
4933,Santiago,Johnson,M,68,India,Delhi,2:25:37
4934,William,Martin,M,69,Poland,Gdansk,4:32:53
4935,Sophia,Romano,F,22,Hungary,Budapest,3:10:45
4936,Mia,Murphy,F,35,Kenya,Nairobi,3:36:52
4937,Daniel,Jones,M,65,Canada,Calgary,3:54:07
4938,Mikhail,Young,M,58,South Africa,Durban,2:28:41
4939,Emily,Sanchez,F,47,China,Shanghai,5:17:08
4940,Alexander,Young,M,66,Ethiopia,Addis Ababa,4:03:27
4941,Harry,Martinez,M,49,Singapore,Singapore,5:57:50
4942,Jakub,Thompson,M,30,France,Marseille,3:45:19
4943,Jakub,Thompson,M,33,Denmark,Aarhus,5:06:23
4944,William,King,M,58,United Arab Emirates,Sharjah,4:50:13
4945,Marco,Perez,M,59,Argentina,Cordoba,4:03:10
4946,Thomas,Kowalczyk,M,54,Russia,Moscow,3:43:56
4947,Alexander,Smirnov,M,22,Romania,Timisoara,5:21:48
4948,Santiago,Rodriguez,M,33,United Arab Emirates,Sharjah,4:26:47
4949,Thomas,Wilson,M,46,Singapore,Singapore,2:21:26
4950,Olivia,Hernandez,F,47,Czech Republic,Brno,3:27:24
4951,Zuzanna,Martinez,F,63,Portugal,Faro,4:13:12
4952,Zuzanna,Anderson,F,50,Israel,Jerusalem,4:18:04
4953,Alexander,Jackson,M,22,Japan,Kyoto,5:52:06
4954,Alexander,Costa,M,49,Argentina,La Plata,4:18:20
4955,Isabella,Popov,F,66,India,Mumbai,2:25:16
4956,Katarzyna,Wright,F,20,Spain,Bilbao,2:43:51
4957,Laura,Perez,F,62,Poland,Krakow,2:59:31
4958,Elijah,Nowak,M,55,Germany,Munich,4:53:35
4959,Abigail,Davis,F,38,Netherlands,Eindhoven,5:39:27
4960,Jakub,Lewis,M,32,Brazil,Fortaleza,4:33:46
4961,Maya,Scott,F,56,South Korea,Seoul,5:21:38
4962,Noah,Scott,M,35,Russia,Novosibirsk,2:27:51
4963,Arthur,Robinson,M,66,Kenya,Nairobi,3:57:43
4964,Mateo,Moore,M,28,Denmark,Odense,3:11:42
4965,Harry,Martinez,M,42,Hungary,Szeged,2:30:13
4966,Maria,Murphy,F,26,United Kingdom,London,5:15:06
4967,Kacper,Gomes,M,44,South Korea,Busan,3:04:52
4968,Sunita,Lewis,F,53,Canada,Ottawa,3:07:25
4969,María,Kowalczyk,F,49,Canada,Vancouver,2:29:45
4970,Benjamin,Kuznetsov,M,36,Hungary,Pecs,3:25:30
4971,Ingrid,Hernandez,F,43,Canada,Ottawa,5:14:30
4972,Jan,Moore,M,47,Switzerland,Lausanne,2:22:01
4973,Olivia,Novak,F,23,Netherlands,Eindhoven,2:55:58
4974,Chiara,Rossi,F,61,Japan,Tokyo,3:38:12
4975,James,Kaczmarek,M,37,Ukraine,Odesa,5:16:14
4976,Nikolai,Jones,M,18,Portugal,Faro,5:49:24
4977,Sophia,Garcia,F,45,United Arab Emirates,Ras Al Khaimah,3:21:25
4978,Isabela,Jones,F,18,Australia,Perth,2:45:34
4979,David,Nguyen,M,58,Ukraine,Dnipro,4:51:49
4980,Ivan,Ivanov,M,44,Ukraine,Odesa,3:30:29
4981,Benjamin,Popov,M,23,Italy,Turin,5:00:20
4982,Evelyn,Scott,F,62,Netherlands,Amsterdam,4:57:19
4983,Mateusz,Smirnov,M,53,United States,Boston,2:58:55
4984,Anna,Kaczmarek,F,35,Romania,Iasi,4:47:41
4985,Oleg,Popov,M,33,Turkey,Ankara,2:08:04
4986,Elijah,Anderson,M,32,Canada,Ottawa,4:01:59
4987,María,Garcia,F,53,Israel,Jerusalem,2:20:39
4988,Jan,Nguyen,M,32,Slovakia,Nitra,5:03:35
4989,Laura,Williams,F,36,South Africa,Pretoria,2:39:32
4990,Camila,Novak,F,64,Italy,Milan,3:09:00
4991,Zuzanna,Davis,F,42,Germany,Cologne,2:29:42
4992,Lucas,Costa,M,19,Turkey,Bursa,5:31:32
4993,Alexander,Nowak,M,51,Sweden,Malmo,2:21:54
4994,Abigail,Wiśniewski,F,38,Singapore,Singapore,2:15:54
4995,Chiara,Perez,F,40,Australia,Brisbane,3:04:32
4996,Maya,Santos,F,35,Austria,Salzburg,5:56:26
4997,Laura,Gonzalez,F,22,South Korea,Seoul,4:45:48
4998,Olga,Santos,F,20,India,Mumbai,2:39:50
4999,Oliver,Thomas,M,22,Russia,Saint Petersburg,2:58:50
5000,Isabela,Gonzalez,F,70,Ethiopia,Mekelle,3:51:33
5001,Daria,Wilson,F,53,Czech Republic,Pilsen,5:00:11
5002,Lorenzo,Murphy,M,62,Romania,Cluj-Napoca,4:27:14
5003,Michael,Kowalczyk,M,60,Israel,Jerusalem,3:40:41
5004,Alexander,Kuznetsov,M,35,Denmark,Esbjerg,3:36:58
5005,Daniel,Wiśniewski,M,21,Portugal,Porto,3:15:01
5006,Ingrid,Thompson,F,68,Italy,Rome,2:48:42
5007,Ekaterina,White,F,24,Netherlands,Rotterdam,2:55:53
5008,Emily,Lopez,F,45,China,Shanghai,3:36:23
5009,Sunita,Torres,F,39,Finland,Helsinki,5:28:42
5010,Jan,Brown,M,54,Argentina,Cordoba,4:06:53
5011,Zuzanna,Silva,F,39,Poland,Wroclaw,4:17:08
5012,Thomas,Jackson,M,39,United States,Chicago,4:17:25
5013,Abigail,Smith,F,59,Japan,Nagoya,5:07:27
5014,John,White,M,18,Brazil,Sao Paulo,3:13:19
5015,Olivia,Moore,F,43,South Africa,Cape Town,3:13:28
5016,Giulia,Hernandez,F,51,United Arab Emirates,Abu Dhabi,3:14:12
5017,Oleg,Costa,M,47,South Africa,Johannesburg,2:19:08
5018,Laura,Ivanov,F,67,Brazil,Rio de Janeiro,3:43:18
5019,Olga,Nowak,F,35,United Arab Emirates,Ras Al Khaimah,2:25:04
5020,Isabella,Miller,F,29,Israel,Nazareth,4:46:45
5021,Ivan,White,M,41,Portugal,Coimbra,3:16:39
5022,Abigail,Ramirez,F,54,Israel,Nazareth,2:07:32
5023,Maya,Robinson,F,67,Czech Republic,Prague,5:47:05
5024,Isabella,Moore,F,25,United Kingdom,Manchester,5:22:56
5025,Yuki,Kuznetsov,F,51,Romania,Bucharest,3:01:06
5026,Lucas,Ferrari,M,63,Norway,Stavanger,3:38:58
5027,Pedro,Scott,M,60,Sweden,Gothenburg,2:24:38
5028,Oliver,Bianchi,M,42,Romania,Iasi,2:36:50
5029,Sophia,Davis,F,48,Spain,Bilbao,5:41:31
5030,Liam,Rossi,M,45,Slovakia,Bratislava,3:04:35
5031,Amelia,Miller,F,43,Portugal,Faro,4:23:20
5032,Anna,Smirnov,F,39,India,Delhi,5:39:14
5033,Benjamin,Bianchi,M,19,Slovakia,Bratislava,4:21:46
5034,Michael,Sanchez,M,18,Romania,Timisoara,2:20:33
5035,John,Taylor,M,53,Poland,Warsaw,3:57:21
5036,Anna,Young,F,28,Czech Republic,Pilsen,2:28:25
5037,Michael,Bianchi,M,66,Poland,Krakow,3:24:08
5038,Maria,Popov,F,64,Russia,Novosibirsk,2:41:17
5039,Lucas,Lewis,M,47,United States,San Francisco,4:44:34
5040,Amelia,Gonzalez,F,46,Australia,Adelaide,5:59:59
5041,Nikolai,Thompson,M,47,Netherlands,The Hague,3:59:32
5042,Emma,Scott,F,40,Portugal,Coimbra,2:30:43
5043,Magdalena,Rossi,F,34,South Korea,Daegu,5:27:06
5044,Benjamin,Harris,M,30,Sweden,Uppsala,5:37:34
5045,Marco,Martinez,M,22,France,Nice,2:14:32
5046,Marco,Murphy,M,18,China,Shanghai,5:40:25
5047,Maya,Thompson,F,59,Kenya,Kisumu,5:36:05
5048,Alexander,Taylor,M,52,Hungary,Szeged,3:07:23
5049,Daniel,Rossi,M,31,Ethiopia,Dire Dawa,5:39:57
5050,Charlotte,Jones,F,50,Hungary,Pecs,3:20:17
5051,Yuki,Smirnov,F,53,Turkey,Bursa,2:23:03
5052,Olivia,Oliveira,F,32,Spain,Valencia,2:08:57
5053,Olivia,Johnson,F,66,France,Bordeaux,4:02:19
5054,Evelyn,Wiśniewski,F,24,Spain,Madrid,2:27:48
5055,Liam,Young,M,52,Hungary,Debrecen,3:55:01
5056,Alina,Wright,F,62,Romania,Constanta,4:52:39
5057,Isabella,Wilson,F,27,Italy,Rome,2:07:00
5058,Anna,Costa,F,70,Ethiopia,Mekelle,3:07:05
5059,Alina,Thomas,F,55,Czech Republic,Ostrava,4:14:17
5060,Hugo,Walker,M,60,Japan,Kyoto,5:58:10
5061,Giovanni,Gomes,M,28,Turkey,Ankara,5:47:47
5062,Jack,Ramirez,M,33,Italy,Turin,5:12:40
5063,Camila,Harris,F,45,United Arab Emirates,Ras Al Khaimah,5:35:53
5064,Liam,Martin,M,36,South Africa,Johannesburg,2:42:33
5065,María,Smith,F,41,Russia,Kazan,4:17:49
5066,Sophia,Santos,F,55,United Arab Emirates,Abu Dhabi,5:15:02
5067,Pedro,Miller,M,21,France,Nice,5:20:27
5068,Oleg,Nowak,M,20,Singapore,Singapore,3:34:35
5069,Lucas,Torres,M,67,Kenya,Nakuru,5:49:39
5070,Alexander,Thompson,M,55,Argentina,Mendoza,4:03:49
5071,Kacper,Harris,M,44,Romania,Iasi,5:06:57
5072,Olivia,Smirnov,F,36,Czech Republic,Pilsen,5:53:01
5073,Mateo,Ivanov,M,51,Australia,Melbourne,4:12:21
5074,Camila,Lee,F,41,Romania,Bucharest,5:48:32
5075,George,Garcia,M,64,Austria,Innsbruck,2:32:51
5076,Isabella,Sanchez,F,26,Switzerland,Zurich,3:26:34
5077,Olivia,Kowalski,F,50,China,Chengdu,3:16:20
5078,Isabela,Ramirez,F,46,United States,Los Angeles,3:03:16
5079,Giovanni,Davis,M,50,Mexico,Puebla,5:37:00
5080,Robert,Martinez,M,40,Czech Republic,Prague,5:17:00
5081,Santiago,Perez,M,22,Norway,Bergen,3:21:57
5082,Amelia,Lee,F,39,France,Lyon,3:31:49
5083,Alexander,Rodriguez,M,25,South Korea,Daegu,5:34:19
5084,Giulia,Walker,F,68,China,Beijing,2:36:13
5085,William,Garcia,M,59,Turkey,Ankara,5:21:30
5086,Abigail,Smith,F,68,Canada,Ottawa,5:40:25
5087,Sunita,Scott,F,36,Romania,Iasi,5:38:10
5088,Santiago,Robinson,M,32,India,Bangalore,3:27:14
5089,Oliver,Hernandez,M,23,Ukraine,Lviv,5:59:24
5090,Anna,Rossi,F,41,Austria,Vienna,2:56:08
5091,Lorenzo,Lopez,M,48,Singapore,Singapore,5:08:56
5092,Valentina,Sanchez,F,38,Australia,Perth,2:44:28
5093,Maya,Santos,F,37,South Korea,Busan,3:34:37
5094,Arthur,Silva,M,63,Russia,Novosibirsk,5:11:34
5095,Harry,Lewis,M,52,Singapore,Singapore,2:47:40
5096,Emma,Smith,F,22,Slovakia,Zilina,4:36:18
5097,Jack,Brown,M,23,United States,Chicago,3:55:05
5098,Maya,White,F,30,Turkey,Izmir,5:34:47
5099,Mikhail,Perez,M,51,Netherlands,Eindhoven,5:31:05
5100,Valentina,Popov,F,49,India,Delhi,3:42:47
5101,Isabella,Kaczmarek,F,60,South Korea,Daegu,5:46:15
5102,Megan,Wright,F,49,Austria,Salzburg,5:48:32
5103,Magdalena,Romano,F,36,Germany,Munich,5:50:45
5104,Ekaterina,Kowalczyk,F,53,Turkey,Izmir,2:52:22
5105,Ava,Kowalski,F,39,Kenya,Eldoret,2:41:15
5106,Isabela,Kowalski,F,59,Netherlands,Utrecht,3:05:53
5107,Valentina,Rossi,F,69,Finland,Vantaa,3:00:17
5108,Arthur,Torres,M,18,Brazil,Fortaleza,5:54:32
5109,Anna,King,F,50,South Korea,Busan,3:19:42
5110,Piotr,Martinez,M,55,Ukraine,Odesa,4:31:16
5111,Laura,Gonzalez,F,41,South Africa,Pretoria,5:45:51
5112,Oliver,Petrov,M,53,Spain,Bilbao,4:48:53
5113,Emily,Romano,F,48,Kenya,Nairobi,4:52:25
5114,Ekaterina,Thompson,F,49,India,Delhi,3:46:11
5115,Henry,Rossi,M,34,South Korea,Daejeon,4:10:07
5116,Isabella,Smith,F,46,United Kingdom,London,2:27:50
5117,Giulia,Robinson,F,23,India,Hyderabad,3:08:31
5118,James,Scott,M,63,Brazil,Brasilia,5:47:26
5119,Sofia,Sanchez,F,20,Slovakia,Presov,5:00:49
5120,Charlotte,Walker,F,25,Germany,Hamburg,3:05:20
5121,Anna,Lewis,F,40,China,Chengdu,5:56:39
5122,Zuzanna,Silva,F,45,France,Bordeaux,5:55:41
5123,Ingrid,Sanchez,F,52,Sweden,Uppsala,4:05:54
5124,Amelia,Wiśniewski,F,18,United Arab Emirates,Ras Al Khaimah,4:58:01
5125,Daria,Bianchi,F,36,United Arab Emirates,Dubai,2:11:26
5126,Mia,Taylor,F,25,United Arab Emirates,Sharjah,4:29:27
5127,Mikhail,Kaczmarek,M,55,South Korea,Daejeon,2:39:53
5128,Valentina,Wiśniewski,F,29,India,Bangalore,3:25:49
5129,Mateo,Rodriguez,M,18,Japan,Nagoya,3:57:44
5130,Oleg,Thompson,M,59,Germany,Cologne,4:53:37
5131,Camila,Martinez,F,26,China,Shenzhen,5:11:14
5132,Lucia,Lee,F,37,Canada,Calgary,4:41:58
5133,Mateo,Lewis,M,45,Sweden,Malmo,5:02:40
5134,Sophia,Murphy,F,20,Ethiopia,Mekelle,5:21:42
5135,Oliver,Smith,M,62,United States,New York,3:29:11
5136,Emily,Clark,F,50,Canada,Vancouver,4:13:33
5137,Olivia,Rossi,F,29,Austria,Innsbruck,4:36:09
5138,Anna,Young,F,18,Israel,Beer Sheva,4:14:10
5139,Olga,Romano,F,22,Austria,Salzburg,2:57:19
5140,Harry,Popov,M,37,United States,San Francisco,5:13:02
5141,Noah,Harris,M,63,Brazil,Brasilia,3:34:35
5142,Olivia,Ferrari,F,58,Czech Republic,Brno,3:59:08
5143,Noah,Martinez,M,45,Israel,Tel Aviv,3:32:41
5144,George,Torres,M,35,Mexico,Cancun,4:17:52
5145,Alexander,White,M,35,Singapore,Singapore,2:22:33
5146,Magdalena,Melo,F,66,Poland,Krakow,5:12:28
5147,Arthur,Ivanov,M,56,Italy,Rome,3:59:53
5148,María,Ramirez,F,21,India,Mumbai,2:25:52
5149,Daria,Wilson,F,42,Mexico,Cancun,2:45:33
5150,Abigail,Perez,F,22,Austria,Linz,5:40:35
5151,Daria,Kuznetsov,F,38,Switzerland,Zurich,2:31:44
5152,Nikolai,Lopez,M,22,Czech Republic,Olomouc,2:33:12
5153,Sara,Garcia,F,24,Japan,Nagoya,3:30:33
5154,Hugo,Scott,M,28,Canada,Vancouver,2:33:38
5155,María,Popov,F,35,Finland,Vantaa,5:55:45
5156,John,Wilson,M,26,Finland,Vantaa,3:55:59
5157,Yuki,Davis,F,67,Brazil,Fortaleza,3:43:19
5158,Maria,Ivanov,F,20,Ukraine,Kharkiv,4:11:19
5159,Carlos,Johnson,M,18,France,Paris,2:19:16
5160,Lucas,Ramirez,M,60,Ukraine,Dnipro,2:21:06
5161,Giovanni,Kowalski,M,57,Mexico,Guadalajara,3:38:45
5162,Benjamin,Miller,M,34,Mexico,Guadalajara,3:27:25
5163,Isabella,Kowalski,F,60,South Korea,Daegu,5:14:45
5164,Lorenzo,Ferrari,M,40,Finland,Vantaa,2:14:58
5165,Ivan,Kuznetsov,M,21,Turkey,Bursa,4:55:55
5166,Pedro,Romano,M,42,Slovakia,Bratislava,5:35:16
5167,Julia,Martin,F,57,India,Chennai,4:04:40
5168,Sara,Nguyen,F,59,France,Paris,4:50:14
5169,Oliver,Ramirez,M,25,Canada,Calgary,2:09:38
5170,Michael,Williams,M,60,Spain,Seville,4:02:30
5171,Mia,Thompson,F,43,South Korea,Busan,2:09:02
5172,Jack,Lopez,M,23,Slovakia,Kosice,5:53:22
5173,Katarzyna,Perez,F,48,South Africa,Cape Town,3:26:54
5174,David,Garcia,M,63,Mexico,Monterrey,5:22:15
5175,Mia,Taylor,F,69,Denmark,Aarhus,3:23:14
5176,Abigail,Williams,F,36,Italy,Bologna,4:11:31
5177,Ekaterina,Scott,F,28,United Arab Emirates,Abu Dhabi,5:12:31
5178,Ekaterina,Nguyen,F,48,Canada,Toronto,4:21:57
5179,Liam,Rodriguez,M,50,South Korea,Busan,5:58:03
5180,James,Young,M,28,Poland,Poznan,4:04:05
5181,Isabella,Petrov,F,41,Poland,Warsaw,3:52:25
5182,Isabela,Allen,F,64,Ukraine,Dnipro,4:58:22
5183,Mateo,Wilson,M,24,Turkey,Bursa,4:09:49
5184,Pedro,Taylor,M,42,Netherlands,Utrecht,5:03:07
5185,Sophia,Young,F,62,Austria,Vienna,2:46:59
5186,Magdalena,Ferrari,F,53,Poland,Poznan,5:32:24
5187,Sofia,King,F,45,Slovakia,Kosice,3:43:32
5188,Isabela,Ivanov,F,33,Czech Republic,Olomouc,3:39:50
5189,Amelia,Santos,F,65,Poland,Warsaw,5:24:42
5190,Jack,Santos,M,64,Russia,Yekaterinburg,5:30:08
5191,Sara,Lewis,F,32,Romania,Cluj-Napoca,4:51:40
5192,Kacper,Brown,M,60,Finland,Helsinki,2:12:07
5193,Daria,Walker,F,19,Norway,Bergen,2:29:21
5194,Carlos,Brown,M,27,Germany,Berlin,5:03:17
5195,Megan,Allen,F,55,Denmark,Aalborg,3:24:32
5196,Ingrid,Costa,F,51,Japan,Nagoya,5:13:44
5197,Yuki,Anderson,F,21,Slovakia,Zilina,2:51:42
5198,Daniel,Scott,M,29,Ukraine,Kyiv,5:04:26
5199,Giulia,Ramirez,F,61,China,Chengdu,5:45:44
5200,Pedro,Martinez,M,50,Denmark,Aarhus,2:39:08
5201,Isabella,Davis,F,38,Denmark,Copenhagen,3:37:11
5202,Ingrid,Nowak,F,23,Hungary,Miskolc,3:53:25
5203,Noah,Bianchi,M,53,Mexico,Mexico City,4:27:59
5204,Amelia,Garcia,F,51,Romania,Bucharest,4:11:42
5205,William,Clark,M,36,Singapore,Singapore,3:50:28
5206,Yuki,Rodriguez,F,65,United States,San Francisco,5:03:37
5207,Ekaterina,Popov,F,44,Israel,Jerusalem,3:18:14
5208,Giulia,Kuznetsov,F,47,United Kingdom,Glasgow,4:57:02
5209,Olga,Wright,F,50,Switzerland,Bern,4:46:03
5210,George,Rossi,M,63,South Korea,Seoul,5:06:25
5211,Pedro,Gomes,M,50,Singapore,Singapore,3:35:58
5212,Olivia,Wiśniewski,F,37,Portugal,Faro,4:23:11
5213,George,Anderson,M,59,Poland,Krakow,5:18:22
5214,Evelyn,Wiśniewski,F,23,United Arab Emirates,Dubai,3:05:13
5215,Amelia,Robinson,F,30,Israel,Nazareth,5:42:11
5216,Isabela,White,F,22,Japan,Tokyo,5:47:25
5217,Emily,Smirnov,F,48,Israel,Haifa,2:51:08
5218,Alexander,Melo,M,21,Finland,Espoo,5:13:22
5219,Santiago,Perez,M,70,Canada,Calgary,3:10:25
5220,Arthur,Robinson,M,19,China,Beijing,3:54:35
5221,Alexander,Ramirez,M,64,Kenya,Nairobi,2:18:37
5222,Sunita,Martinez,F,66,Germany,Cologne,2:53:03
5223,Emily,Williams,F,69,Slovakia,Kosice,5:32:03
5224,Santiago,Garcia,M,59,Italy,Turin,5:28:40
5225,Isabella,Costa,F,30,Hungary,Pecs,4:29:00
5226,Olivia,Garcia,F,58,Australia,Brisbane,5:27:35
5227,Jakub,Wright,M,46,United States,Chicago,2:31:00
5228,Santiago,Silva,M,61,Slovakia,Presov,4:33:14
5229,Oleg,Thomas,M,42,Austria,Salzburg,3:38:01
5230,María,Ramirez,F,53,United States,San Francisco,4:05:11
5231,Mateusz,Williams,M,67,Portugal,Porto,5:49:48
5232,Lucia,Ivanov,F,66,Hungary,Pecs,5:43:57
5233,Isabella,Smith,F,47,Netherlands,Rotterdam,4:36:16
5234,Alina,Anderson,F,66,Argentina,Mendoza,3:43:25
5235,Nikolai,Smirnov,M,69,Sweden,Uppsala,2:44:18
5236,Alexander,Clark,M,46,Italy,Milan,5:20:22
5237,Anna,Johnson,F,33,United Arab Emirates,Abu Dhabi,4:23:54
5238,Alexander,Gonzalez,M,41,South Africa,Durban,4:35:31
5239,Olivia,Thompson,F,25,Norway,Tromso,4:35:10
5240,Sofia,Davis,F,52,Sweden,Stockholm,5:08:07
5241,Mateusz,Lee,M,70,Austria,Graz,4:47:06
5242,William,Williams,M,54,Switzerland,Geneva,3:42:14
5243,Julia,Brown,F,67,Poland,Warsaw,3:09:41
5244,Noah,Thomas,M,50,Spain,Valencia,5:47:51
5245,Anna,Jackson,F,61,Japan,Kyoto,5:07:42
5246,James,Smith,M,57,Czech Republic,Brno,3:39:47
5247,Hugo,Wright,M,18,Hungary,Pecs,3:11:13
5248,Luis,Silva,M,60,Slovakia,Bratislava,5:16:08
5249,Giulia,Lee,F,27,Denmark,Odense,2:47:55
5250,Lucas,Davis,M,42,South Africa,Durban,5:47:00
5251,Jakub,Hernandez,M,70,Japan,Sapporo,2:35:54
5252,Olivia,Thompson,F,40,Mexico,Mexico City,4:45:25
5253,Kacper,Anderson,M,56,Kenya,Nairobi,3:25:48
5254,Maria,Taylor,F,33,Japan,Sapporo,3:38:41
5255,Harry,Clark,M,60,United Kingdom,Edinburgh,3:59:18
5256,Amelia,Wright,F,57,Switzerland,Zurich,2:36:07
5257,Katarzyna,Perez,F,68,Finland,Vantaa,4:53:41
5258,Emily,Williams,F,70,United Arab Emirates,Sharjah,2:48:43
5259,Isabela,Romano,F,38,Kenya,Kisumu,2:12:14
5260,Mateo,King,M,52,Australia,Perth,3:41:15
5261,Harry,Williams,M,68,Germany,Munich,2:31:08
5262,Mikhail,Taylor,M,36,Netherlands,Amsterdam,2:24:41
5263,Katarzyna,Nguyen,F,33,Slovakia,Zilina,3:37:52
5264,María,Ivanov,F,36,Spain,Bilbao,3:43:24
5265,Lorenzo,Hernandez,M,45,Finland,Vantaa,3:06:25
5266,Noah,Rossi,M,28,Spain,Seville,4:43:00
5267,Thomas,Perez,M,18,Italy,Rome,4:38:06
5268,Magdalena,Santos,F,57,Portugal,Braga,4:02:14
5269,Sunita,Bianchi,F,38,Spain,Bilbao,5:46:16
5270,Mateo,Garcia,M,35,Switzerland,Lausanne,5:54:25
5271,Mikhail,Johnson,M,49,Spain,Bilbao,2:46:59
5272,Jan,Thompson,M,41,Japan,Kyoto,3:01:52
5273,Carlos,Walker,M,22,Denmark,Esbjerg,3:58:09
5274,Thomas,Thompson,M,25,India,Delhi,4:58:05
5275,Valentina,Davis,F,70,Austria,Innsbruck,2:35:50
5276,Jack,Petrov,M,64,Argentina,Mendoza,2:28:27
5277,Alexander,Clark,M,19,India,Delhi,5:41:37
5278,Camila,Wiśniewski,F,29,Romania,Constanta,4:15:55
5279,Giulia,Kaczmarek,F,37,United States,San Francisco,4:10:07
5280,Lucas,Ivanov,M,33,Austria,Innsbruck,4:29:36
5281,Yuki,Thompson,F,22,Austria,Innsbruck,4:32:27
5282,Piotr,Silva,M,65,Canada,Montreal,3:29:18
5283,Katarzyna,Romano,F,52,Slovakia,Presov,5:55:17
5284,Alexander,Smirnov,M,54,United Arab Emirates,Abu Dhabi,5:33:08
5285,Mia,Perez,F,31,Spain,Bilbao,5:58:25
5286,George,Murphy,M,21,Argentina,La Plata,5:24:31
5287,Kacper,Kaczmarek,M,18,Czech Republic,Ostrava,5:46:06
5288,Mateo,Ramirez,M,44,China,Shanghai,5:38:44
5289,Ivan,Lee,M,68,Singapore,Singapore,2:55:47
5290,Hugo,Scott,M,35,Slovakia,Nitra,2:51:24
5291,Sara,Rossi,F,41,Slovakia,Kosice,2:49:44
5292,Olivia,Lewis,F,70,Argentina,La Plata,5:12:46
5293,Anna,Torres,F,62,Australia,Melbourne,3:51:23
5294,Daria,Thompson,F,58,Czech Republic,Ostrava,5:04:25
5295,Hugo,Romano,M,49,India,Bangalore,3:09:57
5296,Sophia,Murphy,F,23,Slovakia,Kosice,4:16:07
5297,Oliver,Ramirez,M,35,Poland,Poznan,2:43:20
5298,Kacper,Santos,M,65,India,Delhi,5:14:02
5299,William,Petrov,M,65,Canada,Toronto,3:19:58
5300,Jan,Bianchi,M,26,Israel,Haifa,3:40:50
5301,Piotr,Robinson,M,54,Ukraine,Kyiv,3:10:57
5302,Ava,Garcia,F,62,Portugal,Porto,3:19:33
5303,Alina,Santos,F,61,Canada,Vancouver,5:10:39
5304,Sophia,Melo,F,32,Romania,Constanta,3:26:23
5305,Isabela,Lopez,F,49,Hungary,Budapest,4:56:54
5306,Katarzyna,Scott,F,42,Hungary,Pecs,4:33:33
5307,Camila,Clark,F,58,Italy,Milan,5:33:56
5308,Isabella,Ramirez,F,18,South Korea,Seoul,3:58:37
5309,Maria,Ferrari,F,27,Brazil,Rio de Janeiro,3:02:37
5310,Chiara,Johnson,F,56,Sweden,Stockholm,2:51:50
5311,Henry,Perez,M,50,Portugal,Coimbra,4:26:38
5312,William,Scott,M,62,India,Delhi,3:09:47
5313,Charlotte,Wilson,F,67,Portugal,Faro,2:05:01
5314,Olivia,Kaczmarek,F,70,Netherlands,Rotterdam,5:40:19
5315,Lorenzo,Clark,M,50,Czech Republic,Brno,3:57:21
5316,Oliver,Rossi,M,54,Kenya,Eldoret,2:37:27
5317,Hugo,Wiśniewski,M,57,Hungary,Debrecen,2:27:00
5318,Yuki,Miller,F,49,Kenya,Mombasa,4:40:29
5319,Isabella,Williams,F,25,Canada,Toronto,3:03:47
5320,Emma,Lee,F,38,France,Bordeaux,5:12:42
5321,Mikhail,Martin,M,39,Ethiopia,Gondar,4:36:57
5322,Valentina,Torres,F,61,United States,San Francisco,3:29:24
5323,Marco,Allen,M,39,South Africa,Johannesburg,2:26:33
5324,Chiara,Romano,F,42,Spain,Valencia,5:24:36
5325,Daniel,Sanchez,M,57,Germany,Berlin,4:35:07
5326,Sophia,Costa,F,70,Ukraine,Kyiv,3:20:43
5327,Luis,Johnson,M,45,China,Beijing,5:20:21
5328,Sara,Ramirez,F,50,Singapore,Singapore,4:36:46
5329,Henry,Thompson,M,44,Romania,Iasi,2:15:28
5330,Carlos,Williams,M,28,Germany,Hamburg,2:05:30
5331,Robert,Petrov,M,28,Australia,Sydney,2:05:33
5332,Piotr,Lopez,M,55,Australia,Perth,4:27:05
5333,Sunita,Wilson,F,37,Ethiopia,Dire Dawa,2:52:42
5334,Henry,Young,M,48,Netherlands,Eindhoven,5:09:27
5335,Sara,Rossi,F,22,Netherlands,Utrecht,4:53:39
5336,Alexander,Garcia,M,49,Netherlands,Rotterdam,2:45:20
5337,Arthur,Young,M,55,United Arab Emirates,Abu Dhabi,4:42:48
5338,Lorenzo,Clark,M,22,Spain,Valencia,4:27:35
5339,Giovanni,Santos,M,62,Singapore,Singapore,2:24:29
5340,John,Taylor,M,36,France,Paris,5:28:31
5341,Camila,Murphy,F,66,Germany,Frankfurt,3:13:10
5342,Oliver,King,M,48,Canada,Vancouver,4:24:05
5343,Isabella,Petrov,F,38,Kenya,Nairobi,4:43:20
5344,John,Kaczmarek,M,23,Romania,Iasi,3:54:54
5345,Alexander,Miller,M,23,Italy,Milan,5:38:23
5346,Piotr,Popov,M,52,Ukraine,Odesa,5:16:02
5347,George,Taylor,M,43,Canada,Ottawa,3:09:27
5348,Mikhail,Novak,M,39,South Africa,Durban,4:32:42
5349,Hugo,Lewis,M,35,Poland,Krakow,3:35:43
5350,Megan,Ferrari,F,54,China,Beijing,3:33:25
5351,Laura,Moore,F,27,Mexico,Monterrey,2:23:33
5352,Lucas,Popov,M,29,Mexico,Monterrey,3:46:04
5353,Mia,Rossi,F,19,Italy,Rome,2:59:31
5354,Laura,Jones,F,52,Czech Republic,Prague,3:12:37
5355,Olivia,Murphy,F,39,Poland,Krakow,4:30:04
5356,Isabella,Lewis,F,37,Italy,Naples,5:04:47
5357,David,Romano,M,41,Netherlands,The Hague,4:23:00
5358,Amelia,Silva,F,54,Denmark,Aalborg,4:20:25
5359,Lucia,Ivanov,F,20,Norway,Trondheim,4:19:55
5360,Lucia,Jackson,F,42,Spain,Valencia,5:09:10
5361,Lucia,Moore,F,24,India,Hyderabad,4:11:33
5362,Maria,Brown,F,55,Slovakia,Zilina,2:31:21
5363,Luis,Smith,M,67,Austria,Graz,4:51:31
5364,Lucia,Wilson,F,60,United States,New York,2:15:42
5365,Charlotte,Thomas,F,60,India,Hyderabad,3:29:00
5366,David,Nguyen,M,50,Poland,Warsaw,5:22:00
5367,Ivan,Nguyen,M,26,Russia,Kazan,4:14:37
5368,Isabela,Martin,F,39,United Arab Emirates,Ajman,3:13:03
5369,James,Rodriguez,M,62,Mexico,Cancun,3:54:43
5370,Henry,Santos,M,50,United Arab Emirates,Abu Dhabi,5:59:08
5371,Lucia,Robinson,F,19,Slovakia,Nitra,4:17:35
5372,Mateo,Romano,M,47,Hungary,Szeged,4:23:04
5373,Alina,Lewis,F,52,Argentina,Rosario,4:59:36
5374,Lucas,Anderson,M,22,Brazil,Rio de Janeiro,5:25:28
5375,Valentina,White,F,39,Germany,Hamburg,3:16:58
5376,Daniel,Sanchez,M,66,Brazil,Fortaleza,2:43:31
5377,Oliver,Gomes,M,60,Ethiopia,Addis Ababa,4:05:01
5378,Ava,Ramirez,F,59,Switzerland,Basel,3:48:09
5379,Ava,Harris,F,33,China,Guangzhou,2:33:09
5380,Mikhail,Gomes,M,44,Canada,Vancouver,4:03:43
5381,Isabella,Oliveira,F,30,Portugal,Faro,4:25:32
5382,Nikolai,Wilson,M,28,Slovakia,Nitra,2:19:38
5383,Anna,Smirnov,F,68,Poland,Krakow,5:59:03
5384,Emma,Kuznetsov,F,67,Switzerland,Basel,4:45:15
5385,Sunita,Allen,F,43,Brazil,Salvador,4:23:22
5386,Zuzanna,Scott,F,63,South Korea,Daejeon,4:33:21
5387,Magdalena,Ramirez,F,22,South Korea,Seoul,4:05:56
5388,Mia,Santos,F,57,Portugal,Porto,5:11:14
5389,Anna,Williams,F,19,Kenya,Nairobi,2:51:20
5390,Santiago,Thompson,M,43,Australia,Adelaide,2:40:33
5391,Henry,Smirnov,M,63,United States,Boston,4:40:03
5392,Luis,Murphy,M,27,Czech Republic,Pilsen,4:20:35
5393,Giulia,Wright,F,52,Spain,Barcelona,4:53:29
5394,Lucas,Davis,M,20,Netherlands,Utrecht,3:24:32
5395,Isabella,Williams,F,20,Italy,Turin,3:06:06
5396,Jan,Wilson,M,69,Finland,Helsinki,3:03:07
5397,Sophia,Smirnov,F,43,Argentina,Rosario,4:54:32
5398,Julia,Popov,F,26,India,Chennai,5:00:19
5399,Camila,Harris,F,60,China,Chengdu,3:52:52
5400,Ekaterina,Williams,F,42,Netherlands,The Hague,5:13:36
5401,Laura,Torres,F,53,Poland,Wroclaw,5:32:00
5402,Alexander,Petrov,M,29,Italy,Rome,2:19:09
5403,Oleg,Romano,M,68,Italy,Rome,2:20:58
5404,Alexander,Hernandez,M,35,Japan,Kyoto,2:35:53
5405,Kacper,Oliveira,M,66,Brazil,Rio de Janeiro,3:10:14
5406,Olivia,Lewis,F,39,South Africa,Johannesburg,5:47:03
5407,Lucas,Gonzalez,M,57,Canada,Montreal,4:46:13
5408,Mateo,Ivanov,M,22,Italy,Bologna,4:48:26
5409,Michael,Ivanov,M,20,Japan,Kyoto,4:48:49
5410,Noah,Kowalski,M,57,India,Bangalore,3:38:56
5411,Oliver,Harris,M,52,Denmark,Odense,5:20:37
5412,Isabella,Garcia,F,60,Turkey,Ankara,4:29:25
5413,Arthur,Moore,M,49,Norway,Trondheim,3:22:35
5414,Ava,Kowalski,F,62,Ethiopia,Addis Ababa,4:54:00
5415,Sara,Lewis,F,32,Russia,Yekaterinburg,5:41:39
5416,Jan,Sanchez,M,55,Brazil,Rio de Janeiro,5:57:22
5417,Harry,Brown,M,23,Slovakia,Zilina,3:25:35
5418,Olivia,Young,F,39,Slovakia,Kosice,4:58:30
5419,Marco,Rossi,M,29,Argentina,La Plata,4:07:41
5420,Evelyn,Young,F,18,Russia,Novosibirsk,4:08:14
5421,Megan,Kaczmarek,F,63,South Africa,Port Elizabeth,2:40:19
5422,Magdalena,Petrov,F,38,Russia,Moscow,2:36:14
5423,Mia,Thompson,F,58,Argentina,Buenos Aires,2:30:36
5424,Giulia,Kuznetsov,F,46,Mexico,Guadalajara,2:42:51
5425,Alexander,Lewis,M,37,Austria,Innsbruck,3:55:38
5426,Hannah,Jackson,F,67,Hungary,Szeged,4:51:14
5427,Olga,Kaczmarek,F,50,Turkey,Izmir,4:28:54
5428,Ivan,Anderson,M,63,India,Mumbai,5:45:05
5429,Yuki,Williams,F,38,Mexico,Monterrey,3:46:57
5430,Sophia,Lopez,F,51,Brazil,Sao Paulo,3:20:09
5431,Emily,Williams,F,37,Slovakia,Bratislava,3:09:47
5432,Arthur,Davis,M,64,Poland,Warsaw,2:44:37
5433,Mia,Davis,F,52,China,Shenzhen,5:38:29
5434,Laura,Jones,F,56,Switzerland,Lausanne,2:33:13
5435,Maria,Silva,F,45,Germany,Berlin,4:00:35
5436,Emily,Smirnov,F,54,India,Delhi,4:48:55
5437,Oleg,Smith,M,21,Israel,Tel Aviv,4:57:09
5438,Sofia,Gomes,F,68,Denmark,Aarhus,2:53:03
5439,Maya,Popov,F,69,Ukraine,Lviv,3:48:23
5440,Noah,Sanchez,M,19,Poland,Poznan,2:30:54
5441,Ingrid,Taylor,F,36,Poland,Poznan,5:02:45
5442,Santiago,Brown,M,28,United Kingdom,Edinburgh,5:22:47
5443,Ava,Garcia,F,50,Kenya,Kisumu,4:03:54
5444,Amelia,Walker,F,47,United Arab Emirates,Sharjah,5:54:03
5445,John,Ivanov,M,39,United States,New York,2:45:28
5446,Mikhail,Ferrari,M,63,Brazil,Salvador,5:55:08
5447,Luis,Rodriguez,M,66,Mexico,Monterrey,2:50:37
5448,Anna,Sanchez,F,70,Czech Republic,Prague,5:44:57
5449,Ava,Martinez,F,61,South Africa,Johannesburg,2:48:37
5450,Noah,Lopez,M,51,Romania,Constanta,5:02:21
5451,Jan,Ramirez,M,29,Slovakia,Presov,4:29:40
5452,Chiara,Smirnov,F,63,Spain,Barcelona,3:07:19
5453,Abigail,Smith,F,60,Austria,Salzburg,4:42:09
5454,Olivia,Santos,F,28,Portugal,Porto,4:31:59
5455,James,Kuznetsov,M,33,Canada,Calgary,4:09:45
5456,David,Smith,M,52,Italy,Milan,3:54:03
5457,Giovanni,Clark,M,32,Slovakia,Nitra,5:51:15
5458,Isabella,Harris,F,67,Poland,Wroclaw,2:38:24
5459,Emma,Kowalski,F,48,Czech Republic,Ostrava,4:13:14
5460,Arthur,Rodriguez,M,22,Singapore,Singapore,4:10:41
5461,Thomas,White,M,69,Germany,Frankfurt,2:05:33
5462,Giulia,Thomas,F,22,South Korea,Daejeon,5:24:43
5463,Carlos,Murphy,M,40,Norway,Tromso,3:09:30
5464,Thomas,Rossi,M,70,Italy,Rome,4:07:06
5465,Piotr,Melo,M,38,Poland,Warsaw,5:38:38
5466,Michael,Walker,M,29,Portugal,Braga,2:55:15
5467,Ingrid,King,F,66,Argentina,La Plata,5:25:17
5468,Mateo,Ivanov,M,42,Turkey,Istanbul,5:33:30
5469,Lucas,Ferrari,M,51,United States,Los Angeles,5:02:39
5470,Magdalena,Santos,F,63,Mexico,Guadalajara,3:17:39
5471,Lucas,Thomas,M,33,United Arab Emirates,Dubai,5:39:18
5472,Liam,Martinez,M,20,Switzerland,Geneva,4:04:39
5473,Arthur,Williams,M,20,Canada,Montreal,5:05:33
5474,Olivia,Taylor,F,45,Italy,Milan,3:11:43
5475,Henry,Ramirez,M,68,Germany,Berlin,4:15:36
5476,Hugo,King,M,49,Hungary,Szeged,4:51:16
5477,Zuzanna,Petrov,F,54,Sweden,Gothenburg,2:41:45
5478,Santiago,White,M,59,United States,Los Angeles,2:43:47
5479,Marco,Thomas,M,60,Austria,Salzburg,4:01:47
5480,Megan,Young,F,59,Norway,Oslo,2:55:20
5481,Anna,Kowalski,F,49,United Arab Emirates,Ajman,3:11:39
5482,Hannah,Romano,F,21,India,Bangalore,2:29:51
5483,Henry,Thomas,M,32,Norway,Trondheim,3:26:30
5484,Sophia,Taylor,F,20,South Africa,Johannesburg,2:56:41
5485,Ekaterina,Thomas,F,27,Australia,Sydney,4:43:11
5486,Sophia,Kowalczyk,F,38,Norway,Trondheim,4:45:53
5487,Arthur,Kowalczyk,M,47,United Arab Emirates,Sharjah,2:06:43
5488,Giulia,Williams,F,69,Czech Republic,Pilsen,4:20:46
5489,Marco,Garcia,M,18,Turkey,Bursa,3:05:29
5490,Kacper,Petrov,M,27,Ukraine,Kyiv,3:38:17
5491,Olga,Young,F,29,Russia,Novosibirsk,2:44:43
5492,James,Costa,M,33,Sweden,Malmo,2:12:28
5493,Harry,Rodriguez,M,51,Spain,Madrid,5:34:20
5494,Noah,Nguyen,M,24,Netherlands,The Hague,3:27:57
5495,Anna,Kaczmarek,F,65,Sweden,Stockholm,3:31:46
5496,Abigail,Wright,F,45,United States,San Francisco,2:35:14
5497,Sophia,Martin,F,27,Singapore,Singapore,4:46:29
5498,Santiago,Murphy,M,34,Russia,Kazan,4:41:48
5499,Julia,Torres,F,64,Poland,Poznan,3:50:16
5500,Olga,Romano,F,61,Hungary,Szeged,5:37:38
5501,Emily,Moore,F,30,Canada,Ottawa,3:13:13
5502,Sophia,Walker,F,63,United States,San Francisco,5:52:21
5503,María,Ivanov,F,66,Czech Republic,Olomouc,5:54:55
5504,Giovanni,Williams,M,58,Singapore,Singapore,5:29:13
5505,Marco,Bianchi,M,58,Czech Republic,Prague,4:37:50
5506,Sunita,Williams,F,36,China,Shenzhen,3:09:47
5507,Oliver,Ramirez,M,31,Israel,Nazareth,3:46:48
5508,Pedro,Harris,M,60,Brazil,Fortaleza,3:39:54
5509,Arthur,Moore,M,22,Brazil,Sao Paulo,4:19:03
5510,Luis,Garcia,M,23,Slovakia,Zilina,5:28:49
5511,Jan,Jones,M,57,Israel,Beer Sheva,2:46:21
5512,Sofia,Clark,F,23,United Kingdom,Birmingham,4:19:12
5513,Magdalena,Garcia,F,66,Hungary,Debrecen,5:09:30
5514,Amelia,Kuznetsov,F,41,United Kingdom,Edinburgh,5:10:20
5515,Ava,Allen,F,69,Japan,Sapporo,2:12:39
5516,Jakub,Kuznetsov,M,22,Finland,Vantaa,4:16:30
5517,Jack,Murphy,M,28,South Africa,Durban,2:42:43
5518,María,Melo,F,24,Ethiopia,Dire Dawa,3:48:00
5519,Carlos,Thomas,M,63,Poland,Wroclaw,3:32:39
5520,Magdalena,Miller,F,44,Sweden,Uppsala,3:01:57
5521,Ivan,Oliveira,M,52,Sweden,Malmo,5:24:34
5522,Maria,Smith,F,31,Turkey,Ankara,4:43:50
5523,Lucas,Silva,M,36,Japan,Kyoto,3:16:30
5524,Ingrid,Allen,F,25,Australia,Sydney,4:22:34
5525,Valentina,Johnson,F,39,South Korea,Seoul,5:01:17
5526,Michael,Jackson,M,30,Portugal,Coimbra,5:14:58
5527,Nikolai,Smirnov,M,31,China,Shenzhen,5:48:45
5528,Anna,Harris,F,37,Japan,Osaka,2:57:22
5529,Ivan,Torres,M,46,Spain,Madrid,4:49:38
5530,Benjamin,Rossi,M,59,Romania,Bucharest,5:12:24
5531,Sara,Martin,F,64,Czech Republic,Pilsen,2:21:44
5532,Yuki,Young,F,28,Canada,Vancouver,5:25:14
5533,Anna,King,F,60,Portugal,Coimbra,5:01:26
5534,Carlos,Brown,M,32,Kenya,Nairobi,5:34:50
5535,Amelia,Ramirez,F,27,United Kingdom,Birmingham,4:59:33
5536,Emma,Melo,F,53,South Africa,Pretoria,2:29:51
5537,Ava,Silva,F,69,Japan,Osaka,5:10:55
5538,Giulia,Romano,F,69,Czech Republic,Brno,2:59:29
5539,Isabella,Ramirez,F,32,Germany,Hamburg,3:18:31
5540,Lorenzo,Romano,M,19,Israel,Beer Sheva,3:28:46
5541,David,Melo,M,50,Slovakia,Nitra,5:39:28
5542,Robert,Sanchez,M,61,France,Nice,3:52:06
5543,Alexander,Scott,M,45,South Africa,Johannesburg,3:28:28
5544,Lucia,Hernandez,F,35,France,Nice,3:29:47
5545,Giovanni,Allen,M,56,Netherlands,Rotterdam,5:22:46
5546,Henry,Costa,M,69,Canada,Montreal,3:03:21
5547,Laura,Lopez,F,39,France,Nice,5:14:15
5548,Ivan,Taylor,M,18,India,Delhi,3:31:12
5549,Hugo,Moore,M,43,Turkey,Bursa,5:10:23
5550,Jakub,Moore,M,28,Singapore,Singapore,5:05:04
5551,Benjamin,Costa,M,57,Netherlands,Rotterdam,4:27:57
5552,Daria,Smirnov,F,63,Romania,Iasi,4:18:13
5553,Isabella,Nguyen,F,52,China,Shenzhen,3:13:56
5554,Harry,Kowalczyk,M,47,United States,San Francisco,5:16:30
5555,John,Walker,M,51,Canada,Vancouver,2:32:17
5556,Mia,Martin,F,24,South Africa,Johannesburg,4:55:52
5557,Santiago,Taylor,M,50,United Kingdom,London,5:03:05
5558,Julia,Popov,F,63,South Korea,Daegu,4:41:47
5559,Zuzanna,Melo,F,31,Norway,Oslo,3:15:30
5560,Megan,White,F,28,United States,Boston,5:31:39
5561,George,Silva,M,24,Turkey,Ankara,3:11:05
5562,George,Jones,M,69,Kenya,Mombasa,4:29:38
5563,James,Scott,M,50,Switzerland,Zurich,4:24:18
5564,Anna,Martinez,F,70,Norway,Trondheim,4:52:01
5565,Jack,Kaczmarek,M,39,Germany,Hamburg,3:18:24
5566,Ava,Moore,F,53,Finland,Tampere,5:59:15
5567,Daniel,King,M,62,United Kingdom,Manchester,4:03:29
5568,Mateusz,Novak,M,55,Japan,Sapporo,3:46:03
5569,Daria,Wright,F,63,Israel,Haifa,4:58:42
5570,Yuki,Hernandez,F,60,Kenya,Nairobi,3:30:38
5571,John,Young,M,27,Israel,Beer Sheva,4:08:26
5572,Valentina,Martin,F,39,Mexico,Monterrey,5:18:25
5573,Arthur,Lee,M,46,Portugal,Lisbon,4:56:51
5574,Chiara,Kowalczyk,F,50,Slovakia,Kosice,2:55:12
5575,Maria,Kaczmarek,F,58,Poland,Krakow,3:28:57
5576,Lucia,Wilson,F,44,Italy,Turin,5:29:44
5577,Daniel,Thompson,M,44,Japan,Nagoya,5:11:07
5578,Charlotte,Murphy,F,49,Poland,Poznan,3:12:18
5579,Jack,Williams,M,26,Ukraine,Odesa,2:25:14
5580,Amelia,Kaczmarek,F,19,Canada,Montreal,3:00:19
5581,Olivia,Santos,F,44,Israel,Nazareth,2:36:16
5582,Daria,Young,F,37,Brazil,Brasilia,5:46:15
5583,Mateusz,Kuznetsov,M,35,Slovakia,Presov,3:45:05
5584,Alexander,Lewis,M,36,India,Chennai,5:01:57
5585,Sunita,Moore,F,25,Denmark,Odense,3:40:44
5586,Noah,Kowalczyk,M,31,Hungary,Miskolc,4:07:42
5587,Ivan,Williams,M,43,Czech Republic,Brno,5:56:43
5588,Sunita,Wilson,F,18,Ukraine,Kyiv,2:10:39
5589,Lucia,Anderson,F,42,Poland,Gdansk,3:14:45
5590,Marco,King,M,25,Turkey,Antalya,2:32:55
5591,Isabella,Torres,F,55,South Korea,Incheon,3:05:09
5592,Anna,Romano,F,20,South Africa,Durban,2:28:58
5593,Mateusz,Romano,M,63,Israel,Jerusalem,4:46:07
5594,Jack,Romano,M,67,Hungary,Budapest,5:07:00
5595,Giulia,Oliveira,F,43,Sweden,Gothenburg,3:26:20
5596,Carlos,Walker,M,60,Norway,Stavanger,4:46:34
5597,Emily,Davis,F,61,Brazil,Sao Paulo,5:47:36
5598,David,Rossi,M,53,Ethiopia,Gondar,4:53:37
5599,Zuzanna,Lee,F,25,Ukraine,Kharkiv,2:33:08
5600,Alexander,Melo,M,47,South Korea,Incheon,4:03:39
5601,Zuzanna,Clark,F,70,Japan,Tokyo,5:37:07
5602,Henry,Lopez,M,47,Argentina,La Plata,4:32:48
5603,Ivan,Brown,M,19,United Arab Emirates,Abu Dhabi,3:06:01
5604,Elijah,Popov,M,51,South Korea,Incheon,5:56:38
5605,Robert,Wilson,M,62,Mexico,Mexico City,3:57:54
5606,Camila,Scott,F,35,Hungary,Debrecen,5:03:56
5607,Giovanni,Clark,M,36,China,Beijing,2:54:53
5608,Robert,Costa,M,61,Brazil,Rio de Janeiro,5:45:26
5609,Olivia,Popov,F,51,United Arab Emirates,Ajman,3:29:11
5610,David,Jones,M,49,Finland,Oulu,2:57:01
5611,Ekaterina,Melo,F,33,Brazil,Rio de Janeiro,4:37:29
5612,Hannah,Silva,F,27,Mexico,Cancun,3:12:20
5613,William,Popov,M,18,South Korea,Busan,2:23:18
5614,Robert,White,M,68,India,Hyderabad,3:52:28
5615,Evelyn,Gonzalez,F,38,Denmark,Aalborg,4:18:52
5616,Alexander,Novak,M,39,United States,Los Angeles,2:52:48
5617,Emily,Wiśniewski,F,68,South Africa,Cape Town,5:35:16
5618,Lucas,Garcia,M,50,Portugal,Braga,2:58:12
5619,Maya,Thompson,F,61,United Arab Emirates,Ajman,5:09:35
5620,Megan,Ivanov,F,32,Australia,Sydney,2:18:31
5621,Charlotte,Sanchez,F,36,Israel,Jerusalem,5:42:23
5622,David,Wright,M,43,Ethiopia,Gondar,2:27:43
5623,Jack,Hernandez,M,53,Sweden,Malmo,4:11:30
5624,Liam,Garcia,M,51,Russia,Kazan,2:53:25
5625,Thomas,Martin,M,54,United States,Boston,4:39:05
5626,María,Clark,F,63,India,Hyderabad,3:56:39
5627,Evelyn,Rossi,F,52,Germany,Cologne,2:13:35
5628,Sophia,Hernandez,F,26,Poland,Wroclaw,4:27:49
5629,Ivan,Martinez,M,54,South Africa,Cape Town,3:59:27
5630,Alexander,Williams,M,64,Hungary,Pecs,5:28:39
5631,Noah,Nowak,M,61,Canada,Toronto,5:43:12
5632,Kacper,Perez,M,32,South Korea,Incheon,5:22:07
5633,Valentina,Murphy,F,59,Denmark,Aalborg,3:50:21
5634,Katarzyna,Ivanov,F,21,Norway,Tromso,2:10:12
5635,Olga,Brown,F,34,Israel,Beer Sheva,4:19:15
5636,Harry,Wright,M,45,Japan,Nagoya,2:49:57
5637,Nikolai,Lewis,M,61,Czech Republic,Ostrava,5:25:14
5638,Daniel,Lewis,M,27,Russia,Moscow,2:39:26
5639,Maria,Taylor,F,66,Ethiopia,Dire Dawa,2:38:05
5640,Sofia,Taylor,F,59,Sweden,Stockholm,5:06:21
5641,Arthur,Romano,M,70,Czech Republic,Pilsen,5:02:36
5642,Daniel,Miller,M,51,United Arab Emirates,Abu Dhabi,3:41:36
5643,Oliver,Melo,M,47,Netherlands,Eindhoven,4:35:24
5644,María,Lewis,F,22,Sweden,Vasteras,2:15:52
5645,Piotr,Smith,M,22,South Africa,Port Elizabeth,4:09:18
5646,Lucas,Perez,M,22,United Kingdom,Birmingham,5:02:07
5647,Sofia,Clark,F,36,Hungary,Debrecen,4:40:25
5648,Julia,Lee,F,63,Denmark,Aalborg,4:44:33
5649,Sophia,Wilson,F,36,Argentina,Mendoza,4:16:00
5650,Ava,Lopez,F,51,Netherlands,The Hague,3:38:49
5651,Robert,Gonzalez,M,36,United Kingdom,Glasgow,4:20:31
5652,Mikhail,Wiśniewski,M,21,Israel,Nazareth,2:05:14
5653,Sara,Popov,F,49,Hungary,Pecs,5:18:57
5654,Isabela,Lopez,F,23,Germany,Munich,5:51:26
5655,John,Clark,M,48,Australia,Adelaide,3:12:32
5656,Camila,Thomas,F,63,Slovakia,Zilina,5:08:20
5657,Michael,Nowak,M,39,Slovakia,Kosice,3:32:49
5658,Megan,Lopez,F,50,Austria,Linz,4:48:55
5659,Megan,Wright,F,37,Brazil,Brasilia,3:38:41
5660,Alexander,Wiśniewski,M,21,Brazil,Rio de Janeiro,5:18:56
5661,Emma,Kowalski,F,39,United States,Chicago,2:54:43
5662,Sara,Bianchi,F,43,Slovakia,Nitra,3:51:06
5663,William,Martinez,M,23,Brazil,Brasilia,3:20:17
5664,Olivia,Rodriguez,F,46,France,Marseille,4:20:34
5665,Lorenzo,Miller,M,40,United Arab Emirates,Abu Dhabi,5:42:02
5666,Hugo,Gonzalez,M,62,Japan,Sapporo,5:24:08
5667,Maria,Martinez,F,60,Japan,Sapporo,4:58:28
5668,Megan,Lee,F,21,Germany,Cologne,3:44:09
5669,Marco,Nguyen,M,47,Norway,Oslo,4:07:00
5670,Daria,Kowalski,F,29,Romania,Bucharest,2:56:41
5671,Mikhail,Lee,M,43,Romania,Timisoara,4:55:06
5672,Maya,Johnson,F,56,Israel,Haifa,4:18:47
5673,Isabela,Walker,F,48,Austria,Graz,5:39:35
5674,Nikolai,Ramirez,M,70,Germany,Munich,2:51:01
5675,Isabella,Murphy,F,29,Czech Republic,Ostrava,4:29:59
5676,Chiara,Novak,F,46,Argentina,La Plata,3:29:25
5677,Giulia,Thomas,F,43,United Kingdom,Manchester,2:19:04
5678,Kacper,Costa,M,48,Mexico,Monterrey,5:57:57
5679,Mia,Jackson,F,34,South Africa,Cape Town,3:20:17
5680,Isabella,Romano,F,21,Denmark,Copenhagen,3:16:30
5681,Sunita,Perez,F,57,Turkey,Istanbul,4:03:44
5682,Sophia,Kaczmarek,F,31,India,Delhi,2:33:58
5683,Isabella,Smith,F,31,China,Chengdu,3:07:21
5684,George,Gomes,M,65,Denmark,Aarhus,4:32:37
5685,Sofia,Williams,F,31,Australia,Sydney,3:41:55
5686,Luis,Taylor,M,59,Japan,Kyoto,2:27:38
5687,Lucas,Young,M,49,Norway,Stavanger,2:14:43
5688,Anna,Smirnov,F,46,Russia,Saint Petersburg,4:40:17
5689,Isabela,Scott,F,22,Israel,Jerusalem,3:59:50
5690,Liam,Ferrari,M,56,United Arab Emirates,Ajman,2:05:35
5691,Arthur,Lewis,M,33,Kenya,Nairobi,3:32:15
5692,Giovanni,Sanchez,M,27,Kenya,Mombasa,3:27:51
5693,Jakub,Lewis,M,25,Sweden,Stockholm,2:18:10
5694,Liam,Ramirez,M,44,Japan,Nagoya,3:50:32
5695,Ava,Bianchi,F,44,Mexico,Guadalajara,3:24:30
5696,Yuki,Jones,F,67,Mexico,Guadalajara,5:42:56
5697,George,Santos,M,22,Singapore,Singapore,4:45:32
5698,Alexander,Thomas,M,63,Singapore,Singapore,4:12:09
5699,Mikhail,King,M,38,China,Shenzhen,4:09:54
5700,Emma,Walker,F,60,Turkey,Izmir,2:13:30
5701,Anna,Petrov,F,31,Argentina,Rosario,4:58:48
5702,Daria,Williams,F,69,Poland,Warsaw,3:20:32
5703,Emma,Jones,F,67,Italy,Naples,2:26:39
5704,Giovanni,Miller,M,66,United Kingdom,London,3:31:03
5705,Daria,Rodriguez,F,69,France,Paris,3:06:36
5706,Alexander,Ferrari,M,40,Russia,Saint Petersburg,5:13:56
5707,Ingrid,Lewis,F,23,Mexico,Mexico City,4:46:50
5708,David,Nguyen,M,33,Hungary,Pecs,4:55:34
5709,Valentina,White,F,28,India,Hyderabad,5:12:25
5710,William,Kuznetsov,M,48,Romania,Bucharest,5:46:47
5711,Kacper,Martin,M,36,South Korea,Seoul,2:15:23
5712,Hugo,Ramirez,M,27,Portugal,Braga,4:50:06
5713,Isabela,Martinez,F,69,Russia,Saint Petersburg,4:41:54
5714,Kacper,Hernandez,M,20,Finland,Oulu,5:19:08
5715,Elijah,Martinez,M,53,Finland,Vantaa,3:45:03
5716,Henry,Thomas,M,19,Denmark,Copenhagen,5:45:29
5717,Nikolai,Moore,M,42,United Arab Emirates,Ras Al Khaimah,4:03:40
5718,Harry,Gonzalez,M,67,France,Nice,5:27:49
5719,Piotr,Garcia,M,38,South Africa,Johannesburg,3:53:52
5720,Luis,Robinson,M,58,United Arab Emirates,Ras Al Khaimah,5:01:00
5721,Michael,Harris,M,56,United States,Los Angeles,5:28:11
5722,Mia,Kuznetsov,F,53,India,Chennai,3:52:47
5723,Emily,Smith,F,65,Russia,Yekaterinburg,5:05:46
5724,Ivan,Kuznetsov,M,38,Norway,Trondheim,5:49:41
5725,Emma,Ramirez,F,27,United Arab Emirates,Abu Dhabi,5:03:46
5726,Alina,Lopez,F,20,Singapore,Singapore,4:33:27
5727,Sofia,Petrov,F,48,Argentina,Rosario,5:40:20
5728,Daniel,Kuznetsov,M,32,Ukraine,Dnipro,5:11:11
5729,Arthur,Popov,M,68,Poland,Poznan,4:41:40
5730,Alexander,Lewis,M,46,Romania,Timisoara,2:14:15
5731,Chiara,Sanchez,F,60,Ethiopia,Mekelle,2:44:07
5732,Hugo,Rossi,M,19,Kenya,Kisumu,3:27:08
5733,Nikolai,Gonzalez,M,40,Japan,Sapporo,5:20:07
5734,Arthur,Silva,M,23,Germany,Berlin,3:05:19
5735,Robert,Williams,M,53,Argentina,Cordoba,2:07:14
5736,Hugo,Lopez,M,69,United States,New York,2:06:45
5737,Carlos,Gonzalez,M,70,Singapore,Singapore,4:32:29
5738,Maya,White,F,29,Switzerland,Basel,5:26:27
5739,Mateusz,Young,M,26,Kenya,Nakuru,3:17:35
5740,Isabela,Thomas,F,20,France,Nice,3:43:08
5741,Anna,Scott,F,56,Russia,Moscow,2:26:45
5742,Isabella,Petrov,F,59,Australia,Brisbane,5:52:28
5743,Emily,Rossi,F,25,Turkey,Izmir,3:03:49
5744,Zuzanna,Kaczmarek,F,50,United Kingdom,Birmingham,2:41:55
5745,Sofia,Kowalski,F,50,Austria,Innsbruck,5:12:23
5746,Sunita,Smith,F,28,Netherlands,The Hague,4:00:57
5747,Katarzyna,Costa,F,23,Czech Republic,Pilsen,3:18:51
5748,Nikolai,Oliveira,M,41,Singapore,Singapore,2:15:12
5749,Jan,Bianchi,M,37,Germany,Frankfurt,3:11:36
5750,Robert,Clark,M,18,Ethiopia,Gondar,3:35:05
5751,Evelyn,King,F,64,Switzerland,Zurich,4:27:27
5752,Michael,Rossi,M,27,Australia,Melbourne,5:04:23
5753,Benjamin,Gomes,M,33,South Korea,Busan,4:27:51
5754,Mia,Lopez,F,24,Austria,Innsbruck,5:20:00
5755,Sophia,Brown,F,62,Romania,Constanta,4:53:29
5756,Lucas,Oliveira,M,67,Mexico,Mexico City,5:22:40
5757,Kacper,Williams,M,49,Hungary,Pecs,3:48:14
5758,María,Ivanov,F,50,Argentina,Buenos Aires,5:30:46
5759,Hannah,Miller,F,58,Denmark,Aarhus,3:51:53
5760,Henry,Walker,M,24,Austria,Salzburg,2:08:31
5761,Evelyn,Davis,F,28,United States,San Francisco,5:50:14
5762,Luis,Smith,M,61,South Korea,Seoul,4:01:20
5763,David,Martinez,M,53,Mexico,Cancun,4:49:42
5764,Camila,Hernandez,F,63,Japan,Nagoya,5:20:50
5765,Jakub,Romano,M,50,Romania,Constanta,5:36:05
5766,Oleg,Novak,M,56,Canada,Ottawa,3:41:31
5767,Giovanni,Gomes,M,53,France,Nice,5:17:05
5768,Piotr,Thompson,M,64,Canada,Ottawa,5:54:38
5769,Camila,Rossi,F,48,Ethiopia,Addis Ababa,4:43:01
5770,Santiago,Nguyen,M,56,South Korea,Incheon,3:39:05
5771,Ava,Kuznetsov,F,34,Turkey,Izmir,2:33:24
5772,Isabella,Murphy,F,27,Mexico,Monterrey,3:33:59
5773,Noah,Ferrari,M,66,United Arab Emirates,Sharjah,5:57:58
5774,Alexander,Torres,M,44,Russia,Moscow,3:25:31
5775,Abigail,Robinson,F,45,Switzerland,Geneva,5:54:30
5776,Alina,Smirnov,F,64,Kenya,Kisumu,2:33:34
5777,Katarzyna,Popov,F,49,South Korea,Busan,2:59:25
5778,Isabella,Sanchez,F,42,Singapore,Singapore,2:13:56
5779,Arthur,Lopez,M,59,Hungary,Debrecen,5:48:59
5780,Piotr,Brown,M,60,Hungary,Pecs,3:43:13
5781,Ingrid,Allen,F,59,Mexico,Cancun,3:17:43
5782,Oliver,Nowak,M,42,Spain,Bilbao,4:23:47
5783,Jan,Silva,M,53,Italy,Naples,4:27:57
5784,William,Smirnov,M,68,Argentina,La Plata,5:36:06
5785,Thomas,Harris,M,58,India,Hyderabad,4:38:39
5786,Hugo,Robinson,M,36,Slovakia,Presov,4:59:36
5787,James,Popov,M,61,Switzerland,Zurich,2:56:47
5788,Magdalena,Sanchez,F,36,Norway,Tromso,3:09:27
5789,Sofia,Sanchez,F,32,Canada,Montreal,3:21:45
5790,Hannah,Scott,F,54,Singapore,Singapore,3:26:07
5791,Katarzyna,Lee,F,49,Norway,Stavanger,2:12:12
5792,Jan,Thomas,M,25,Mexico,Guadalajara,4:05:48
5793,Mikhail,Romano,M,37,Mexico,Monterrey,3:59:23
5794,Lucas,Allen,M,70,Mexico,Monterrey,5:28:23
5795,Oliver,Wiśniewski,M,45,Finland,Helsinki,5:09:08
5796,Yuki,Wright,F,33,Hungary,Pecs,4:46:48
5797,Michael,Gomes,M,41,Denmark,Aarhus,5:49:24
5798,Mia,Popov,F,38,Sweden,Vasteras,3:09:13
5799,Amelia,Gomes,F,61,Norway,Stavanger,4:40:23
5800,Charlotte,Lewis,F,59,South Korea,Daegu,3:00:54
5801,John,Costa,M,20,Ethiopia,Gondar,3:02:50
5802,Camila,Scott,F,23,Japan,Tokyo,2:32:32
5803,Alina,Walker,F,18,Russia,Novosibirsk,2:29:12
5804,Ivan,Lee,M,31,Switzerland,Geneva,3:12:04
5805,Hugo,Jackson,M,21,South Africa,Port Elizabeth,5:42:58
5806,Jack,Kaczmarek,M,46,Denmark,Aarhus,2:43:55
5807,Katarzyna,Perez,F,22,India,Bangalore,4:13:06
5808,Thomas,Rossi,M,30,China,Shanghai,5:48:20
5809,Daniel,Ferrari,M,57,Turkey,Bursa,4:09:27
5810,Maya,Kuznetsov,F,59,Austria,Linz,5:22:15
5811,Michael,Thompson,M,26,Japan,Nagoya,4:12:40
5812,Piotr,Wiśniewski,M,36,France,Bordeaux,4:49:22
5813,Ivan,Harris,M,55,Argentina,Cordoba,4:07:16
5814,Olivia,Perez,F,22,Ukraine,Odesa,4:23:40
5815,Mia,Torres,F,53,Austria,Vienna,3:30:11
5816,Katarzyna,Smith,F,49,China,Shanghai,4:48:45
5817,Lucia,Rossi,F,34,Romania,Constanta,3:33:26
5818,Jan,Rodriguez,M,29,Switzerland,Basel,3:02:34
5819,Emma,Thomas,F,61,Spain,Madrid,3:35:10
5820,Charlotte,Bianchi,F,54,Slovakia,Bratislava,5:45:45
5821,Megan,Wiśniewski,F,48,Poland,Wroclaw,2:16:37
5822,Megan,Gomes,F,23,Australia,Melbourne,5:01:01
5823,Robert,Nowak,M,40,Slovakia,Bratislava,5:06:28
5824,Isabela,Popov,F,25,Israel,Haifa,4:48:45
5825,Ingrid,Martinez,F,69,Canada,Montreal,4:06:41
5826,María,Kowalczyk,F,62,France,Marseille,2:20:07
5827,Jakub,Davis,M,48,Russia,Moscow,3:10:17
5828,Jack,Lewis,M,30,Sweden,Uppsala,5:56:49
5829,Piotr,Young,M,23,Spain,Barcelona,3:50:26
5830,Hannah,Lopez,F,56,Israel,Jerusalem,5:37:27
5831,Abigail,Santos,F,34,Australia,Melbourne,4:35:05
5832,Santiago,Clark,M,19,Ethiopia,Dire Dawa,3:38:19
5833,Oliver,Williams,M,37,Switzerland,Basel,2:12:46
5834,Ava,Martinez,F,24,India,Hyderabad,4:14:35
5835,Daria,Oliveira,F,53,Poland,Poznan,5:16:53
5836,Alexander,Costa,M,44,Mexico,Puebla,2:18:41
5837,Mateo,Johnson,M,47,Australia,Brisbane,4:17:52
5838,Emily,Jackson,F,38,Sweden,Stockholm,5:01:26
5839,Megan,Walker,F,43,Mexico,Guadalajara,4:30:34
5840,Lucas,Murphy,M,25,Argentina,La Plata,2:50:12
5841,Maria,Jones,F,34,Denmark,Esbjerg,3:08:45
5842,Alexander,Robinson,M,38,Portugal,Braga,5:31:16
5843,Anna,Romano,F,63,Switzerland,Lausanne,4:27:32
5844,María,Kowalczyk,F,42,Kenya,Nakuru,5:46:40
5845,Maya,Kowalczyk,F,56,Russia,Saint Petersburg,2:47:11
5846,Lorenzo,Gomes,M,39,Ukraine,Kharkiv,5:05:18
5847,David,Romano,M,25,Romania,Bucharest,2:46:52
5848,Olivia,Kowalski,F,57,Russia,Kazan,5:48:26
5849,Noah,Romano,M,54,Netherlands,Utrecht,4:10:26
5850,Sophia,Smith,F,38,Hungary,Szeged,5:46:48
5851,María,Lopez,F,25,Israel,Haifa,3:43:09
5852,Valentina,Taylor,F,56,Singapore,Singapore,3:41:24
5853,Anna,Moore,F,38,South Africa,Durban,4:27:18
5854,George,Jones,M,55,Czech Republic,Prague,4:48:37
5855,Yuki,Novak,F,59,South Africa,Durban,4:34:29
5856,Oliver,Clark,M,41,Austria,Graz,4:18:30
5857,Julia,Rossi,F,24,Brazil,Rio de Janeiro,3:12:38
5858,Chiara,Melo,F,23,China,Shenzhen,3:49:54
5859,Abigail,Wiśniewski,F,42,Australia,Brisbane,4:26:25
5860,Oliver,Taylor,M,70,France,Marseille,5:49:11
5861,Olivia,Clark,F,29,Italy,Milan,2:28:23
5862,Nikolai,Clark,M,24,Mexico,Monterrey,2:26:22
5863,Yuki,Petrov,F,59,Sweden,Vasteras,4:57:26
5864,Lucia,Novak,F,23,United Arab Emirates,Abu Dhabi,2:40:53
5865,Elijah,Ramirez,M,20,Switzerland,Basel,4:01:59
5866,Maria,Nguyen,F,65,United Arab Emirates,Abu Dhabi,2:16:03
5867,Daria,Melo,F,25,Brazil,Fortaleza,5:38:10
5868,Oliver,Clark,M,18,China,Shenzhen,3:16:54
5869,Maria,Rossi,F,65,Singapore,Singapore,5:16:12
5870,Alina,Johnson,F,65,South Korea,Busan,4:30:37
5871,Elijah,Thomas,M,29,China,Beijing,2:53:19
5872,Elijah,Lee,M,28,Denmark,Aarhus,3:51:26
5873,David,Davis,M,18,Brazil,Brasilia,5:16:34
5874,Sofia,Torres,F,63,Turkey,Izmir,4:08:59
5875,Arthur,Rodriguez,M,26,Turkey,Antalya,2:40:11
5876,Giovanni,Kuznetsov,M,30,Brazil,Sao Paulo,3:35:43
5877,Noah,Williams,M,44,United States,San Francisco,4:37:31
5878,Evelyn,Murphy,F,61,Denmark,Odense,2:54:10
5879,Lucas,Smith,M,63,South Africa,Johannesburg,4:56:01
5880,Alexander,Davis,M,48,Kenya,Nakuru,4:28:53
5881,Mateusz,Torres,M,43,China,Guangzhou,2:38:15
5882,Liam,Torres,M,34,Japan,Tokyo,3:18:11
5883,Valentina,Allen,F,55,Romania,Timisoara,4:30:21
5884,Jan,Harris,M,21,United Arab Emirates,Ajman,3:46:22
5885,Chiara,Harris,F,58,Spain,Bilbao,4:40:13
5886,Jakub,Petrov,M,28,China,Chengdu,3:34:05
5887,Isabela,Martin,F,68,Switzerland,Zurich,3:07:44
5888,Henry,Smirnov,M,35,Ethiopia,Addis Ababa,2:14:07
5889,Lucia,Davis,F,26,Poland,Krakow,3:29:04
5890,Ekaterina,Miller,F,67,Austria,Graz,2:36:45
5891,Sara,Wiśniewski,F,56,Austria,Salzburg,2:26:57
5892,Henry,Murphy,M,70,United States,New York,4:05:19
5893,William,Wilson,M,54,Czech Republic,Prague,5:37:03
5894,Mateusz,Costa,M,26,Ukraine,Dnipro,4:52:25
5895,Benjamin,Robinson,M,49,Ukraine,Dnipro,4:45:18
5896,Evelyn,Popov,F,60,Finland,Helsinki,2:37:15
5897,George,Kaczmarek,M,19,Argentina,Cordoba,4:42:48
5898,Mia,Lewis,F,54,Portugal,Faro,2:12:02
5899,Santiago,Rossi,M,58,Turkey,Izmir,3:44:29
5900,Charlotte,Nguyen,F,47,Denmark,Esbjerg,4:54:29
5901,Mia,Gomes,F,65,Argentina,Cordoba,2:39:36
5902,Kacper,Smirnov,M,29,Norway,Oslo,5:05:43
5903,Jan,Bianchi,M,49,Czech Republic,Ostrava,5:39:10
5904,Marco,Bianchi,M,69,Finland,Helsinki,2:17:29
5905,Kacper,Torres,M,53,Denmark,Odense,4:16:28
5906,Santiago,Perez,M,56,India,Chennai,2:52:46
5907,Valentina,Harris,F,42,Switzerland,Bern,5:28:57
5908,Maya,Lewis,F,52,Italy,Bologna,5:57:45
5909,Lucia,Popov,F,61,Argentina,Rosario,2:17:53
5910,Maria,Nguyen,F,63,United States,Chicago,2:20:58
5911,Daria,Costa,F,45,Denmark,Esbjerg,3:03:56
5912,Kacper,Lewis,M,42,South Africa,Cape Town,5:44:57
5913,Alexander,Lopez,M,25,United Kingdom,Manchester,4:30:31
5914,Mateusz,Martinez,M,44,Czech Republic,Pilsen,2:38:07
5915,William,Lopez,M,26,Mexico,Mexico City,5:12:30
5916,Ingrid,Wilson,F,45,China,Beijing,3:00:45
5917,Thomas,Lee,M,31,Austria,Linz,4:39:43
5918,Arthur,Davis,M,23,Kenya,Nakuru,2:26:55
5919,Isabella,Lopez,F,37,Czech Republic,Olomouc,3:40:03
5920,Mateo,Moore,M,62,South Korea,Incheon,2:44:22
5921,Maria,Jones,F,31,Kenya,Nakuru,4:00:45
5922,Katarzyna,Jackson,F,54,India,Mumbai,4:17:04
5923,Daria,Jones,F,32,Kenya,Eldoret,4:37:35
5924,Lucas,Gomes,M,39,Sweden,Vasteras,4:33:24
5925,Michael,Perez,M,27,Canada,Vancouver,4:13:49
5926,Isabella,Ramirez,F,47,Spain,Bilbao,5:21:54
5927,Kacper,Robinson,M,24,Finland,Tampere,4:23:43
5928,Yuki,White,F,67,Spain,Valencia,2:31:15
5929,Mikhail,Brown,M,19,Austria,Vienna,3:17:58
5930,Katarzyna,Wilson,F,41,United States,Chicago,5:09:21
5931,Lucas,Silva,M,59,Hungary,Budapest,2:42:05
5932,Olivia,White,F,35,Brazil,Brasilia,3:33:19
5933,Luis,Oliveira,M,46,Turkey,Bursa,2:12:26
5934,Oleg,Silva,M,24,South Korea,Busan,2:54:14
5935,Sophia,Wiśniewski,F,46,Norway,Oslo,2:28:37
5936,Noah,Hernandez,M,26,Hungary,Budapest,5:26:42
5937,Jakub,Popov,M,25,Austria,Salzburg,4:25:17
5938,Lucas,Santos,M,38,Switzerland,Geneva,2:35:10
5939,Emily,Gomes,F,70,Denmark,Aalborg,5:04:08
5940,Giulia,Martin,F,67,Sweden,Stockholm,4:08:58
5941,Jakub,White,M,44,Kenya,Mombasa,3:56:42
5942,Olivia,Romano,F,20,Sweden,Stockholm,3:42:56
5943,Isabela,Harris,F,27,Austria,Salzburg,2:19:18
5944,Lucas,King,M,25,Romania,Iasi,2:29:49
5945,Oliver,Clark,M,31,South Korea,Busan,2:39:28
5946,Luis,Nguyen,M,69,Romania,Bucharest,3:23:45
5947,Ava,Walker,F,62,Brazil,Rio de Janeiro,4:34:53
5948,Nikolai,Harris,M,34,Slovakia,Nitra,3:30:46
5949,Carlos,Johnson,M,42,India,Mumbai,5:49:45
5950,Arthur,Walker,M,50,Mexico,Guadalajara,3:50:35
5951,Alexander,Perez,M,35,Poland,Gdansk,2:46:12
5952,Kacper,Jackson,M,30,Ethiopia,Addis Ababa,5:47:13
5953,Sofia,Harris,F,66,Slovakia,Zilina,4:02:22
5954,Abigail,Williams,F,18,France,Paris,4:08:36
5955,Chiara,Popov,F,70,Mexico,Cancun,2:28:47
5956,William,Robinson,M,33,United States,Boston,4:14:09
5957,Ingrid,Petrov,F,34,Spain,Madrid,2:15:50
5958,Isabela,Wright,F,35,Argentina,Mendoza,2:55:21
5959,Lucas,Miller,M,25,Sweden,Stockholm,2:48:25
5960,Liam,Martinez,M,44,Slovakia,Bratislava,2:47:09
5961,Yuki,Popov,F,57,China,Beijing,5:55:37
5962,Jakub,Petrov,M,55,Sweden,Malmo,5:37:07
5963,Ivan,Moore,M,21,Portugal,Faro,3:23:14
5964,James,Thomas,M,54,Australia,Adelaide,4:35:19
5965,Magdalena,King,F,64,South Africa,Cape Town,5:49:26
5966,Mateusz,Bianchi,M,35,Czech Republic,Pilsen,5:20:12
5967,George,Thompson,M,40,United States,New York,4:55:51
5968,Pedro,White,M,52,Ethiopia,Gondar,5:18:42
5969,Nikolai,Popov,M,47,Austria,Vienna,4:30:42
5970,Pedro,Costa,M,56,Romania,Cluj-Napoca,5:07:01
5971,Hugo,Young,M,33,Germany,Frankfurt,4:07:34
5972,Hannah,Taylor,F,52,Finland,Oulu,4:08:08
5973,Mia,Thomas,F,66,Italy,Rome,5:06:35
5974,Maya,Smirnov,F,37,Japan,Osaka,5:08:03
5975,Abigail,Gomes,F,42,Argentina,Rosario,3:15:52
5976,Jakub,Harris,M,50,Hungary,Debrecen,3:15:08
5977,Jakub,Hernandez,M,21,United Arab Emirates,Abu Dhabi,2:10:33
5978,Magdalena,Walker,F,51,Austria,Innsbruck,5:00:02
5979,Piotr,Allen,M,57,Germany,Frankfurt,3:34:48
5980,Camila,Popov,F,69,Romania,Constanta,5:45:01
5981,Kacper,Moore,M,57,Austria,Vienna,5:22:46
5982,Santiago,Clark,M,65,Sweden,Uppsala,5:17:22
5983,Camila,Bianchi,F,54,Turkey,Izmir,4:23:09
5984,Julia,Kowalski,F,62,Slovakia,Zilina,2:56:17
5985,Arthur,Costa,M,30,Italy,Milan,2:57:22
5986,Sara,King,F,25,Finland,Helsinki,2:40:00
5987,Pedro,Davis,M,56,France,Bordeaux,5:56:39
5988,Olivia,Petrov,F,19,Finland,Helsinki,2:12:08
5989,Oliver,Martin,M,54,Denmark,Copenhagen,4:00:04
5990,Luis,Gomes,M,53,Switzerland,Geneva,2:38:39
5991,Daniel,Lee,M,40,Portugal,Porto,2:11:41
5992,Benjamin,Garcia,M,57,India,Mumbai,5:40:00
5993,Katarzyna,Oliveira,F,68,Australia,Perth,2:57:39
5994,Anna,Garcia,F,55,China,Shanghai,5:31:01
5995,William,Nowak,M,61,South Africa,Port Elizabeth,4:03:31
5996,Olivia,Miller,F,34,Norway,Trondheim,4:43:17
5997,Lucia,Rossi,F,37,South Africa,Cape Town,4:42:48
5998,Ivan,Johnson,M,29,Netherlands,Rotterdam,3:35:35
5999,David,Novak,M,64,Slovakia,Bratislava,5:55:24
6000,George,Lopez,M,47,Argentina,Mendoza,2:35:34
6001,Jan,Davis,M,59,Ukraine,Odesa,4:02:50
6002,Julia,Martinez,F,24,Russia,Saint Petersburg,3:07:53
6003,Evelyn,Ivanov,F,20,United Kingdom,London,3:43:49
6004,Isabella,Bianchi,F,19,Ethiopia,Bahir Dar,4:27:09
6005,Lucas,Rodriguez,M,63,China,Shenzhen,4:30:03
6006,Abigail,Perez,F,65,South Korea,Busan,4:23:16
6007,Valentina,Kaczmarek,F,40,Israel,Haifa,2:47:29
6008,David,Kaczmarek,M,67,China,Beijing,4:25:58
6009,Sophia,Miller,F,29,United Arab Emirates,Abu Dhabi,5:45:04
6010,Oleg,Johnson,M,60,Romania,Bucharest,3:48:11
6011,Giovanni,Lewis,M,60,United Arab Emirates,Ras Al Khaimah,4:02:11
6012,Sophia,Oliveira,F,62,Argentina,Rosario,4:45:33
6013,Katarzyna,Thompson,F,48,Russia,Novosibirsk,3:28:01
6014,Katarzyna,Popov,F,41,India,Hyderabad,2:49:08
6015,Olivia,Costa,F,56,South Korea,Daegu,3:04:58
6016,Ivan,Costa,M,55,Australia,Brisbane,3:57:26
6017,Julia,Nguyen,F,52,Czech Republic,Ostrava,4:13:12
6018,Ingrid,Miller,F,34,Israel,Beer Sheva,5:24:15
6019,George,Sanchez,M,35,Brazil,Brasilia,5:01:03
6020,Jakub,Jones,M,33,Finland,Tampere,5:50:01
6021,David,Walker,M,66,Russia,Yekaterinburg,5:55:40
6022,Maya,Perez,F,29,Japan,Sapporo,2:50:54
6023,Julia,Taylor,F,60,Russia,Saint Petersburg,2:45:55
6024,Benjamin,Jones,M,53,Kenya,Eldoret,5:29:05
6025,Kacper,Robinson,M,50,Australia,Perth,4:22:49
6026,Mia,Harris,F,33,Australia,Melbourne,2:28:37
6027,Chiara,Johnson,F,19,Netherlands,Eindhoven,5:23:05
6028,Lucas,Lee,M,44,Ethiopia,Bahir Dar,5:02:26
6029,Mia,Hernandez,F,31,Hungary,Pecs,2:23:47
6030,Nikolai,Smirnov,M,68,Mexico,Guadalajara,2:44:09
6031,Laura,Ferrari,F,63,Finland,Oulu,2:48:53
6032,Oleg,Kowalski,M,25,Portugal,Coimbra,3:54:39
6033,Anna,Allen,F,63,China,Beijing,3:07:43
6034,Santiago,Allen,M,47,Switzerland,Basel,5:02:36
6035,Sophia,Hernandez,F,59,Brazil,Sao Paulo,3:00:42
6036,Thomas,Wright,M,52,Hungary,Budapest,2:35:59
6037,Sophia,Hernandez,F,48,United Kingdom,Glasgow,4:12:45
6038,Alina,Santos,F,36,Spain,Madrid,2:27:39
6039,Ivan,King,M,50,Kenya,Mombasa,5:17:25
6040,Daniel,Johnson,M,24,Spain,Bilbao,5:41:35
6041,Sophia,Thomas,F,37,Brazil,Rio de Janeiro,3:24:01
6042,Giovanni,Robinson,M,43,Kenya,Kisumu,4:24:33
6043,Evelyn,Williams,F,55,Germany,Hamburg,4:51:01
6044,Valentina,Clark,F,45,United Kingdom,London,4:59:45
6045,Carlos,Petrov,M,23,Turkey,Antalya,5:40:51
6046,Jakub,Young,M,24,Hungary,Szeged,5:25:55
6047,Oliver,Hernandez,M,28,Singapore,Singapore,2:05:00
6048,Mateusz,Hernandez,M,68,Austria,Vienna,2:40:03
6049,Anna,Wilson,F,58,Slovakia,Kosice,3:57:59
6050,Katarzyna,Gonzalez,F,63,Italy,Bologna,5:47:38
6051,Mia,Popov,F,26,Netherlands,Amsterdam,3:03:12
6052,Daria,Jackson,F,43,France,Marseille,3:45:01
6053,Sunita,Perez,F,66,Norway,Tromso,4:53:52
6054,Magdalena,Costa,F,24,Norway,Bergen,2:51:52
6055,Marco,Nguyen,M,45,Brazil,Sao Paulo,3:39:29
6056,Mateusz,Wilson,M,69,Norway,Oslo,3:51:58
6057,Benjamin,Torres,M,28,Italy,Rome,3:43:31
6058,John,Martinez,M,42,France,Nice,3:06:12
6059,Noah,Robinson,M,35,Argentina,Buenos Aires,3:59:09
6060,Daria,Kuznetsov,F,20,Czech Republic,Ostrava,5:57:25
6061,Noah,Nowak,M,23,Romania,Iasi,4:30:58
6062,Isabela,Murphy,F,64,Canada,Calgary,4:02:04
6063,Marco,Perez,M,65,India,Mumbai,3:29:46
6064,Kacper,Nguyen,M,31,Ethiopia,Gondar,3:17:43
6065,David,Taylor,M,30,Canada,Montreal,2:16:59
6066,Marco,Ivanov,M,35,Canada,Calgary,4:13:57
6067,Olga,Kowalczyk,F,24,Slovakia,Bratislava,2:41:19
6068,Anna,Novak,F,47,Australia,Melbourne,3:06:53
6069,Lucas,Lee,M,64,China,Guangzhou,3:06:11
6070,Harry,Oliveira,M,50,Australia,Sydney,2:29:32
6071,Santiago,Williams,M,29,Switzerland,Basel,5:19:12
6072,Magdalena,Smith,F,51,Israel,Tel Aviv,2:15:39
6073,Alina,Ferrari,F,35,South Africa,Johannesburg,5:38:26
6074,Sunita,Lewis,F,24,China,Beijing,3:09:18
6075,Santiago,Robinson,M,56,Norway,Bergen,4:08:11
6076,Alina,Wright,F,56,Spain,Bilbao,3:13:40
6077,Amelia,Murphy,F,59,Romania,Iasi,2:56:31
6078,Marco,Robinson,M,64,United Arab Emirates,Dubai,4:16:59
6079,Lucas,Wright,M,69,South Korea,Daejeon,5:06:33
6080,Lorenzo,Harris,M,31,India,Bangalore,3:50:07
6081,Lorenzo,King,M,30,South Korea,Seoul,5:02:03
6082,Mateo,Kowalczyk,M,33,Ethiopia,Dire Dawa,4:15:56
6083,Alexander,Taylor,M,50,Ukraine,Dnipro,3:41:49
6084,Ekaterina,Costa,F,66,Germany,Berlin,5:08:12
6085,Ivan,Perez,M,31,Israel,Jerusalem,4:20:07
6086,Alina,Rossi,F,40,France,Lyon,4:05:38
6087,Ingrid,Perez,F,35,United Kingdom,Manchester,5:03:44
6088,Julia,Miller,F,32,Argentina,La Plata,5:42:09
6089,Liam,Lewis,M,65,France,Paris,4:41:17
6090,Valentina,Murphy,F,51,Italy,Turin,2:18:49
6091,Liam,Wilson,M,64,India,Delhi,3:06:02
6092,William,Sanchez,M,31,Spain,Madrid,5:59:31
6093,Ingrid,Martin,F,31,Denmark,Aarhus,4:27:05
6094,Isabela,Robinson,F,26,Japan,Kyoto,2:21:22
6095,Giovanni,Thomas,M,29,United States,San Francisco,2:51:19
6096,Giulia,Walker,F,31,Poland,Gdansk,2:06:32
6097,Santiago,Harris,M,66,Switzerland,Geneva,2:53:24
6098,Camila,Kuznetsov,F,54,Russia,Saint Petersburg,5:43:12
6099,Maya,Lopez,F,36,Brazil,Fortaleza,4:14:18
6100,Jan,Jackson,M,24,Spain,Seville,3:01:04
6101,Isabela,Clark,F,63,Mexico,Puebla,5:58:34
6102,Alexander,Wright,M,46,Australia,Melbourne,5:44:02
6103,Mateo,Williams,M,45,Spain,Valencia,4:56:21
6104,Liam,Anderson,M,33,Brazil,Brasilia,4:35:56
6105,Megan,Martinez,F,44,Austria,Vienna,3:00:31
6106,María,Lee,F,55,Portugal,Lisbon,3:07:28
6107,Zuzanna,Taylor,F,23,China,Guangzhou,4:51:20
6108,Anna,Harris,F,56,Mexico,Monterrey,4:15:52
6109,Camila,Lopez,F,30,China,Shenzhen,2:34:53
6110,Jack,Rossi,M,21,China,Shanghai,5:57:11
6111,Ekaterina,Ferrari,F,38,Switzerland,Geneva,5:56:58
6112,María,White,F,61,Czech Republic,Ostrava,5:39:54
6113,Mia,Lewis,F,22,South Korea,Incheon,4:36:43
6114,Mia,Kowalski,F,23,Mexico,Puebla,3:49:50
6115,Lucia,Moore,F,57,India,Chennai,2:18:22
6116,Ekaterina,Martinez,F,53,Switzerland,Basel,2:07:20
6117,Charlotte,Smith,F,54,South Africa,Johannesburg,5:13:54
6118,Liam,Harris,M,53,Japan,Kyoto,4:15:27
6119,William,Rossi,M,19,Brazil,Salvador,3:40:35
6120,Valentina,Oliveira,F,64,Spain,Bilbao,5:24:48
6121,Thomas,Sanchez,M,54,Russia,Saint Petersburg,5:33:35
6122,James,Kaczmarek,M,56,China,Guangzhou,4:15:54
6123,Laura,Rossi,F,58,South Africa,Cape Town,4:54:11
6124,Mikhail,Kowalski,M,42,Russia,Saint Petersburg,3:19:38
6125,Abigail,Moore,F,25,Ethiopia,Mekelle,5:50:14
6126,Alina,Wiśniewski,F,69,Portugal,Faro,3:05:42
6127,Valentina,Ivanov,F,39,Portugal,Lisbon,5:22:22
6128,Anna,Silva,F,63,South Africa,Johannesburg,2:28:54
6129,Piotr,Nowak,M,68,Romania,Bucharest,3:38:28
6130,Magdalena,Gomes,F,30,Spain,Barcelona,2:56:08
6131,Lucas,Wright,M,26,Brazil,Salvador,4:48:39
6132,Katarzyna,Scott,F,54,Singapore,Singapore,3:25:58
6133,Olivia,Miller,F,39,Russia,Kazan,2:56:36
6134,Alexander,Smith,M,70,Argentina,La Plata,5:30:48
6135,Isabella,Taylor,F,37,United Kingdom,Glasgow,4:29:59
6136,Katarzyna,Smirnov,F,32,Kenya,Nakuru,3:47:45
6137,Olga,Silva,F,54,Netherlands,The Hague,4:59:28
6138,Noah,Brown,M,31,Norway,Oslo,4:43:02
6139,Kacper,Clark,M,20,Canada,Toronto,2:30:13
6140,John,Silva,M,65,Austria,Linz,3:11:46
6141,Daniel,Nguyen,M,21,Kenya,Eldoret,3:16:58
6142,María,Moore,F,64,Kenya,Mombasa,4:36:59
6143,Daniel,Costa,M,51,Australia,Sydney,3:52:54
6144,Oleg,Rodriguez,M,41,China,Shenzhen,2:13:56
6145,Evelyn,Silva,F,48,Canada,Toronto,2:41:22
6146,Santiago,Popov,M,35,India,Bangalore,5:50:53
6147,Valentina,Oliveira,F,23,Hungary,Szeged,4:37:33
6148,Emma,Harris,F,64,Austria,Linz,3:04:30
6149,Henry,Nowak,M,23,Switzerland,Bern,5:59:06
6150,Sara,Smith,F,60,Japan,Tokyo,4:21:59
6151,Benjamin,Santos,M,67,Turkey,Bursa,3:39:02
6152,Daniel,White,M,69,Finland,Helsinki,2:50:14
6153,Valentina,Popov,F,26,Czech Republic,Ostrava,4:40:06
6154,Sophia,Gomes,F,46,Italy,Bologna,2:35:49
6155,Mia,Martin,F,64,Sweden,Vasteras,2:23:30
6156,Alexander,Romano,M,45,Japan,Nagoya,5:25:34
6157,Jakub,Gomes,M,51,Finland,Vantaa,3:37:16
6158,Alina,Gonzalez,F,44,Finland,Oulu,5:07:34
6159,Jack,Gomes,M,36,Canada,Ottawa,2:45:29
6160,James,Petrov,M,48,Singapore,Singapore,5:49:14
6161,Marco,King,M,61,Argentina,Buenos Aires,3:58:47
6162,Ingrid,Miller,F,66,France,Nice,2:50:43
6163,Sofia,Oliveira,F,63,Israel,Jerusalem,3:31:35
6164,Amelia,Moore,F,21,Italy,Bologna,4:06:59
6165,Jack,Lewis,M,35,Austria,Salzburg,5:26:00
6166,Charlotte,Nguyen,F,44,Netherlands,Amsterdam,5:28:12
6167,George,Robinson,M,24,Poland,Warsaw,4:12:39
6168,Isabella,Popov,F,19,Czech Republic,Prague,3:41:10
6169,Sara,Wiśniewski,F,63,South Korea,Busan,2:54:39
6170,Mia,Davis,F,36,Russia,Kazan,4:19:38
6171,George,Bianchi,M,69,Singapore,Singapore,3:30:48
6172,Carlos,Wright,M,31,Argentina,Cordoba,5:45:47
6173,Isabella,Popov,F,62,Mexico,Guadalajara,4:02:20
6174,Mateusz,Taylor,M,50,Turkey,Ankara,2:57:30
6175,María,Martin,F,29,France,Nice,3:02:09
6176,Carlos,Costa,M,33,Slovakia,Bratislava,5:15:30
6177,Evelyn,Novak,F,49,Ethiopia,Bahir Dar,2:51:49
6178,Magdalena,Smith,F,27,Netherlands,Amsterdam,5:03:37
6179,Camila,Thompson,F,38,United States,Chicago,4:16:36
6180,Zuzanna,Thomas,F,68,Brazil,Fortaleza,4:12:25
6181,Oleg,Ivanov,M,36,Spain,Seville,3:49:37
6182,Arthur,Torres,M,67,South Korea,Daejeon,4:15:15
6183,Noah,Smith,M,38,United Arab Emirates,Dubai,4:03:05
6184,Lorenzo,Perez,M,35,Germany,Frankfurt,3:36:45
6185,Lucia,Murphy,F,66,Australia,Adelaide,4:25:33
6186,Charlotte,Davis,F,35,Czech Republic,Prague,3:51:22
6187,Megan,Perez,F,28,China,Chengdu,5:43:18
6188,Oliver,Sanchez,M,45,India,Chennai,5:12:39
6189,Mikhail,Williams,M,59,Singapore,Singapore,3:10:46
6190,Giovanni,Jackson,M,19,United Kingdom,Glasgow,4:05:08
6191,Zuzanna,Davis,F,49,United Kingdom,Edinburgh,3:49:56
6192,Anna,Wiśniewski,F,43,Brazil,Salvador,3:20:10
6193,Abigail,Wilson,F,48,France,Nice,5:21:32
6194,Olivia,Jackson,F,31,Israel,Nazareth,2:19:31
6195,Elijah,Popov,M,67,Poland,Warsaw,5:43:13
6196,William,Thompson,M,53,Mexico,Mexico City,2:21:36
6197,Elijah,Kowalski,M,38,United Kingdom,Manchester,5:14:20
6198,Yuki,Melo,F,64,Italy,Rome,5:13:07
6199,Thomas,Bianchi,M,55,Ethiopia,Bahir Dar,2:12:11
6200,Jan,Anderson,M,44,Australia,Perth,3:29:43
6201,Lucas,Nguyen,M,44,Denmark,Aalborg,4:33:53
6202,Jan,Davis,M,21,Israel,Haifa,4:59:56
6203,James,Nowak,M,23,Norway,Bergen,4:58:30
6204,Magdalena,Martinez,F,51,Spain,Valencia,3:45:32
6205,Ava,King,F,69,United Kingdom,Glasgow,3:52:33
6206,Yuki,Clark,F,64,Ukraine,Lviv,3:52:04
6207,Piotr,Romano,M,26,Denmark,Esbjerg,5:04:38
6208,Mateo,Wiśniewski,M,67,Canada,Montreal,4:04:57
6209,James,Gonzalez,M,67,Romania,Timisoara,5:57:50
6210,Carlos,Bianchi,M,59,Norway,Stavanger,4:27:08
6211,Emma,Nguyen,F,48,Israel,Beer Sheva,5:03:43
6212,Harry,Scott,M,48,Finland,Tampere,3:49:41
6213,Olivia,Perez,F,45,Israel,Tel Aviv,5:17:00
6214,Hugo,Harris,M,41,Brazil,Rio de Janeiro,2:56:30
6215,Maria,Romano,F,43,South Korea,Busan,4:07:21
6216,Oleg,Robinson,M,36,Portugal,Braga,3:34:48
6217,Ingrid,White,F,49,Netherlands,The Hague,3:05:58
6218,Olga,Lee,F,47,Italy,Rome,5:56:28
6219,George,Melo,M,19,United Kingdom,Manchester,5:48:56
6220,Giulia,Smirnov,F,63,Turkey,Izmir,2:31:19
6221,Nikolai,Romano,M,46,Kenya,Nairobi,5:57:02
6222,George,Miller,M,65,Mexico,Guadalajara,5:48:04
6223,Anna,Williams,F,55,South Korea,Busan,5:43:58
6224,Sofia,Nowak,F,30,Italy,Naples,3:30:39
6225,Magdalena,Miller,F,60,Finland,Tampere,4:05:07
6226,Maria,Kowalski,F,19,South Africa,Port Elizabeth,4:22:42
6227,Nikolai,Sanchez,M,40,Spain,Barcelona,4:54:47
6228,Carlos,Nowak,M,33,Poland,Poznan,2:08:38
6229,Laura,Kowalczyk,F,38,Turkey,Antalya,4:56:16
6230,William,Thompson,M,69,Finland,Espoo,5:23:53
6231,Mateusz,Novak,M,36,Netherlands,Amsterdam,4:31:43
6232,Anna,Torres,F,63,Czech Republic,Brno,2:51:45
6233,Luis,Ferrari,M,51,Australia,Melbourne,2:13:43
6234,Alexander,Robinson,M,38,Finland,Helsinki,3:33:10
6235,Santiago,Gomes,M,63,Denmark,Aalborg,4:18:39
6236,Oliver,Johnson,M,67,Austria,Vienna,5:23:58
6237,Camila,Walker,F,65,Japan,Osaka,5:57:24
6238,Mikhail,Costa,M,59,Ethiopia,Addis Ababa,2:26:35
6239,Hannah,Moore,F,49,Norway,Bergen,5:45:16
6240,Mateusz,Jackson,M,34,Australia,Adelaide,2:57:59
6241,Chiara,Murphy,F,40,United Arab Emirates,Dubai,5:00:57
6242,Julia,Taylor,F,46,France,Lyon,2:13:48
6243,Charlotte,King,F,44,Argentina,Mendoza,5:42:07
6244,Isabella,Oliveira,F,21,South Korea,Seoul,2:29:32
6245,Harry,Anderson,M,37,Germany,Berlin,2:28:22
6246,Alexander,Oliveira,M,58,Romania,Iasi,3:05:31
6247,Julia,King,F,35,Ethiopia,Addis Ababa,4:55:25
6248,Luis,Martin,M,50,South Africa,Cape Town,3:22:31
6249,Luis,Petrov,M,21,South Africa,Cape Town,5:13:08
6250,Anna,Popov,F,60,Argentina,Rosario,2:36:51
6251,David,Rodriguez,M,41,Spain,Valencia,3:41:45
6252,Giulia,Wright,F,54,Netherlands,Eindhoven,2:21:58
6253,Emily,Smith,F,69,Austria,Graz,5:27:50
6254,Nikolai,Sanchez,M,60,Turkey,Ankara,4:58:53
6255,Alexander,Murphy,M,60,France,Lyon,3:15:37
6256,Megan,Brown,F,70,India,Delhi,4:56:49
6257,Julia,Gomes,F,32,Hungary,Szeged,4:49:16
6258,Charlotte,Hernandez,F,18,Turkey,Ankara,5:40:01
6259,Olivia,Walker,F,54,Austria,Graz,2:27:04
6260,Sophia,Wiśniewski,F,22,United Kingdom,Manchester,4:37:21
6261,Liam,White,M,55,United States,Boston,4:19:59
6262,Megan,Wright,F,22,Russia,Yekaterinburg,3:18:32
6263,Ava,Thomas,F,49,Sweden,Malmo,5:47:36
6264,Julia,Novak,F,33,Netherlands,Amsterdam,4:47:45
6265,Pedro,Wilson,M,34,Hungary,Budapest,4:28:52
6266,Isabella,Smith,F,19,Brazil,Rio de Janeiro,2:21:30
6267,Magdalena,Kowalski,F,63,Turkey,Antalya,5:42:44
6268,Amelia,Allen,F,27,Poland,Krakow,5:58:56
6269,Giulia,Lewis,F,30,Hungary,Szeged,2:57:21
6270,Daria,Williams,F,20,Italy,Rome,4:41:28
6271,Oleg,Oliveira,M,38,Russia,Kazan,2:18:17
6272,Elijah,Davis,M,70,Kenya,Eldoret,3:26:08
6273,Ivan,Ferrari,M,33,Russia,Kazan,3:01:11
6274,Piotr,Santos,M,20,South Korea,Seoul,5:54:21
6275,Noah,Perez,M,60,Switzerland,Bern,3:26:31
6276,Alexander,Petrov,M,67,Japan,Tokyo,4:15:28
6277,Lorenzo,Kowalski,M,41,Australia,Sydney,2:21:31
6278,William,Wiśniewski,M,35,Kenya,Nairobi,2:25:48
6279,Ivan,Harris,M,29,France,Nice,5:44:25
6280,Isabella,Miller,F,23,Hungary,Miskolc,5:33:45
6281,Liam,Perez,M,40,United Arab Emirates,Sharjah,2:10:39
6282,Pedro,Young,M,66,China,Chengdu,5:36:58
6283,Pedro,Davis,M,64,Netherlands,Rotterdam,3:24:55
6284,Luis,Robinson,M,69,Ethiopia,Mekelle,2:17:07
6285,Charlotte,Lewis,F,65,France,Lyon,5:32:19
6286,Sunita,King,F,38,Ethiopia,Addis Ababa,2:16:05
6287,Daria,Kaczmarek,F,26,United Kingdom,Manchester,2:57:01
6288,Alexander,Martin,M,69,United States,San Francisco,2:09:07
6289,Hannah,Smith,F,70,United Kingdom,Glasgow,3:40:20
6290,Lucia,Miller,F,20,Brazil,Salvador,3:09:26
6291,Charlotte,Smith,F,23,Italy,Rome,5:41:41
6292,Sunita,Silva,F,36,Argentina,Rosario,4:07:58
6293,Alexander,Ferrari,M,60,Italy,Naples,3:50:53
6294,Abigail,Gonzalez,F,67,South Korea,Busan,2:35:36
6295,Daria,Wiśniewski,F,67,Ukraine,Lviv,4:35:18
6296,David,Jackson,M,37,Spain,Barcelona,2:48:58
6297,Isabella,Bianchi,F,27,Mexico,Puebla,4:03:43
6298,Henry,Kuznetsov,M,20,United Arab Emirates,Ajman,5:58:05
6299,Giovanni,Smirnov,M,29,France,Bordeaux,2:06:56
6300,Benjamin,Brown,M,35,Germany,Cologne,4:03:18
6301,Nikolai,Miller,M,57,Russia,Moscow,2:13:57
6302,Zuzanna,Nowak,F,59,Russia,Yekaterinburg,3:09:31
6303,Santiago,Scott,M,69,Portugal,Braga,5:50:55
6304,Chiara,Anderson,F,32,South Africa,Pretoria,2:19:33
6305,Alexander,Jones,M,19,China,Beijing,2:38:43
6306,Isabela,Martin,F,29,Japan,Nagoya,2:08:45
6307,Sunita,Williams,F,43,South Korea,Daejeon,3:46:02
6308,Daniel,Sanchez,M,49,Denmark,Odense,4:30:58
6309,David,Smirnov,M,64,Canada,Montreal,4:14:20
6310,Megan,Nguyen,F,49,Portugal,Porto,5:37:54
6311,Mikhail,Davis,M,60,Switzerland,Lausanne,5:28:01
6312,Daria,Thomas,F,48,Turkey,Ankara,2:18:44
6313,George,Thompson,M,32,Sweden,Vasteras,2:18:37
6314,Oliver,Rodriguez,M,68,Argentina,La Plata,3:06:40
6315,Daria,Lee,F,40,Sweden,Uppsala,2:47:20
6316,Mateusz,Wiśniewski,M,27,South Africa,Durban,4:02:53
6317,Luis,Moore,M,54,Turkey,Ankara,5:12:16
6318,Yuki,Popov,F,29,Poland,Krakow,5:42:32
6319,Anna,Williams,F,57,Sweden,Gothenburg,2:38:24
6320,Laura,Perez,F,61,Australia,Melbourne,5:45:06
6321,Daria,Jones,F,64,Denmark,Aarhus,5:58:19
6322,Giulia,Jackson,F,52,Netherlands,The Hague,5:17:25
6323,Oleg,Martin,M,19,Italy,Naples,4:53:21
6324,Henry,Lopez,M,46,India,Mumbai,4:52:54
6325,Nikolai,Garcia,M,66,Finland,Tampere,2:28:52
6326,Luis,Johnson,M,25,Turkey,Antalya,3:52:23
6327,Jakub,Wright,M,33,South Africa,Cape Town,5:27:26
6328,Katarzyna,Rodriguez,F,46,Portugal,Lisbon,2:54:48
6329,Pedro,Wilson,M,18,Poland,Gdansk,2:50:03
6330,Noah,Jackson,M,65,Turkey,Izmir,5:32:28
6331,Daniel,Thomas,M,70,Spain,Valencia,2:06:32
6332,Arthur,Lee,M,35,Czech Republic,Prague,5:45:46
6333,Alexander,Wiśniewski,M,23,Poland,Gdansk,4:45:23
6334,Arthur,Davis,M,35,Mexico,Monterrey,4:41:15
6335,Isabela,Hernandez,F,56,Poland,Poznan,4:41:39
6336,Maria,Allen,F,19,Sweden,Vasteras,2:36:29
6337,Lucas,Robinson,M,56,Austria,Graz,5:29:42
6338,Hugo,Wiśniewski,M,37,Romania,Timisoara,4:36:26
6339,James,Anderson,M,38,United Kingdom,Glasgow,2:14:25
6340,Lucas,Harris,M,37,Turkey,Izmir,4:20:19
6341,Mateusz,Thomas,M,46,Hungary,Pecs,2:50:26
6342,Oleg,Ramirez,M,24,United States,Los Angeles,5:31:21
6343,Jan,Harris,M,31,Kenya,Kisumu,5:52:36
6344,Charlotte,Harris,F,54,Spain,Valencia,2:25:17
6345,Alexander,Kuznetsov,M,64,Australia,Sydney,3:42:50
6346,Lucas,Santos,M,56,Israel,Beer Sheva,4:29:34
6347,Ingrid,Silva,F,47,Switzerland,Basel,2:31:07
6348,María,Robinson,F,29,Romania,Cluj-Napoca,5:41:00
6349,Giovanni,Taylor,M,45,Kenya,Nairobi,2:21:41
6350,Robert,Lopez,M,43,Spain,Barcelona,5:32:48
6351,Michael,Robinson,M,41,Ethiopia,Addis Ababa,2:31:39
6352,Emily,Walker,F,61,United Arab Emirates,Ras Al Khaimah,4:37:04
6353,Kacper,Lewis,M,32,Australia,Adelaide,4:16:16
6354,Isabella,Lee,F,24,France,Lyon,4:39:00
6355,Ekaterina,Lewis,F,30,Czech Republic,Prague,4:41:01
6356,Amelia,Kowalski,F,30,Singapore,Singapore,3:34:34
6357,Magdalena,Moore,F,55,Mexico,Mexico City,3:20:05
6358,Lucia,Oliveira,F,47,United Arab Emirates,Dubai,2:54:59
6359,Alina,Smith,F,52,United Arab Emirates,Dubai,2:17:41
6360,Harry,Thompson,M,63,Switzerland,Basel,3:05:17
6361,Camila,Romano,F,22,United States,San Francisco,5:10:20
6362,Mateo,Moore,M,48,Slovakia,Presov,2:31:38
6363,Oleg,Williams,M,46,South Korea,Incheon,5:39:12
6364,Carlos,Clark,M,40,Portugal,Faro,4:28:26
6365,Isabela,Perez,F,53,Sweden,Malmo,3:20:07
6366,Valentina,Hernandez,F,32,Poland,Gdansk,5:57:21
6367,Julia,Rodriguez,F,45,Germany,Munich,5:39:09
6368,Camila,Torres,F,23,Sweden,Stockholm,2:09:05
6369,Alexander,Ramirez,M,46,France,Lyon,4:32:49
6370,Carlos,Wright,M,51,Italy,Naples,5:39:04
6371,Hugo,King,M,66,Poland,Poznan,4:37:01
6372,Magdalena,Melo,F,43,France,Nice,2:37:14
6373,Sara,Scott,F,62,Brazil,Salvador,4:20:58
6374,Luis,King,M,43,Spain,Seville,5:59:18
6375,Daniel,Moore,M,32,Australia,Sydney,4:22:27
6376,Ekaterina,Novak,F,54,United Arab Emirates,Sharjah,4:29:31
6377,Carlos,Costa,M,22,United States,Los Angeles,2:26:20
6378,Mia,Wright,F,65,India,Delhi,2:23:45
6379,Lucas,Sanchez,M,30,Norway,Stavanger,2:23:06
6380,Arthur,Ferrari,M,33,United Arab Emirates,Dubai,4:16:18
6381,Anna,Kowalczyk,F,38,Turkey,Istanbul,5:23:46
6382,Maria,Gonzalez,F,36,Czech Republic,Olomouc,4:26:43
6383,Amelia,Jackson,F,44,Romania,Constanta,5:06:44
6384,Arthur,King,M,48,Ethiopia,Addis Ababa,3:43:48
6385,Noah,Ramirez,M,38,Germany,Frankfurt,5:53:32
6386,Olga,Melo,F,32,China,Chengdu,5:05:26
6387,Giovanni,Anderson,M,32,Finland,Espoo,4:42:35
6388,Ava,Melo,F,23,Russia,Yekaterinburg,3:26:22
6389,Alina,Robinson,F,47,Sweden,Gothenburg,3:55:32
6390,Mikhail,Williams,M,21,Hungary,Budapest,5:33:57
6391,Isabela,Moore,F,54,Sweden,Malmo,4:29:31
6392,Santiago,Nguyen,M,57,Slovakia,Kosice,4:26:12
6393,Amelia,Hernandez,F,33,Mexico,Mexico City,4:15:33
6394,Santiago,Silva,M,31,Australia,Brisbane,4:46:36
6395,Benjamin,Santos,M,57,South Africa,Port Elizabeth,2:16:22
6396,Jakub,Wilson,M,21,Israel,Beer Sheva,2:53:48
6397,Jan,King,M,59,Mexico,Guadalajara,2:50:14
6398,Alexander,Oliveira,M,59,France,Paris,4:01:06
6399,Oliver,Hernandez,M,66,Austria,Graz,2:46:59
6400,Katarzyna,Jackson,F,46,Portugal,Lisbon,2:23:20
6401,Lucas,Lopez,M,63,Germany,Cologne,3:54:00
6402,Liam,Walker,M,63,France,Nice,4:14:13
6403,Robert,Davis,M,24,Spain,Bilbao,3:36:39
6404,Jack,Petrov,M,66,Finland,Oulu,3:14:16
6405,David,King,M,27,Ethiopia,Addis Ababa,4:49:39
6406,Maya,King,F,38,Poland,Poznan,4:02:38
6407,Laura,Davis,F,59,South Korea,Incheon,4:28:49
6408,Isabella,Jones,F,51,Russia,Kazan,2:09:00
6409,Daniel,Wright,M,19,Poland,Warsaw,5:53:35
6410,Elijah,Ivanov,M,48,Russia,Saint Petersburg,3:30:02
6411,Benjamin,Smith,M,64,Austria,Linz,2:59:41
6412,Anna,Wilson,F,65,Japan,Kyoto,5:54:01
6413,Benjamin,Martinez,M,41,India,Bangalore,4:05:04
6414,Jakub,Davis,M,42,France,Marseille,4:34:30
6415,Jack,Wilson,M,47,Denmark,Odense,3:49:52
6416,Olivia,Romano,F,39,Sweden,Vasteras,5:21:01
6417,Zuzanna,Perez,F,59,Italy,Bologna,2:25:43
6418,Olivia,Miller,F,53,China,Shanghai,3:02:08
6419,Valentina,Wright,F,35,United States,Los Angeles,4:52:07
6420,Elijah,Robinson,M,66,Czech Republic,Ostrava,2:39:57
6421,Jack,Jones,M,65,France,Nice,4:50:02
6422,Laura,Davis,F,32,Canada,Calgary,5:15:49
6423,Jack,Nowak,M,70,Argentina,Cordoba,5:25:33
6424,Alexander,Torres,M,19,Kenya,Nakuru,3:15:50
6425,Marco,Anderson,M,36,Brazil,Salvador,4:28:41
6426,Isabella,Wright,F,56,Poland,Krakow,3:30:22
6427,Abigail,Thomas,F,32,Kenya,Nairobi,3:19:23
6428,Julia,Martin,F,30,Brazil,Rio de Janeiro,4:30:27
6429,James,Rodriguez,M,24,France,Lyon,3:10:54
6430,George,Romano,M,28,Germany,Frankfurt,4:01:50
6431,Pedro,Gonzalez,M,25,Kenya,Kisumu,4:11:20
6432,Emily,Wilson,F,68,Hungary,Pecs,2:25:08
6433,Amelia,Perez,F,31,Slovakia,Bratislava,3:56:36
6434,Magdalena,Santos,F,38,Russia,Moscow,5:02:33
6435,Daniel,Smith,M,23,Japan,Kyoto,3:26:39
6436,Ekaterina,White,F,29,Ethiopia,Mekelle,5:51:00
6437,Isabella,Ivanov,F,45,Mexico,Mexico City,4:10:15
6438,Sofia,Garcia,F,54,Italy,Rome,2:29:47
6439,Oleg,Wiśniewski,M,70,Austria,Innsbruck,3:39:18
6440,George,Santos,M,47,Argentina,Cordoba,3:29:07
6441,Arthur,Lee,M,21,Czech Republic,Pilsen,3:57:18
6442,María,Harris,F,68,Poland,Warsaw,3:51:26
6443,Mateo,Martin,M,57,Israel,Nazareth,3:06:59
6444,George,Davis,M,45,Netherlands,The Hague,4:55:51
6445,Nikolai,Smirnov,M,35,Finland,Helsinki,2:59:14
6446,Robert,Rodriguez,M,51,Canada,Toronto,5:24:36
6447,Sunita,Williams,F,22,Poland,Warsaw,3:27:20
6448,Jakub,Lopez,M,27,Romania,Timisoara,5:30:45
6449,Noah,Gomes,M,38,Germany,Hamburg,2:29:03
6450,Evelyn,Costa,F,37,Russia,Saint Petersburg,3:15:05
6451,Giovanni,Miller,M,69,Japan,Nagoya,4:51:04
6452,Sara,Melo,F,26,Israel,Nazareth,2:13:29
6453,Lorenzo,White,M,31,Romania,Iasi,3:27:23
6454,Sunita,Melo,F,48,China,Shanghai,5:17:51
6455,Mikhail,King,M,43,Austria,Graz,2:24:06
6456,Oliver,Rossi,M,43,Singapore,Singapore,2:14:32
6457,Isabela,Nguyen,F,32,Brazil,Rio de Janeiro,3:18:07
6458,Mikhail,Davis,M,23,Brazil,Sao Paulo,5:41:26
6459,Elijah,Harris,M,35,Switzerland,Geneva,3:26:06
6460,Chiara,Wiśniewski,F,48,Mexico,Puebla,2:29:16
6461,Henry,Young,M,59,India,Delhi,2:12:36
6462,Alina,Robinson,F,34,Romania,Iasi,5:01:51
6463,Anna,Martinez,F,50,Ethiopia,Gondar,5:59:05
6464,Emily,Petrov,F,48,India,Chennai,2:15:39
6465,Arthur,Nowak,M,61,Hungary,Miskolc,5:45:39
6466,Isabela,Brown,F,49,Germany,Cologne,3:45:28
6467,Emma,Jackson,F,62,Sweden,Vasteras,4:02:36
6468,Olivia,Novak,F,31,Russia,Moscow,5:38:21
6469,Olga,Young,F,64,Italy,Bologna,4:23:32
6470,Lucas,Oliveira,M,32,Turkey,Istanbul,2:36:05
6471,Pedro,Johnson,M,19,Spain,Seville,3:04:01
6472,Anna,Lee,F,70,South Korea,Daegu,5:12:04
6473,Laura,Allen,F,18,Finland,Oulu,3:25:40
6474,Oleg,Nguyen,M,40,South Africa,Port Elizabeth,5:21:23
6475,Marco,Moore,M,61,India,Delhi,3:13:37
6476,Harry,Anderson,M,64,Turkey,Istanbul,4:31:10
6477,Zuzanna,Nowak,F,40,Hungary,Budapest,4:26:41
6478,Julia,Sanchez,F,49,Slovakia,Nitra,2:46:36
6479,Alexander,Miller,M,54,France,Lyon,4:16:23
6480,Evelyn,Clark,F,69,United Arab Emirates,Ajman,5:44:41
6481,George,Taylor,M,68,Argentina,Buenos Aires,5:35:07
6482,Ava,Lewis,F,70,United States,Boston,5:38:01
6483,Evelyn,Anderson,F,66,United States,San Francisco,3:48:19
6484,Alexander,Hernandez,M,33,Ethiopia,Addis Ababa,2:33:29
6485,Lorenzo,Taylor,M,56,United Arab Emirates,Ajman,4:27:30
6486,David,Miller,M,33,Brazil,Sao Paulo,2:33:33
6487,Sara,Nguyen,F,38,Australia,Perth,2:58:30
6488,Harry,Kaczmarek,M,44,Ethiopia,Gondar,3:13:04
6489,Lucas,Nguyen,M,46,Netherlands,Utrecht,3:11:33
6490,Olivia,Popov,F,69,Hungary,Miskolc,5:21:25
6491,Piotr,Oliveira,M,31,Kenya,Kisumu,3:13:24
6492,Luis,Jones,M,38,Italy,Bologna,5:08:05
6493,Jan,Romano,M,59,Portugal,Porto,3:01:09
6494,David,Lopez,M,53,Russia,Novosibirsk,4:14:14
6495,Emily,Allen,F,49,Brazil,Salvador,4:19:35
6496,Sunita,Moore,F,41,Czech Republic,Pilsen,2:43:33
6497,Harry,Gomes,M,58,Denmark,Copenhagen,3:03:43
6498,Giulia,Robinson,F,43,Austria,Linz,4:34:39
6499,Katarzyna,Scott,F,67,Czech Republic,Ostrava,3:28:57
6500,Maya,Ferrari,F,60,Sweden,Vasteras,5:57:43
6501,Santiago,Perez,M,69,United Kingdom,Birmingham,5:29:44
6502,Sophia,Moore,F,63,United States,Boston,4:27:38
6503,George,Walker,M,53,South Africa,Pretoria,4:12:24
6504,Giovanni,Sanchez,M,34,Brazil,Salvador,4:02:35
6505,Carlos,Thomas,M,23,India,Hyderabad,3:57:51
6506,Anna,Murphy,F,69,Denmark,Copenhagen,2:10:59
6507,Hannah,Wright,F,20,Poland,Warsaw,5:14:03
6508,Olga,Walker,F,36,Spain,Bilbao,3:49:55
6509,Jan,Romano,M,56,South Korea,Daejeon,4:48:50
6510,Santiago,Taylor,M,28,Spain,Bilbao,5:01:08
6511,William,Novak,M,24,Kenya,Mombasa,3:08:26
6512,Oleg,Lopez,M,34,Italy,Rome,4:48:14
6513,Camila,Smirnov,F,18,Denmark,Aarhus,4:29:50
6514,Lucas,Petrov,M,50,South Korea,Seoul,3:58:20
6515,Mia,Martinez,F,66,Germany,Munich,4:21:03
6516,Nikolai,Martinez,M,44,Sweden,Malmo,3:43:00
6517,Emily,Taylor,F,29,Slovakia,Bratislava,5:59:40
6518,Luis,Oliveira,M,60,Mexico,Puebla,4:29:56
6519,Maya,Oliveira,F,32,France,Paris,2:50:52
6520,Henry,Johnson,M,23,Portugal,Coimbra,5:20:16
6521,Alexander,Murphy,M,66,United States,New York,3:07:44
6522,Daniel,Petrov,M,51,Japan,Sapporo,2:36:05
6523,Arthur,Lewis,M,56,Japan,Nagoya,2:51:30
6524,Ekaterina,Ferrari,F,35,Sweden,Uppsala,3:42:23
6525,Jan,Johnson,M,58,Finland,Espoo,3:13:23
6526,Emily,Williams,F,61,Netherlands,Amsterdam,3:27:27
6527,Maya,Sanchez,F,30,Canada,Montreal,4:39:45
6528,David,Scott,M,21,Italy,Rome,2:56:07
6529,Lucas,Walker,M,44,Portugal,Braga,3:41:05
6530,Kacper,Melo,M,64,Romania,Bucharest,4:22:06
6531,Daniel,Silva,M,19,Hungary,Budapest,4:53:28
6532,Evelyn,Jackson,F,22,France,Marseille,4:03:40
6533,Hannah,Nguyen,F,34,Slovakia,Nitra,3:01:20
6534,Luis,Lee,M,28,Austria,Innsbruck,4:57:18
6535,Olivia,Harris,F,57,Switzerland,Zurich,4:08:55
6536,George,Melo,M,22,Hungary,Budapest,2:45:12
6537,Lorenzo,Kaczmarek,M,37,Slovakia,Bratislava,4:12:14
6538,Mateo,Sanchez,M,44,Spain,Bilbao,4:14:20
6539,Amelia,Wilson,F,43,United Arab Emirates,Dubai,2:44:00
6540,Lucas,Johnson,M,49,Mexico,Puebla,2:52:11
6541,Charlotte,Murphy,F,18,Switzerland,Basel,3:26:31
6542,Giovanni,Rossi,M,69,Ukraine,Dnipro,5:57:30
6543,Maria,Miller,F,43,Netherlands,Eindhoven,3:51:16
6544,Giulia,Bianchi,F,20,Singapore,Singapore,3:57:25
6545,Camila,Wiśniewski,F,69,Canada,Calgary,3:16:14
6546,Olivia,Wright,F,38,Denmark,Aarhus,5:44:50
6547,David,Walker,M,30,Portugal,Lisbon,3:56:14
6548,Lucia,Wilson,F,24,Austria,Innsbruck,2:52:42
6549,Michael,Smirnov,M,48,Romania,Bucharest,3:43:28
6550,Kacper,Johnson,M,46,Finland,Vantaa,2:19:58
6551,Maria,Thompson,F,69,Hungary,Debrecen,4:45:02
6552,Lorenzo,Garcia,M,45,France,Lyon,4:54:54
6553,Ingrid,Williams,F,62,United Arab Emirates,Abu Dhabi,4:03:48
6554,Luis,Torres,M,46,Slovakia,Kosice,4:48:03
6555,Hugo,Jackson,M,66,Kenya,Nairobi,5:57:20
6556,María,Lopez,F,67,Australia,Sydney,4:57:49
6557,David,Bianchi,M,50,Slovakia,Zilina,3:47:58
6558,Ingrid,Young,F,52,Czech Republic,Brno,4:41:50
6559,Lucas,Gonzalez,M,19,Australia,Brisbane,3:52:11
6560,Emma,Taylor,F,31,South Korea,Daejeon,2:32:11
6561,Isabela,Nguyen,F,42,Italy,Bologna,3:59:27
6562,Daniel,Martin,M,30,United States,New York,3:10:11
6563,Ava,Smirnov,F,68,United States,Los Angeles,5:56:10
6564,Isabela,Perez,F,19,Ukraine,Lviv,5:20:32
6565,Jakub,Murphy,M,65,India,Mumbai,5:00:55
6566,Arthur,Garcia,M,66,Australia,Melbourne,3:05:57
6567,Lucas,Murphy,M,24,United Kingdom,Manchester,4:00:42
6568,David,Nowak,M,48,Australia,Melbourne,5:59:14
6569,Sofia,Davis,F,53,Finland,Vantaa,4:45:56
6570,Robert,Novak,M,30,Czech Republic,Brno,2:17:49
6571,Camila,Rossi,F,36,Czech Republic,Ostrava,5:59:05
6572,Olivia,Santos,F,26,Canada,Toronto,5:49:09
6573,William,Wright,M,61,Canada,Calgary,3:48:54
6574,Anna,Williams,F,57,Turkey,Bursa,3:21:15
6575,Katarzyna,Walker,F,64,Canada,Calgary,4:18:59
6576,Harry,Williams,M,29,Spain,Bilbao,5:38:17
6577,Olivia,Garcia,F,64,Finland,Tampere,5:01:35
6578,Chiara,Ferrari,F,24,Russia,Novosibirsk,5:03:32
6579,Thomas,Costa,M,43,Portugal,Lisbon,4:06:10
6580,Nikolai,Thomas,M,62,Czech Republic,Pilsen,2:13:08
6581,George,Kaczmarek,M,54,United Kingdom,Glasgow,2:13:45
6582,Hugo,Young,M,21,Brazil,Brasilia,5:24:12
6583,Charlotte,Rossi,F,29,Canada,Calgary,5:51:23
6584,Isabella,Lopez,F,70,Canada,Toronto,5:27:32
6585,Liam,Jones,M,47,Canada,Toronto,4:30:35
6586,Camila,Kaczmarek,F,48,Austria,Vienna,5:09:28
6587,Maya,Kowalski,F,32,France,Lyon,5:20:20
6588,George,Harris,M,22,Finland,Tampere,5:43:37
6589,Robert,Robinson,M,54,Israel,Nazareth,3:13:27
6590,Olga,Costa,F,38,Spain,Madrid,3:11:03
6591,Elijah,Martin,M,37,Argentina,Mendoza,2:46:33
6592,Jack,Melo,M,46,Slovakia,Zilina,4:11:17
6593,Abigail,Thomas,F,25,Austria,Graz,3:49:15
6594,Thomas,Harris,M,35,Norway,Trondheim,3:10:55
6595,Alina,White,F,41,Japan,Tokyo,4:54:00
6596,Sara,Ferrari,F,63,United States,Chicago,5:42:53
6597,Daria,Allen,F,37,Italy,Milan,5:00:02
6598,Anna,Oliveira,F,18,Portugal,Coimbra,5:59:03
6599,Emma,Garcia,F,24,Portugal,Coimbra,2:24:23
6600,Anna,Gomes,F,20,India,Bangalore,5:48:00
6601,Harry,Thomas,M,53,Mexico,Monterrey,4:43:34
6602,Daria,Torres,F,45,Australia,Brisbane,3:17:21
6603,Pedro,Jackson,M,46,Germany,Frankfurt,3:46:47
6604,Lucas,Scott,M,53,Australia,Adelaide,3:25:12
6605,Hannah,Anderson,F,68,Mexico,Guadalajara,4:20:51
6606,Sunita,Perez,F,65,United Kingdom,Glasgow,4:25:08
6607,Emma,Sanchez,F,19,Ukraine,Dnipro,3:17:50
6608,Ingrid,Martin,F,70,Hungary,Miskolc,5:20:46
6609,George,Silva,M,28,India,Chennai,3:00:42
6610,Nikolai,Petrov,M,46,South Korea,Daegu,4:59:53
6611,Laura,Oliveira,F,45,United States,Boston,3:34:41
6612,Valentina,Santos,F,57,Israel,Jerusalem,2:11:01
6613,Mikhail,Moore,M,61,Japan,Osaka,2:43:53
6614,Magdalena,Martinez,F,44,India,Hyderabad,2:21:07
6615,Olivia,Ramirez,F,63,Germany,Cologne,5:19:48
6616,Oleg,Thomas,M,41,Romania,Timisoara,3:28:32
6617,David,Moore,M,30,Romania,Bucharest,3:45:57
6618,Robert,Taylor,M,38,Russia,Saint Petersburg,2:31:03
6619,Luis,Garcia,M,21,Germany,Hamburg,3:29:11
6620,Hugo,Wright,M,39,Slovakia,Presov,5:28:51
6621,James,Walker,M,59,Mexico,Mexico City,3:32:12
6622,Emily,Martin,F,53,Kenya,Eldoret,3:04:45
6623,Lucia,Jackson,F,62,Netherlands,Eindhoven,5:36:14
6624,Daniel,Allen,M,46,Denmark,Esbjerg,4:07:29
6625,Jack,Robinson,M,20,France,Nice,2:50:38
6626,Sophia,Petrov,F,36,United States,San Francisco,2:31:52
6627,Olivia,Jones,F,26,Slovakia,Bratislava,5:59:37
6628,Amelia,Taylor,F,51,Portugal,Braga,5:56:49
6629,Olivia,Wiśniewski,F,65,Australia,Brisbane,3:32:38
6630,Mateusz,Martinez,M,19,India,Bangalore,3:05:51
6631,James,Novak,M,34,Brazil,Fortaleza,3:58:29
6632,Ekaterina,Costa,F,42,Spain,Barcelona,3:19:14
6633,Daria,Harris,F,23,Netherlands,Amsterdam,5:08:55
6634,David,Moore,M,45,Israel,Nazareth,2:34:07
6635,Ivan,Young,M,60,Austria,Salzburg,2:19:45
6636,Lucas,Oliveira,M,59,Canada,Toronto,3:43:37
6637,Hugo,Anderson,M,45,Singapore,Singapore,4:01:11
6638,Julia,Moore,F,23,France,Nice,4:53:04
6639,Ingrid,Wilson,F,58,Germany,Berlin,2:41:41
6640,Katarzyna,Ramirez,F,19,Portugal,Coimbra,4:28:48
6641,Julia,Walker,F,53,Hungary,Debrecen,5:44:02
6642,Amelia,Harris,F,21,Finland,Espoo,3:48:05
6643,Olivia,Jackson,F,50,Australia,Perth,5:42:29
6644,Mia,Popov,F,65,Czech Republic,Prague,4:44:54
6645,Jack,Kaczmarek,M,21,Slovakia,Kosice,5:23:04
6646,Sofia,Oliveira,F,53,Japan,Osaka,3:11:15
6647,Isabela,Kuznetsov,F,35,France,Bordeaux,3:10:56
6648,Alina,Romano,F,43,Netherlands,Eindhoven,2:59:48
6649,Daria,Robinson,F,68,Netherlands,The Hague,2:46:16
6650,Liam,Ramirez,M,46,United States,Chicago,4:09:22
6651,Jan,Young,M,26,Finland,Vantaa,3:03:03
6652,Arthur,Scott,M,62,Slovakia,Bratislava,3:08:38
6653,Marco,Nguyen,M,27,Kenya,Kisumu,3:12:18
6654,Lucia,Anderson,F,51,Canada,Calgary,3:11:36
6655,George,Davis,M,63,Singapore,Singapore,4:04:31
6656,Lorenzo,Murphy,M,69,South Korea,Busan,3:12:33
6657,Olivia,Lopez,F,67,Norway,Oslo,4:10:48
6658,Oliver,Kuznetsov,M,40,Hungary,Budapest,4:25:50
6659,Mateusz,Young,M,65,Sweden,Gothenburg,2:47:09
6660,Olivia,Davis,F,49,Turkey,Istanbul,3:19:52
6661,James,Thompson,M,69,Japan,Osaka,5:26:25
6662,Henry,Young,M,70,France,Marseille,3:46:57
6663,Daria,King,F,22,Hungary,Budapest,2:52:45
6664,Maya,Santos,F,49,South Africa,Cape Town,4:59:40
6665,Camila,Lewis,F,66,Switzerland,Basel,5:10:44
6666,Thomas,Lewis,M,57,Switzerland,Geneva,4:32:03
6667,Luis,Santos,M,57,Norway,Tromso,4:17:29
6668,Jakub,Santos,M,30,Norway,Tromso,5:34:21
6669,Yuki,Murphy,F,62,Slovakia,Nitra,3:33:24
6670,Julia,White,F,61,South Korea,Busan,3:27:09
6671,Emily,Bianchi,F,32,Spain,Madrid,2:34:19
6672,Katarzyna,Young,F,45,South Korea,Daegu,3:40:43
6673,Anna,White,F,45,Canada,Montreal,4:12:48
6674,Emma,Ramirez,F,56,Switzerland,Basel,3:01:44
6675,Magdalena,Wright,F,38,United Arab Emirates,Abu Dhabi,2:50:47
6676,Jan,Smirnov,M,55,Slovakia,Bratislava,5:05:24
6677,Jan,Bianchi,M,41,Romania,Iasi,5:58:04
6678,David,Johnson,M,61,Kenya,Nakuru,5:11:14
6679,Alina,Melo,F,42,Switzerland,Basel,3:21:23
6680,Giulia,Murphy,F,45,Kenya,Mombasa,2:49:38
6681,Ingrid,Scott,F,42,France,Paris,4:28:19
6682,Amelia,Nguyen,F,40,Mexico,Cancun,4:32:49
6683,Olivia,Novak,F,49,Finland,Tampere,3:39:56
6684,Valentina,Young,F,37,South Korea,Incheon,2:24:53
6685,Liam,Melo,M,18,China,Guangzhou,2:19:23
6686,Megan,Kowalczyk,F,57,China,Shanghai,4:02:27
6687,Mikhail,Robinson,M,52,Denmark,Aalborg,3:30:24
6688,Zuzanna,Allen,F,39,United Kingdom,Glasgow,5:35:04
6689,Lorenzo,Young,M,52,Singapore,Singapore,4:21:18
6690,Yuki,Wiśniewski,F,20,South Africa,Pretoria,3:22:35
6691,Alexander,Allen,M,57,Ukraine,Dnipro,4:03:06
6692,Michael,Wilson,M,70,United Kingdom,Birmingham,5:30:31
6693,Sophia,Young,F,61,Turkey,Bursa,4:42:10
6694,Amelia,Martin,F,54,Mexico,Cancun,5:37:31
6695,Maria,Sanchez,F,21,Canada,Calgary,2:31:19
6696,Chiara,Ferrari,F,69,Slovakia,Nitra,4:41:01
6697,Laura,Oliveira,F,54,France,Marseille,5:00:23
6698,Ingrid,Harris,F,60,Portugal,Lisbon,4:36:39
6699,Pedro,Miller,M,30,Italy,Milan,4:55:17
6700,Anna,Moore,F,55,Ethiopia,Bahir Dar,5:43:27
6701,Magdalena,Popov,F,20,Portugal,Braga,4:18:33
6702,Emma,Young,F,26,Sweden,Stockholm,4:48:09
6703,Daria,Gomes,F,23,Italy,Rome,5:37:04
6704,Henry,Torres,M,39,Netherlands,Amsterdam,2:14:53
6705,Evelyn,Scott,F,44,Ethiopia,Addis Ababa,4:31:20
6706,Ingrid,Gomes,F,66,Portugal,Faro,3:34:04
6707,Charlotte,Kaczmarek,F,46,Denmark,Aalborg,2:33:30
6708,Hannah,Jones,F,68,Slovakia,Kosice,4:20:40
6709,Charlotte,Nguyen,F,23,Netherlands,The Hague,3:31:56
6710,Olga,Jones,F,24,Ukraine,Lviv,2:22:48
6711,Ingrid,Garcia,F,35,China,Shanghai,3:33:34
6712,Alina,Novak,F,33,Turkey,Izmir,4:36:26
6713,Hugo,Jones,M,47,United Kingdom,London,4:35:48
6714,Isabella,Harris,F,24,Ukraine,Kharkiv,5:58:44
6715,Michael,Romano,M,58,Netherlands,Eindhoven,2:05:28
6716,Giovanni,Costa,M,50,United Kingdom,London,5:42:17
6717,Kacper,Lee,M,64,Norway,Tromso,5:09:19
6718,Elijah,Miller,M,26,Singapore,Singapore,3:54:29
6719,Mia,Smith,F,57,Romania,Cluj-Napoca,5:47:00
6720,Alina,Kaczmarek,F,32,Norway,Trondheim,3:52:23
6721,Mia,Popov,F,51,Romania,Cluj-Napoca,5:18:26
6722,Alexander,Romano,M,35,France,Lyon,5:14:41
6723,Carlos,Smith,M,40,Canada,Montreal,3:23:06
6724,Arthur,White,M,69,Finland,Oulu,3:02:34
6725,Mateusz,Walker,M,37,Germany,Frankfurt,4:28:03
6726,Giulia,Davis,F,43,Canada,Ottawa,3:42:16
6727,Anna,Kaczmarek,F,60,Kenya,Mombasa,2:39:22
6728,Evelyn,Torres,F,20,South Korea,Daejeon,5:55:44
6729,Megan,Bianchi,F,43,India,Delhi,4:10:46
6730,Anna,Miller,F,40,South Korea,Incheon,3:14:23
6731,Alexander,Kaczmarek,M,42,Spain,Barcelona,5:40:28
6732,Olivia,Gonzalez,F,48,Austria,Graz,5:17:20
6733,Mateusz,Wright,M,40,Brazil,Fortaleza,4:01:13
6734,Olivia,Romano,F,58,France,Bordeaux,5:51:33
6735,Hugo,Jackson,M,50,Hungary,Miskolc,5:58:12
6736,Sunita,Torres,F,53,United Kingdom,Glasgow,3:13:53
6737,Giulia,Rossi,F,35,Israel,Jerusalem,4:40:34
6738,Maya,Taylor,F,60,United Kingdom,London,3:11:47
6739,Yuki,Thomas,F,47,Netherlands,Amsterdam,2:07:39
6740,Evelyn,King,F,35,Argentina,La Plata,5:39:53
6741,John,Williams,M,28,Australia,Adelaide,2:27:16
6742,Giovanni,Sanchez,M,38,Slovakia,Kosice,4:13:02
6743,Daniel,Santos,M,55,Singapore,Singapore,3:01:50
6744,Laura,Jackson,F,21,Finland,Oulu,5:32:59
6745,Isabella,Gonzalez,F,41,Kenya,Nakuru,4:55:34
6746,Giovanni,Popov,M,67,India,Delhi,4:28:10
6747,Elijah,Petrov,M,50,Slovakia,Nitra,4:07:30
6748,Charlotte,Hernandez,F,57,Italy,Milan,5:34:21
6749,Sara,Garcia,F,39,France,Nice,5:50:28
6750,Jack,Wright,M,37,Netherlands,Eindhoven,4:02:18
6751,Giulia,Garcia,F,60,Denmark,Esbjerg,3:33:39
6752,Jakub,Allen,M,23,Israel,Nazareth,4:59:23
6753,Mikhail,Robinson,M,44,Austria,Innsbruck,2:50:36
6754,Hugo,Lewis,M,42,Romania,Iasi,2:19:12
6755,Sophia,Ferrari,F,30,Spain,Valencia,5:17:12
6756,Daniel,Young,M,25,Israel,Nazareth,5:17:22
6757,Lucas,Wiśniewski,M,19,South Korea,Daegu,4:35:24
6758,Jan,Gomes,M,19,South Africa,Durban,5:15:37
6759,Chiara,Johnson,F,30,Italy,Milan,4:39:57
6760,Oliver,Kuznetsov,M,69,Japan,Sapporo,4:48:39
6761,Benjamin,Silva,M,61,United States,Chicago,3:57:15
6762,Valentina,Ramirez,F,18,South Africa,Cape Town,4:14:46
6763,Mia,King,F,66,United Arab Emirates,Dubai,4:49:04
6764,Henry,Walker,M,67,Argentina,Cordoba,2:48:06
6765,Ingrid,Kaczmarek,F,20,Switzerland,Bern,5:35:18
6766,Hannah,Kuznetsov,F,47,Portugal,Braga,4:34:32
6767,Thomas,Santos,M,27,Denmark,Odense,3:26:48
6768,George,Taylor,M,38,Ukraine,Dnipro,5:40:42
6769,Daria,Moore,F,61,South Korea,Daegu,4:43:15
6770,Ekaterina,Torres,F,22,Ethiopia,Gondar,5:42:17
6771,Carlos,Wright,M,21,Finland,Tampere,2:41:21
6772,Emily,Ramirez,F,29,United Arab Emirates,Dubai,5:56:20
6773,Daniel,Jones,M,38,South Korea,Incheon,5:34:39
6774,Alina,Wilson,F,25,France,Lyon,3:04:10
6775,Noah,Ferrari,M,29,South Africa,Pretoria,5:54:20
6776,Charlotte,Walker,F,69,Finland,Vantaa,4:30:07
6777,Nikolai,Taylor,M,53,Japan,Tokyo,5:22:19
6778,Marco,Wright,M,64,Brazil,Fortaleza,5:05:36
6779,Hannah,Gonzalez,F,40,Sweden,Vasteras,2:24:30
6780,Katarzyna,Costa,F,41,Romania,Constanta,4:39:42
6781,Hugo,Bianchi,M,69,Poland,Krakow,2:41:25
6782,Yuki,Sanchez,F,40,Czech Republic,Brno,4:36:29
6783,Camila,Garcia,F,46,Sweden,Malmo,5:58:59
6784,Charlotte,Nguyen,F,55,Australia,Melbourne,2:48:20
6785,Henry,Sanchez,M,47,United Arab Emirates,Sharjah,5:19:06
6786,Ingrid,Ramirez,F,70,Ukraine,Dnipro,4:27:41
6787,Arthur,Novak,M,21,Brazil,Fortaleza,4:29:59
6788,Maria,Hernandez,F,20,Israel,Jerusalem,2:45:54
6789,Jack,Kuznetsov,M,64,Norway,Trondheim,2:22:50
6790,Jakub,Petrov,M,37,United States,Boston,2:20:37
6791,Jan,Garcia,M,43,Argentina,La Plata,4:07:21
6792,Jakub,Clark,M,47,United Arab Emirates,Sharjah,2:08:23
6793,Olivia,Silva,F,55,Brazil,Rio de Janeiro,3:24:49
6794,Harry,Costa,M,46,Switzerland,Lausanne,5:17:29
6795,Charlotte,Davis,F,64,Austria,Innsbruck,3:43:42
6796,Pedro,Nguyen,M,68,Romania,Timisoara,5:31:28
6797,Oleg,Jones,M,29,Mexico,Monterrey,2:38:51
6798,William,Ferrari,M,46,Austria,Salzburg,4:30:16
6799,Yuki,Rodriguez,F,23,France,Nice,3:18:55
6800,Sofia,Bianchi,F,69,Brazil,Sao Paulo,3:58:15
6801,Daria,Brown,F,56,Spain,Seville,4:00:27
6802,Marco,Martinez,M,21,Netherlands,Eindhoven,2:41:55
6803,Jakub,Smirnov,M,50,Slovakia,Kosice,2:40:36
6804,Magdalena,Torres,F,23,Israel,Nazareth,2:14:34
6805,Nikolai,Lee,M,54,France,Lyon,3:05:10
6806,Sunita,Robinson,F,61,Kenya,Kisumu,2:27:00
6807,David,Moore,M,44,United Arab Emirates,Ras Al Khaimah,3:37:22
6808,Amelia,Thompson,F,61,Italy,Rome,3:43:54
6809,Carlos,Lewis,M,32,Brazil,Rio de Janeiro,5:19:27
6810,Mateusz,Popov,M,59,Romania,Bucharest,2:53:34
6811,Ivan,Lewis,M,19,Finland,Espoo,5:40:52
6812,Oleg,Wiśniewski,M,45,Turkey,Ankara,5:24:20
6813,John,Bianchi,M,57,Canada,Vancouver,2:53:37
6814,Zuzanna,Martin,F,54,Ukraine,Dnipro,2:22:09
6815,Isabella,Perez,F,66,Kenya,Nairobi,4:28:57
6816,Lorenzo,Nowak,M,20,Japan,Sapporo,3:18:40
6817,Oliver,Kuznetsov,M,63,Russia,Kazan,5:43:08
6818,Isabella,Ivanov,F,34,Romania,Constanta,5:40:26
6819,Ava,Novak,F,54,Finland,Tampere,4:42:24
6820,Alina,Wilson,F,30,Hungary,Debrecen,2:24:32
6821,Mateusz,Rossi,M,40,Singapore,Singapore,5:47:03
6822,Ingrid,Ferrari,F,70,Sweden,Gothenburg,5:13:42
6823,Jakub,Smith,M,51,United States,San Francisco,2:47:21
6824,Daniel,Kowalski,M,45,Argentina,Buenos Aires,2:33:06
6825,Benjamin,Lee,M,26,Romania,Cluj-Napoca,5:28:33
6826,Maria,King,F,66,France,Marseille,2:49:04
6827,Arthur,Lee,M,20,Slovakia,Kosice,4:10:18
6828,Katarzyna,Scott,F,55,Portugal,Lisbon,3:09:33
6829,Alexander,Thompson,M,41,United Arab Emirates,Ras Al Khaimah,5:58:20
6830,Oliver,Young,M,64,South Korea,Busan,3:42:13
6831,Julia,Wiśniewski,F,60,Hungary,Budapest,4:43:35
6832,Valentina,Popov,F,34,Australia,Brisbane,4:02:58
6833,Lucia,Kowalczyk,F,20,Singapore,Singapore,3:55:40
6834,Lucia,Smith,F,48,Portugal,Porto,3:51:16
6835,Ivan,Petrov,M,60,Singapore,Singapore,5:00:50
6836,Emma,Novak,F,53,Italy,Milan,4:24:38
6837,Liam,Rodriguez,M,51,Norway,Bergen,4:11:42
6838,Amelia,Gonzalez,F,61,Canada,Calgary,4:03:47
6839,Evelyn,Jackson,F,36,Romania,Timisoara,5:13:31
6840,Isabella,Kowalski,F,43,Argentina,Mendoza,3:02:29
6841,Anna,Smith,F,64,Germany,Hamburg,2:48:44
6842,Pedro,Wiśniewski,M,37,Hungary,Miskolc,2:39:03
6843,Magdalena,Lewis,F,64,United Arab Emirates,Abu Dhabi,3:17:33
6844,Emily,Kowalczyk,F,28,India,Bangalore,5:33:00
6845,Elijah,Johnson,M,65,Sweden,Uppsala,5:07:08
6846,Noah,Allen,M,30,Ukraine,Kyiv,5:59:28
6847,Harry,Smirnov,M,23,Romania,Constanta,5:31:14
6848,Olga,Melo,F,32,China,Shanghai,4:27:07
6849,Amelia,Jackson,F,47,Kenya,Eldoret,4:51:49
6850,Lorenzo,Oliveira,M,35,Czech Republic,Pilsen,4:29:03
6851,Olivia,Robinson,F,63,Sweden,Uppsala,2:09:24
6852,George,Wright,M,31,Switzerland,Lausanne,2:05:49
6853,Mateo,Wiśniewski,M,20,Canada,Vancouver,3:37:49
6854,John,Miller,M,62,United Arab Emirates,Dubai,3:20:06
6855,María,Oliveira,F,55,Switzerland,Bern,5:32:36
6856,Alina,Scott,F,57,Austria,Linz,3:48:44
6857,Abigail,White,F,37,United Kingdom,Edinburgh,5:29:07
6858,Charlotte,Miller,F,41,Slovakia,Presov,3:30:17
6859,Jan,Gomes,M,66,Portugal,Faro,5:31:58
6860,Yuki,Taylor,F,29,United Kingdom,Manchester,5:26:11
6861,Isabella,Johnson,F,45,Singapore,Singapore,3:14:42
6862,Thomas,Torres,M,49,Singapore,Singapore,5:51:01
6863,Amelia,Robinson,F,52,United Kingdom,Glasgow,3:48:54
6864,Ingrid,Torres,F,18,United Kingdom,Glasgow,3:46:50
6865,Olivia,Silva,F,48,United Arab Emirates,Ras Al Khaimah,2:08:06
6866,Michael,Perez,M,61,Kenya,Nairobi,3:17:46
6867,Isabella,Romano,F,52,Canada,Calgary,4:30:39
6868,Giovanni,Murphy,M,46,France,Nice,5:06:23
6869,Yuki,Miller,F,38,Hungary,Budapest,2:06:28
6870,Magdalena,Nguyen,F,50,Switzerland,Lausanne,4:55:43
6871,Yuki,Taylor,F,19,South Africa,Cape Town,2:20:14
6872,Ivan,Santos,M,51,United States,Boston,3:35:28
6873,Mateusz,Oliveira,M,36,United Kingdom,Glasgow,3:39:10
6874,Noah,Harris,M,67,Portugal,Coimbra,4:50:21
6875,Henry,Williams,M,45,Slovakia,Nitra,3:47:06
6876,Mateo,Wilson,M,31,Denmark,Aalborg,3:54:54
6877,Daniel,Miller,M,18,Sweden,Stockholm,5:26:40
6878,Lorenzo,Gonzalez,M,24,South Africa,Cape Town,3:42:56
6879,Hugo,Silva,M,44,Spain,Bilbao,2:31:03
6880,Mateo,Thomas,M,41,Kenya,Kisumu,2:36:00
6881,Daria,Jackson,F,19,South Africa,Durban,4:29:26
6882,Chiara,Moore,F,68,Spain,Bilbao,2:42:50
6883,Santiago,Scott,M,63,Sweden,Stockholm,3:30:23
6884,Nikolai,Oliveira,M,44,Czech Republic,Prague,4:00:10
6885,Henry,Jones,M,58,United Arab Emirates,Sharjah,5:50:23
6886,Benjamin,Williams,M,39,Singapore,Singapore,3:09:38
6887,Thomas,Lee,M,41,Ukraine,Dnipro,2:56:22
6888,James,Moore,M,47,Denmark,Aarhus,2:08:33
6889,George,King,M,32,Austria,Linz,3:23:01
6890,Oleg,Santos,M,66,United Arab Emirates,Dubai,4:38:45
6891,Noah,Romano,M,62,Sweden,Stockholm,2:12:07
6892,Isabella,Oliveira,F,46,India,Hyderabad,2:31:31
6893,Jack,Clark,M,42,France,Paris,2:17:44
6894,Sunita,Nguyen,F,41,India,Mumbai,4:08:34
6895,Katarzyna,Anderson,F,28,Singapore,Singapore,4:14:42
6896,Ivan,Clark,M,64,Russia,Yekaterinburg,4:11:01
6897,Anna,Silva,F,31,United States,Los Angeles,3:03:56
6898,Emily,Gonzalez,F,57,United Kingdom,Manchester,5:27:24
6899,Lucas,Kowalczyk,M,57,United Arab Emirates,Ajman,2:53:53
6900,Giulia,Costa,F,62,Austria,Vienna,3:01:13
6901,Daria,Jones,F,50,Singapore,Singapore,2:46:06
6902,Abigail,Lopez,F,34,United States,Boston,4:45:44
6903,Lorenzo,Rossi,M,33,Ethiopia,Gondar,4:17:51
6904,Harry,Jones,M,43,India,Delhi,2:57:10
6905,Julia,Wiśniewski,F,45,India,Bangalore,3:27:36
6906,Zuzanna,Allen,F,31,China,Chengdu,3:35:03
6907,Charlotte,Smith,F,62,Italy,Turin,3:37:47
6908,Mateusz,Wilson,M,66,South Africa,Johannesburg,3:09:34
6909,Harry,Smirnov,M,65,Turkey,Izmir,4:03:42
6910,Yuki,Davis,F,29,Finland,Helsinki,4:12:17
6911,Evelyn,Young,F,38,United Arab Emirates,Dubai,5:16:51
6912,Giulia,Novak,F,66,Israel,Tel Aviv,2:46:46
6913,Daria,Wiśniewski,F,18,Russia,Novosibirsk,4:23:42
6914,Ekaterina,Young,F,37,Switzerland,Basel,2:50:24
6915,Giovanni,Martin,M,34,Austria,Graz,3:39:28
6916,Lucia,Gonzalez,F,53,Italy,Bologna,2:10:05
6917,Megan,Clark,F,56,France,Nice,5:14:00
6918,Camila,Walker,F,50,United Kingdom,Birmingham,4:22:36
6919,Liam,Smirnov,M,61,Portugal,Faro,3:34:35
6920,Magdalena,Brown,F,46,Poland,Warsaw,4:55:58
6921,Oleg,Kaczmarek,M,24,Denmark,Esbjerg,5:39:12
6922,Maya,Brown,F,31,Canada,Montreal,4:18:40
6923,Mateusz,Brown,M,33,Denmark,Esbjerg,5:20:50
6924,Lorenzo,Harris,M,45,Norway,Stavanger,4:02:58
6925,Benjamin,Miller,M,45,United States,Los Angeles,4:55:26
6926,Charlotte,Kowalczyk,F,69,Netherlands,Eindhoven,2:37:32
6927,Olivia,Hernandez,F,65,Ethiopia,Mekelle,2:55:52
6928,David,White,M,67,Ukraine,Odesa,2:30:53
6929,Anna,Anderson,F,61,United Kingdom,London,4:20:35
6930,Jakub,Martinez,M,54,United States,Boston,3:20:47
6931,Yuki,Smith,F,24,Spain,Bilbao,4:33:32
6932,Nikolai,Lopez,M,59,Ethiopia,Addis Ababa,2:25:23
6933,Isabella,Davis,F,40,South Africa,Port Elizabeth,3:05:46
6934,David,Romano,M,21,Australia,Sydney,2:25:26
6935,Jack,Thomas,M,20,Germany,Cologne,5:18:37
6936,George,Perez,M,63,Sweden,Malmo,4:29:27
6937,Ivan,Novak,M,18,France,Paris,3:46:26
6938,Isabella,Kowalczyk,F,55,Canada,Montreal,4:27:46
6939,Elijah,Scott,M,31,United Arab Emirates,Ras Al Khaimah,5:58:07
6940,George,Nguyen,M,24,Israel,Tel Aviv,5:28:09
6941,Jan,Harris,M,40,Spain,Madrid,2:19:16
6942,Jakub,Wright,M,66,Hungary,Debrecen,3:14:03
6943,Magdalena,Smirnov,F,19,France,Nice,3:38:37
6944,Camila,Walker,F,24,Poland,Gdansk,4:03:49
6945,Evelyn,Petrov,F,35,Canada,Montreal,4:57:26
6946,Olivia,Smith,F,24,Spain,Bilbao,5:24:14
6947,Valentina,Perez,F,58,United Kingdom,Birmingham,5:31:38
6948,Alexander,Lewis,M,41,Israel,Jerusalem,2:58:51
6949,Pedro,Thompson,M,30,Argentina,La Plata,4:48:37
6950,Mikhail,Brown,M,66,Netherlands,Rotterdam,5:04:59
6951,Jan,Torres,M,70,Ukraine,Lviv,2:46:50
6952,Chiara,Petrov,F,19,Japan,Kyoto,5:45:42
6953,Maya,Santos,F,58,Austria,Graz,2:42:44
6954,Sophia,Novak,F,25,Turkey,Bursa,3:52:31
6955,Jack,Wright,M,70,Denmark,Copenhagen,3:17:40
6956,Maya,Santos,F,44,Australia,Brisbane,4:09:46
6957,Sara,Thompson,F,64,Turkey,Ankara,3:36:05
6958,Katarzyna,King,F,42,Poland,Krakow,5:30:24
6959,Emily,Jackson,F,22,Poland,Wroclaw,4:44:52
6960,Marco,Brown,M,40,China,Guangzhou,3:58:03
6961,Olivia,Wilson,F,68,Mexico,Puebla,4:05:35
6962,Abigail,Robinson,F,42,Denmark,Copenhagen,2:15:48
6963,Valentina,Lewis,F,33,United States,Chicago,2:38:53
6964,Katarzyna,Popov,F,28,Japan,Sapporo,2:45:01
6965,Isabella,Popov,F,45,Finland,Tampere,4:30:33
6966,George,Ferrari,M,66,Israel,Haifa,5:55:19
6967,Abigail,Novak,F,18,Austria,Innsbruck,3:28:23
6968,Harry,Nguyen,M,29,Russia,Novosibirsk,2:12:40
6969,Benjamin,Melo,M,66,Romania,Cluj-Napoca,5:20:36
6970,Giulia,Scott,F,18,Argentina,Buenos Aires,2:53:56
6971,Evelyn,Robinson,F,44,Italy,Bologna,4:29:40
6972,Lucas,Rodriguez,M,33,Argentina,Cordoba,2:11:36
6973,Emma,Gomes,F,50,Kenya,Eldoret,5:01:01
6974,Jack,Harris,M,53,Portugal,Faro,2:23:42
6975,Carlos,Santos,M,56,Canada,Ottawa,4:27:42
6976,Emily,Santos,F,57,Mexico,Puebla,2:36:45
6977,Sunita,Wilson,F,22,Hungary,Pecs,4:28:48
6978,Thomas,Costa,M,56,France,Nice,2:14:59
6979,Julia,Bianchi,F,28,Turkey,Antalya,5:47:30
6980,William,Gomes,M,24,Argentina,Cordoba,3:50:01
6981,Nikolai,Kowalski,M,24,Slovakia,Presov,5:03:11
6982,Hugo,Sanchez,M,59,Spain,Seville,5:32:56
6983,Mikhail,Miller,M,69,Hungary,Pecs,5:09:07
6984,Kacper,Williams,M,37,Ukraine,Odesa,4:12:11
6985,Ingrid,Taylor,F,22,Russia,Novosibirsk,4:37:15
6986,Carlos,Lee,M,34,Slovakia,Nitra,2:41:39
6987,Sunita,Murphy,F,58,Russia,Saint Petersburg,2:42:49
6988,Arthur,Santos,M,28,Switzerland,Lausanne,2:23:57
6989,Noah,Clark,M,23,Romania,Iasi,4:25:23
6990,Olivia,Taylor,F,25,France,Bordeaux,3:58:03
6991,Magdalena,Sanchez,F,64,Finland,Helsinki,4:02:17
6992,Isabella,Taylor,F,32,Spain,Barcelona,3:37:25
6993,James,Nowak,M,50,Turkey,Antalya,2:31:21
6994,Olivia,Taylor,F,27,Ethiopia,Bahir Dar,5:18:48
6995,Anna,Popov,F,70,South Korea,Incheon,3:01:24
6996,Marco,Allen,M,60,United Arab Emirates,Ajman,4:29:02
6997,Emily,Lee,F,67,Germany,Berlin,4:24:45
6998,Henry,Popov,M,19,Switzerland,Zurich,4:16:14
6999,Oleg,Murphy,M,29,Germany,Berlin,4:36:35
7000,Maria,Jones,F,26,Argentina,Rosario,2:24:42
7001,Megan,Anderson,F,62,Austria,Vienna,3:30:29
7002,Abigail,Wright,F,62,Israel,Nazareth,5:00:43
7003,Nikolai,Wilson,M,58,Italy,Rome,5:15:04
7004,Oliver,Harris,M,39,Australia,Adelaide,2:40:02
7005,Charlotte,Brown,F,31,Hungary,Budapest,2:20:46
7006,David,White,M,60,Argentina,Mendoza,2:37:41
7007,Chiara,Clark,F,61,Czech Republic,Prague,5:17:30
7008,Ava,Scott,F,50,Japan,Tokyo,4:35:28
7009,Katarzyna,Smith,F,59,Poland,Warsaw,2:49:26
7010,Camila,Ferrari,F,52,Switzerland,Basel,2:28:03
7011,Maya,Thomas,F,70,Portugal,Lisbon,3:36:07
7012,Zuzanna,Taylor,F,63,Hungary,Pecs,2:37:34
7013,Amelia,Smirnov,F,64,Mexico,Guadalajara,4:57:59
7014,Ingrid,Smith,F,39,United Kingdom,Edinburgh,5:56:33
7015,Olivia,Petrov,F,70,Italy,Bologna,5:24:37
7016,Anna,Romano,F,53,Romania,Constanta,4:56:17
7017,Noah,Lopez,M,51,Hungary,Debrecen,4:34:25
7018,Oleg,Torres,M,52,Austria,Linz,3:28:09
7019,Santiago,Martinez,M,19,Canada,Calgary,3:59:19
7020,Maya,Rodriguez,F,19,Brazil,Sao Paulo,2:25:10
7021,Chiara,Smith,F,67,Portugal,Braga,3:10:44
7022,Carlos,Johnson,M,38,Australia,Adelaide,5:33:43
7023,Amelia,Sanchez,F,19,Singapore,Singapore,3:28:24
7024,Sunita,Ferrari,F,32,Japan,Osaka,4:59:06
7025,Emma,Romano,F,19,United Kingdom,Edinburgh,5:58:12
7026,Pedro,Petrov,M,27,South Korea,Incheon,2:19:08
7027,Evelyn,King,F,68,Romania,Constanta,2:35:11
7028,Carlos,Gonzalez,M,57,United States,Chicago,3:33:36
7029,Alina,Novak,F,61,Norway,Oslo,3:47:16
7030,Harry,Lee,M,44,India,Delhi,2:14:59
7031,Ingrid,Nowak,F,38,Mexico,Mexico City,2:53:36
7032,Giulia,White,F,61,Switzerland,Geneva,2:22:07
7033,Hannah,Perez,F,46,Hungary,Szeged,3:40:16
7034,Olga,Perez,F,37,Canada,Toronto,3:54:53
7035,Mateo,Martin,M,26,Canada,Calgary,4:50:29
7036,Marco,Wiśniewski,M,64,China,Shenzhen,2:48:29
7037,Elijah,Martin,M,56,Singapore,Singapore,2:33:41
7038,Magdalena,Melo,F,49,France,Paris,2:26:06
7039,Mikhail,Garcia,M,21,Czech Republic,Pilsen,3:35:50
7040,Olivia,Martin,F,65,Japan,Kyoto,4:37:12
7041,Isabela,Sanchez,F,68,Sweden,Vasteras,4:13:15
7042,Alexander,Rodriguez,M,70,South Korea,Daejeon,3:47:55
7043,Olivia,Johnson,F,62,China,Chengdu,2:31:04
7044,Emily,Romano,F,38,Germany,Berlin,4:54:22
7045,Isabella,Young,F,34,South Africa,Pretoria,4:14:31
7046,Anna,Torres,F,21,Germany,Frankfurt,5:09:50
7047,Michael,Martin,M,22,Argentina,Mendoza,3:02:40
7048,Emma,Anderson,F,35,Poland,Poznan,5:06:38
7049,Abigail,Bianchi,F,23,Kenya,Nairobi,5:06:28
7050,Mikhail,Lee,M,60,Germany,Cologne,2:35:55
7051,Sophia,Sanchez,F,36,Denmark,Copenhagen,2:12:10
7052,Chiara,Moore,F,53,Ethiopia,Mekelle,5:15:13
7053,Robert,Nguyen,M,50,Kenya,Nakuru,5:17:13
7054,James,Kowalczyk,M,26,South Korea,Daegu,5:16:34
7055,Emma,Perez,F,42,United Arab Emirates,Ras Al Khaimah,3:09:12
7056,Mateusz,Jones,M,48,Portugal,Porto,2:39:56
7057,Anna,Moore,F,21,Turkey,Ankara,5:57:20
7058,Harry,Jones,M,22,South Africa,Cape Town,5:17:36
7059,Katarzyna,Nowak,F,69,Israel,Beer Sheva,3:35:41
7060,Liam,Thompson,M,36,Argentina,Mendoza,5:30:37
7061,Luis,Rodriguez,M,21,Russia,Yekaterinburg,3:31:13
7062,Mia,Scott,F,36,France,Marseille,5:49:26
7063,Liam,Novak,M,41,Portugal,Braga,3:27:47
7064,Olivia,Wright,F,58,Mexico,Mexico City,5:02:34
7065,Anna,Nowak,F,53,Japan,Nagoya,5:25:02
7066,Katarzyna,Jones,F,50,Japan,Sapporo,4:17:51
7067,Ivan,Murphy,M,44,Austria,Linz,2:57:27
7068,David,Kowalski,M,22,China,Beijing,4:27:19
7069,Sunita,Martinez,F,68,United Kingdom,London,4:04:12
7070,Sara,Taylor,F,23,South Africa,Pretoria,5:07:53
7071,Lucas,Davis,M,36,Italy,Rome,3:52:35
7072,Alina,Wright,F,19,South Korea,Seoul,5:22:22
7073,Lucia,Smirnov,F,24,France,Bordeaux,3:58:03
7074,Megan,Silva,F,52,Portugal,Faro,3:50:42
7075,Chiara,Wilson,F,65,United Kingdom,London,4:09:54
7076,Carlos,Garcia,M,56,Austria,Innsbruck,5:02:56
7077,Ava,Martin,F,54,Czech Republic,Prague,3:21:51
7078,Maya,Nowak,F,37,Denmark,Esbjerg,2:28:16
7079,Isabella,Taylor,F,61,Italy,Turin,4:41:33
7080,Sara,Ivanov,F,27,Netherlands,The Hague,4:35:27
7081,Emily,Novak,F,37,Sweden,Uppsala,4:13:20
7082,Amelia,Martinez,F,48,South Korea,Incheon,4:55:35
7083,Benjamin,Lopez,M,57,Norway,Stavanger,3:39:59
7084,Oliver,Brown,M,31,Sweden,Uppsala,5:50:05
7085,Elijah,Anderson,M,39,Australia,Perth,4:03:42
7086,Mikhail,Rossi,M,38,South Korea,Busan,4:24:08
7087,Ivan,Taylor,M,40,Italy,Turin,5:28:34
7088,Evelyn,Lewis,F,35,Sweden,Gothenburg,3:03:58
7089,Maya,Petrov,F,57,Mexico,Cancun,2:16:31
7090,Kacper,Brown,M,56,Portugal,Braga,5:15:31
7091,Lucas,Taylor,M,39,China,Shanghai,2:16:29
7092,Zuzanna,Robinson,F,18,China,Beijing,2:35:00
7093,Megan,Romano,F,44,Ethiopia,Mekelle,3:28:17
7094,William,Anderson,M,36,Switzerland,Bern,4:32:22
7095,Emma,Wiśniewski,F,30,United Arab Emirates,Sharjah,4:54:09
7096,Megan,Young,F,41,Russia,Kazan,2:38:45
7097,David,Sanchez,M,63,Portugal,Coimbra,2:25:58
7098,María,Oliveira,F,63,Norway,Trondheim,5:16:35
7099,Magdalena,Gomes,F,46,Russia,Saint Petersburg,3:09:41
7100,Henry,Gonzalez,M,51,Russia,Yekaterinburg,2:40:42
7101,Mateusz,Ferrari,M,50,Portugal,Faro,4:57:18
7102,Marco,Jones,M,68,Czech Republic,Prague,2:42:50
7103,Mia,Rodriguez,F,19,Italy,Milan,2:56:01
7104,Olga,Wright,F,50,Russia,Saint Petersburg,3:33:25
7105,Zuzanna,Allen,F,57,Canada,Vancouver,3:51:30
7106,Elijah,Kowalski,M,28,Romania,Constanta,5:55:47
7107,William,Ivanov,M,64,South Korea,Busan,4:40:51
7108,David,Gomes,M,21,Finland,Espoo,2:28:47
7109,Giulia,Rodriguez,F,67,Kenya,Eldoret,2:37:08
7110,Alexander,Miller,M,34,Czech Republic,Prague,4:13:22
7111,Sophia,Young,F,40,Norway,Bergen,3:57:41
7112,Lorenzo,Petrov,M,61,Mexico,Guadalajara,4:22:04
7113,John,Bianchi,M,20,Ethiopia,Bahir Dar,2:55:27
7114,Yuki,Kuznetsov,F,37,Turkey,Ankara,5:17:27
7115,Sunita,Young,F,54,Singapore,Singapore,5:44:51
7116,Oliver,Harris,M,54,Spain,Valencia,4:35:52
7117,Harry,Moore,M,64,China,Chengdu,3:55:38
7118,Giulia,Taylor,F,70,Romania,Bucharest,5:53:52
7119,Liam,Bianchi,M,66,Italy,Naples,5:38:27
7120,Thomas,Kuznetsov,M,30,Italy,Turin,4:17:23
7121,Arthur,King,M,68,India,Hyderabad,4:20:59
7122,Thomas,Ivanov,M,60,Netherlands,Eindhoven,2:25:31
7123,Chiara,Hernandez,F,58,Norway,Stavanger,5:47:34
7124,Zuzanna,Miller,F,31,China,Shanghai,4:24:21
7125,Ivan,Moore,M,28,Singapore,Singapore,3:36:24
7126,Liam,Bianchi,M,51,India,Mumbai,3:36:31
7127,Sofia,Lee,F,46,Romania,Bucharest,3:49:22
7128,Robert,Kowalczyk,M,49,Germany,Munich,5:24:32
7129,George,Smirnov,M,59,France,Lyon,2:24:45
7130,Elijah,Allen,M,32,Slovakia,Zilina,3:15:58
7131,James,Thomas,M,29,India,Mumbai,4:23:07
7132,Laura,Walker,F,67,Hungary,Budapest,5:40:12
7133,Robert,Wright,M,52,Canada,Vancouver,2:24:42
7134,Mateo,Perez,M,57,Brazil,Sao Paulo,5:03:53
7135,Katarzyna,Kaczmarek,F,55,Italy,Milan,3:27:08
7136,Ava,Harris,F,59,Hungary,Debrecen,5:29:19
7137,Daria,Anderson,F,22,Netherlands,The Hague,5:00:51
7138,Lucas,Garcia,M,47,Sweden,Uppsala,3:11:56
7139,Daria,Smith,F,26,Germany,Munich,5:52:28
7140,Carlos,White,M,65,Sweden,Stockholm,2:05:50
7141,Hugo,Miller,M,39,France,Lyon,2:42:46
7142,Isabela,Murphy,F,50,Finland,Helsinki,3:46:54
7143,Piotr,Silva,M,47,Japan,Tokyo,2:56:19
7144,William,Wilson,M,23,Ukraine,Kyiv,5:29:29
7145,María,Lee,F,65,Slovakia,Presov,3:30:45
7146,Isabella,Anderson,F,60,Mexico,Puebla,4:52:52
7147,James,Williams,M,70,South Korea,Daejeon,5:01:04
7148,Benjamin,Johnson,M,65,France,Paris,3:21:44
7149,Isabella,Murphy,F,58,Austria,Vienna,5:31:00
7150,Lucas,Wilson,M,43,Sweden,Malmo,3:56:44
7151,Lucas,Rossi,M,33,Slovakia,Presov,2:52:50
7152,Isabella,Gonzalez,F,49,United Arab Emirates,Dubai,4:33:00
7153,Noah,Lee,M,45,Ukraine,Dnipro,4:38:03
7154,Mateo,Martinez,M,57,Romania,Timisoara,4:37:39
7155,William,Moore,M,37,Brazil,Fortaleza,3:06:41
7156,Amelia,Nguyen,F,50,India,Chennai,2:32:20
7157,Alexander,White,M,39,Australia,Sydney,2:40:10
7158,Olga,Garcia,F,20,Netherlands,Amsterdam,4:13:52
7159,Giovanni,Costa,M,37,United States,New York,5:51:53
7160,Lorenzo,Anderson,M,57,Portugal,Faro,4:10:10
7161,Camila,Popov,F,68,Hungary,Debrecen,2:06:33
7162,Nikolai,Hernandez,M,32,Ethiopia,Dire Dawa,3:03:54
7163,Maria,Harris,F,56,Brazil,Rio de Janeiro,4:54:56
7164,Charlotte,Walker,F,66,Turkey,Ankara,2:43:42
7165,Daria,Petrov,F,19,United Arab Emirates,Sharjah,2:30:25
7166,Noah,Torres,M,27,Austria,Graz,5:00:27
7167,Liam,Davis,M,66,South Korea,Daegu,5:40:53
7168,John,Martinez,M,25,Germany,Munich,4:51:56
7169,Harry,Anderson,M,31,Hungary,Miskolc,4:19:31
7170,Ekaterina,Jackson,F,29,Ukraine,Kharkiv,2:41:16
7171,Megan,Williams,F,59,United Kingdom,Glasgow,3:32:18
7172,Giulia,Brown,F,65,Czech Republic,Pilsen,2:26:31
7173,Marco,White,M,60,Hungary,Debrecen,2:42:10
7174,Katarzyna,Garcia,F,62,Italy,Turin,3:22:51
7175,Maya,Harris,F,36,Ethiopia,Gondar,5:23:45
7176,Sofia,Sanchez,F,64,United States,San Francisco,3:08:39
7177,Jack,Oliveira,M,19,South Africa,Durban,5:34:41
7178,Zuzanna,Scott,F,60,Austria,Vienna,5:04:59
7179,George,Bianchi,M,30,Argentina,Cordoba,5:06:09
7180,Giulia,Walker,F,48,Russia,Yekaterinburg,5:07:26
7181,Ivan,Miller,M,20,China,Guangzhou,5:33:15
7182,Daniel,Scott,M,42,Spain,Bilbao,2:30:23
7183,Camila,Rossi,F,42,Hungary,Budapest,4:10:56
7184,Ekaterina,Clark,F,52,Finland,Tampere,3:06:47
7185,Oliver,Lopez,M,29,Norway,Oslo,4:32:49
7186,Noah,Hernandez,M,38,Singapore,Singapore,2:21:14
7187,Jan,Lopez,M,18,Czech Republic,Pilsen,4:41:32
7188,Alexander,Nowak,M,41,Italy,Milan,4:04:43
7189,Robert,Martinez,M,46,Denmark,Odense,3:14:56
7190,Amelia,Lee,F,69,United Kingdom,Manchester,3:52:01
7191,Mateo,Taylor,M,67,China,Chengdu,3:33:33
7192,Sunita,Williams,F,28,Mexico,Guadalajara,3:14:04
7193,Kacper,Ivanov,M,34,Mexico,Puebla,4:01:53
7194,James,Popov,M,48,China,Shenzhen,2:36:16
7195,Julia,Young,F,57,Romania,Timisoara,3:14:59
7196,Lucas,Smirnov,M,51,Denmark,Copenhagen,5:04:14
7197,Olivia,White,F,58,Portugal,Lisbon,2:06:22
7198,Yuki,Davis,F,18,Finland,Oulu,5:40:02
7199,Mateusz,Taylor,M,70,Portugal,Lisbon,4:18:01
7200,John,Hernandez,M,40,Kenya,Mombasa,4:01:10
7201,Charlotte,Clark,F,20,Mexico,Guadalajara,4:19:43
7202,Chiara,Robinson,F,60,Romania,Iasi,4:20:45
7203,Charlotte,Smith,F,28,Australia,Brisbane,3:43:51
7204,Zuzanna,Ferrari,F,67,Russia,Saint Petersburg,3:23:15
7205,Liam,Lee,M,21,Brazil,Salvador,5:02:35
7206,María,Oliveira,F,32,Israel,Haifa,4:45:21
7207,Jack,Sanchez,M,32,South Africa,Durban,2:35:41
7208,Noah,Kaczmarek,M,69,Italy,Naples,3:50:54
7209,Daria,Silva,F,34,Turkey,Istanbul,5:05:50
7210,Jakub,Torres,M,19,Switzerland,Basel,4:24:25
7211,Lucas,Anderson,M,62,Sweden,Uppsala,4:04:42
7212,Hugo,Lopez,M,68,Singapore,Singapore,4:45:27
7213,Isabela,Walker,F,52,Israel,Tel Aviv,3:11:00
7214,Emma,Kowalski,F,42,Sweden,Malmo,5:10:35
7215,Alexander,Lee,M,36,Canada,Vancouver,4:50:34
7216,John,Brown,M,44,Singapore,Singapore,5:36:49
7217,Sophia,King,F,58,United Kingdom,Manchester,2:30:25
7218,Camila,Santos,F,33,Spain,Bilbao,5:48:15
7219,Sara,Martinez,F,55,United Kingdom,Glasgow,2:06:09
7220,Elijah,Popov,M,67,Slovakia,Kosice,4:27:18
7221,Isabella,Bianchi,F,36,Norway,Bergen,5:31:40
7222,Laura,Young,F,26,Israel,Haifa,4:17:39
7223,Lucia,Taylor,F,31,South Korea,Daegu,2:11:51
7224,Robert,Wright,M,53,Austria,Innsbruck,5:50:35
7225,Olivia,Wilson,F,23,United Kingdom,London,2:41:00
7226,Isabella,Wilson,F,51,Italy,Rome,2:12:28
7227,Ivan,Young,M,18,Mexico,Monterrey,2:17:54
7228,Isabella,Davis,F,61,Italy,Turin,5:02:01
7229,Hugo,Scott,M,62,Singapore,Singapore,3:00:47
7230,Sunita,Ramirez,F,66,Sweden,Stockholm,5:09:04
7231,Oliver,Romano,M,56,Kenya,Kisumu,3:28:50
7232,Jan,Rodriguez,M,58,Australia,Brisbane,5:33:25
7233,Isabella,Martinez,F,41,United States,New York,4:07:20
7234,Olivia,Martin,F,19,Japan,Sapporo,4:36:30
7235,Mikhail,Sanchez,M,27,France,Bordeaux,3:31:51
7236,Robert,Garcia,M,30,South Korea,Incheon,2:54:46
7237,John,Ramirez,M,26,China,Beijing,4:50:34
7238,Isabela,Wright,F,49,Norway,Bergen,3:22:52
7239,Alina,Ivanov,F,32,South Africa,Port Elizabeth,4:10:27
7240,David,Clark,M,61,Japan,Sapporo,3:01:00
7241,Ekaterina,Ivanov,F,68,India,Chennai,2:21:32
7242,Magdalena,Romano,F,39,Austria,Vienna,4:58:39
7243,María,Gomes,F,30,France,Lyon,5:07:45
7244,Benjamin,Walker,M,59,Italy,Rome,5:56:29
7245,Mia,Garcia,F,69,Russia,Saint Petersburg,2:24:43
7246,Mateusz,Bianchi,M,19,Ukraine,Dnipro,5:57:11
7247,Camila,Santos,F,49,South Korea,Seoul,4:38:08
7248,Santiago,Williams,M,47,Ethiopia,Gondar,2:49:50
7249,William,Davis,M,64,Switzerland,Basel,3:52:50
7250,Daniel,Moore,M,31,United Arab Emirates,Sharjah,4:17:20
7251,Emily,King,F,58,United Arab Emirates,Dubai,4:36:10
7252,Yuki,Wiśniewski,F,36,Australia,Perth,2:13:51
7253,James,Walker,M,41,Sweden,Stockholm,5:26:40
7254,Magdalena,Kaczmarek,F,67,Russia,Moscow,4:30:48
7255,James,Moore,M,37,Brazil,Rio de Janeiro,4:37:26
7256,Julia,Kaczmarek,F,38,Ethiopia,Bahir Dar,5:44:32
7257,Ingrid,Jackson,F,67,United States,New York,4:27:36
7258,Benjamin,Kowalczyk,M,50,Czech Republic,Prague,2:12:27
7259,Mateo,Nguyen,M,70,Israel,Beer Sheva,4:44:16
7260,Maya,Martin,F,54,Ukraine,Dnipro,2:28:47
7261,Lucas,Brown,M,26,Turkey,Bursa,2:28:44
7262,Olga,Jones,F,60,France,Marseille,4:21:42
7263,Anna,Johnson,F,40,Spain,Bilbao,2:39:27
7264,Chiara,Wiśniewski,F,42,Russia,Kazan,2:23:46
7265,Alexander,Oliveira,M,41,Slovakia,Bratislava,2:27:21
7266,Anna,Ferrari,F,53,Poland,Warsaw,2:58:27
7267,Jan,Kaczmarek,M,40,Russia,Kazan,4:22:18
7268,Anna,Wiśniewski,F,69,Israel,Tel Aviv,5:31:33
7269,Kacper,Wiśniewski,M,24,Slovakia,Presov,5:55:47
7270,Hannah,Garcia,F,49,United Arab Emirates,Abu Dhabi,5:11:05
7271,Sara,Ferrari,F,50,Mexico,Monterrey,5:30:11
7272,Nikolai,Torres,M,67,South Africa,Johannesburg,2:47:54
7273,Hugo,Brown,M,18,United Kingdom,Manchester,5:01:26
7274,Maria,Kuznetsov,F,20,Mexico,Monterrey,2:16:28
7275,Abigail,Kowalski,F,57,Ethiopia,Addis Ababa,3:31:52
7276,Emma,Nguyen,F,30,United Kingdom,Glasgow,4:45:55
7277,Isabela,Lee,F,64,Czech Republic,Pilsen,5:16:40
7278,Henry,Anderson,M,60,Australia,Melbourne,4:07:09
7279,Camila,Costa,F,32,Argentina,Mendoza,2:50:55
7280,Alina,Johnson,F,28,Ukraine,Lviv,5:06:41
7281,Ava,Williams,F,37,Portugal,Faro,4:38:57
7282,Jan,Kaczmarek,M,66,Switzerland,Zurich,4:14:29
7283,Oleg,Santos,M,28,Mexico,Guadalajara,3:30:06
7284,Hannah,Nguyen,F,24,Denmark,Odense,2:08:26
7285,Olga,Kaczmarek,F,62,Argentina,La Plata,4:41:27
7286,Maya,Thomas,F,37,Romania,Cluj-Napoca,4:50:37
7287,William,Kuznetsov,M,61,Brazil,Brasilia,4:48:02
7288,Liam,Martinez,M,66,Netherlands,Rotterdam,4:48:59
7289,Jan,Torres,M,30,France,Bordeaux,3:50:37
7290,Chiara,Oliveira,F,61,Brazil,Salvador,5:50:06
7291,Olivia,Davis,F,36,South Korea,Busan,4:33:27
7292,Alexander,Scott,M,62,Mexico,Guadalajara,3:49:22
7293,Abigail,Perez,F,38,Singapore,Singapore,3:10:41
7294,Luis,Melo,M,30,Poland,Poznan,5:37:36
7295,Daria,Garcia,F,59,Poland,Krakow,5:59:05
7296,Santiago,Jackson,M,41,Hungary,Debrecen,4:31:37
7297,Alexander,Garcia,M,45,Singapore,Singapore,3:12:40
7298,Sara,Jackson,F,25,Switzerland,Bern,4:32:57
7299,Maya,Romano,F,28,India,Bangalore,5:50:09
7300,Mateo,Scott,M,51,Austria,Graz,2:11:39
7301,Laura,Jones,F,48,South Korea,Seoul,5:54:44
7302,Noah,Thomas,M,35,Russia,Moscow,3:26:38
7303,Piotr,Silva,M,45,France,Bordeaux,5:17:57
7304,Charlotte,Robinson,F,23,Russia,Kazan,4:08:58
7305,Olga,Jackson,F,24,Argentina,Rosario,2:32:45
7306,Santiago,Petrov,M,65,Ethiopia,Gondar,3:11:54
7307,Alexander,Moore,M,22,Portugal,Coimbra,5:15:08
7308,Emma,Melo,F,54,Sweden,Gothenburg,2:26:20
7309,John,Miller,M,68,Canada,Montreal,5:02:12
7310,Anna,Rossi,F,47,Turkey,Izmir,3:41:32
7311,Evelyn,Kaczmarek,F,70,Portugal,Lisbon,3:05:09
7312,Isabella,Davis,F,26,United States,Los Angeles,3:48:40
7313,Valentina,Johnson,F,47,Mexico,Guadalajara,4:01:38
7314,William,Smith,M,64,Canada,Ottawa,3:41:24
7315,Chiara,Moore,F,40,United Kingdom,Manchester,3:50:26
7316,Valentina,Clark,F,63,China,Guangzhou,5:40:13
7317,Hugo,Costa,M,33,South Africa,Durban,3:58:14
7318,Anna,Williams,F,24,Turkey,Izmir,2:25:13
7319,Valentina,Perez,F,50,United Arab Emirates,Dubai,4:56:19
7320,Julia,Robinson,F,67,Romania,Cluj-Napoca,5:28:37
7321,Henry,Torres,M,42,Austria,Vienna,2:37:53
7322,George,Smith,M,28,Hungary,Budapest,3:44:15
7323,Sara,Sanchez,F,55,Mexico,Cancun,3:57:22
7324,Megan,Rossi,F,46,Spain,Madrid,2:26:03
7325,John,Kowalski,M,26,Sweden,Uppsala,4:30:27
7326,Maya,Sanchez,F,26,Singapore,Singapore,2:42:00
7327,Charlotte,Lopez,F,62,Turkey,Antalya,2:14:09
7328,Ingrid,Melo,F,42,China,Beijing,4:06:06
7329,Sunita,Lee,F,58,Singapore,Singapore,4:45:35
7330,María,Wright,F,64,United Kingdom,Glasgow,3:17:40
7331,Sophia,Moore,F,18,France,Paris,2:37:18
7332,Benjamin,Lee,M,35,Sweden,Malmo,5:39:04
7333,John,Wiśniewski,M,41,Kenya,Eldoret,3:52:34
7334,Magdalena,Oliveira,F,19,Norway,Trondheim,3:18:08
7335,Emma,Petrov,F,55,South Africa,Cape Town,3:33:47
7336,Liam,Davis,M,22,Netherlands,Amsterdam,2:41:15
7337,Isabela,Nguyen,F,26,Netherlands,Rotterdam,4:55:23
7338,Lorenzo,Rossi,M,53,Turkey,Bursa,3:33:35
7339,Oliver,Novak,M,42,Spain,Seville,4:49:04
7340,Anna,Ferrari,F,28,Netherlands,Rotterdam,4:27:59
7341,John,Silva,M,56,Germany,Frankfurt,3:02:18
7342,Mia,Hernandez,F,43,Austria,Graz,5:18:34
7343,Harry,Torres,M,39,Ethiopia,Addis Ababa,4:44:56
7344,Alexander,King,M,47,Ethiopia,Dire Dawa,2:58:40
7345,Abigail,Lopez,F,55,Singapore,Singapore,3:52:58
7346,Noah,Ramirez,M,49,Portugal,Faro,2:36:21
7347,Hugo,Clark,M,33,Argentina,La Plata,4:26:42
7348,Emily,Clark,F,61,United Arab Emirates,Dubai,4:20:49
7349,Robert,Garcia,M,44,Mexico,Monterrey,3:48:45
7350,Benjamin,Davis,M,44,Norway,Bergen,4:43:39
7351,Noah,Ferrari,M,52,Sweden,Uppsala,4:54:50
7352,Nikolai,Miller,M,62,South Korea,Daegu,5:24:42
7353,Santiago,Nguyen,M,24,China,Beijing,4:24:21
7354,Giovanni,Ivanov,M,34,Ukraine,Dnipro,4:10:54
7355,Luis,Romano,M,32,Finland,Espoo,3:02:19
7356,María,Nowak,F,60,Mexico,Puebla,2:11:22
7357,Laura,Petrov,F,28,South Korea,Seoul,4:38:14
7358,Jan,Kowalski,M,45,Romania,Constanta,3:24:07
7359,Oleg,Lewis,M,55,Switzerland,Basel,4:26:25
7360,Mia,Nowak,F,62,Argentina,Buenos Aires,2:38:02
7361,Sunita,Williams,F,26,Austria,Innsbruck,5:48:03
7362,Ava,Wiśniewski,F,60,Netherlands,Eindhoven,5:40:07
7363,Oleg,Harris,M,70,United States,New York,3:29:23
7364,Jakub,Sanchez,M,51,United Kingdom,Birmingham,2:45:39
7365,Emma,Rodriguez,F,20,Singapore,Singapore,4:05:37
7366,Evelyn,Lewis,F,23,Finland,Espoo,3:35:23
7367,George,Wiśniewski,M,45,China,Beijing,4:24:03
7368,Anna,Wright,F,42,Hungary,Pecs,3:38:00
7369,Ekaterina,Harris,F,38,South Korea,Seoul,5:25:36
7370,Isabella,Harris,F,27,South Africa,Johannesburg,2:55:32
7371,Chiara,Harris,F,35,South Africa,Cape Town,2:49:45
7372,Pedro,Williams,M,34,United Kingdom,London,3:28:05
7373,Olga,Kaczmarek,F,30,Australia,Melbourne,5:06:02
7374,Julia,Lewis,F,30,Romania,Cluj-Napoca,4:11:41
7375,Ava,Murphy,F,20,India,Delhi,3:20:11
7376,Sunita,Harris,F,42,Australia,Adelaide,5:41:17
7377,Olivia,Jones,F,23,France,Paris,3:23:47
7378,Henry,Jones,M,46,Hungary,Budapest,2:53:35
7379,Isabela,Thompson,F,24,Denmark,Copenhagen,3:54:51
7380,Hugo,Davis,M,23,Mexico,Monterrey,4:37:47
7381,Alexander,Ramirez,M,39,South Africa,Port Elizabeth,4:38:45
7382,Henry,Murphy,M,62,United Arab Emirates,Abu Dhabi,3:29:39
7383,Lucia,Wilson,F,50,Denmark,Aalborg,4:50:39
7384,Alexander,Murphy,M,56,Romania,Iasi,2:12:10
7385,Benjamin,Gomes,M,41,India,Delhi,5:53:53
7386,Mateo,Rodriguez,M,38,Italy,Naples,5:37:39
7387,Giovanni,Nowak,M,61,Brazil,Fortaleza,3:29:14
7388,Giovanni,Miller,M,34,Denmark,Odense,5:13:24
7389,Valentina,Kowalski,F,52,Mexico,Puebla,2:57:52
7390,Anna,Romano,F,22,Norway,Bergen,3:54:44
7391,David,Nowak,M,25,South Africa,Pretoria,3:49:22
7392,Jakub,Clark,M,66,Ukraine,Lviv,5:30:47
7393,Elijah,White,M,29,Czech Republic,Pilsen,5:09:38
7394,Jack,Murphy,M,65,Italy,Rome,2:47:04
7395,Robert,Martin,M,22,Czech Republic,Pilsen,5:29:19
7396,Julia,Kuznetsov,F,51,Japan,Tokyo,3:46:45
7397,James,Allen,M,32,Israel,Jerusalem,4:03:43
7398,John,Allen,M,53,Turkey,Izmir,2:20:02
7399,Harry,Scott,M,46,India,Hyderabad,4:49:34
7400,Hannah,Sanchez,F,18,Kenya,Mombasa,5:02:42
7401,Ava,Allen,F,20,Ukraine,Dnipro,5:56:32
7402,William,Kowalczyk,M,37,Sweden,Gothenburg,3:07:20
7403,Hannah,Smith,F,49,Norway,Stavanger,5:49:19
7404,Robert,Martin,M,43,Kenya,Nairobi,2:10:56
7405,Anna,Novak,F,27,Ukraine,Kyiv,2:18:09
7406,Camila,Taylor,F,45,United Kingdom,Edinburgh,3:04:17
7407,Harry,Brown,M,63,Argentina,Buenos Aires,5:18:43
7408,Giovanni,Allen,M,51,Italy,Milan,3:15:20
7409,Chiara,Ferrari,F,43,United Arab Emirates,Dubai,4:15:49
7410,Chiara,Thomas,F,67,Slovakia,Bratislava,2:51:11
7411,Hugo,Kowalski,M,32,Spain,Seville,3:46:23
7412,Lucas,Novak,M,49,Norway,Tromso,4:37:16
7413,Ekaterina,Jackson,F,37,Netherlands,Eindhoven,2:46:56
7414,Noah,Wright,M,49,India,Mumbai,5:58:52
7415,Laura,Lee,F,43,Switzerland,Geneva,5:50:30
7416,Marco,Murphy,M,29,Singapore,Singapore,4:13:07
7417,Harry,Wilson,M,38,Kenya,Kisumu,5:38:23
7418,Lorenzo,Martinez,M,52,Slovakia,Bratislava,2:21:46
7419,Alexander,Melo,M,26,Romania,Iasi,5:12:43
7420,Daria,Clark,F,60,Turkey,Istanbul,2:52:06
7421,Hannah,Oliveira,F,59,Portugal,Braga,5:49:40
7422,Nikolai,Ramirez,M,39,Austria,Salzburg,3:24:09
7423,Ekaterina,Costa,F,57,Czech Republic,Prague,5:00:31
7424,Arthur,King,M,26,Spain,Bilbao,5:49:13
7425,Alina,Moore,F,67,Italy,Bologna,2:33:09
7426,Ava,Smirnov,F,49,Denmark,Aarhus,5:42:09
7427,Robert,Taylor,M,69,Poland,Wroclaw,4:55:36
7428,Anna,Kowalski,F,29,Ukraine,Kyiv,2:53:41
7429,Katarzyna,Rossi,F,66,United Arab Emirates,Sharjah,5:56:18
7430,Olga,Lopez,F,37,South Korea,Incheon,5:28:35
7431,Luis,Silva,M,51,China,Beijing,5:41:23
7432,Jack,Santos,M,44,Romania,Constanta,4:45:07
7433,Oleg,Smirnov,M,18,Spain,Barcelona,5:06:08
7434,Piotr,Ramirez,M,18,Sweden,Stockholm,5:17:28
7435,James,Brown,M,23,Austria,Vienna,3:48:27
7436,David,Davis,M,65,Japan,Osaka,5:08:51
7437,Daniel,Jackson,M,32,Italy,Bologna,3:07:04
7438,James,Jackson,M,41,Sweden,Vasteras,4:43:11
7439,Nikolai,Lewis,M,57,Brazil,Sao Paulo,4:58:55
7440,Daniel,Lewis,M,26,Israel,Nazareth,2:52:25
7441,Maria,Martin,F,27,Kenya,Nakuru,3:20:19
7442,Nikolai,Lopez,M,51,Sweden,Malmo,5:30:21
7443,Lorenzo,Silva,M,47,Switzerland,Geneva,5:51:15
7444,Anna,Costa,F,53,Germany,Hamburg,2:57:04
7445,Laura,Silva,F,22,Sweden,Uppsala,4:32:30
7446,Ivan,Martinez,M,60,South Africa,Cape Town,2:58:18
7447,Oleg,Kowalski,M,40,Australia,Brisbane,2:43:29
7448,Ivan,Lopez,M,28,Austria,Vienna,2:34:58
7449,Arthur,Smirnov,M,29,Norway,Trondheim,4:43:55
7450,David,Brown,M,57,Turkey,Istanbul,3:47:18
7451,Jakub,Kowalczyk,M,67,Romania,Cluj-Napoca,3:30:01
7452,Maya,Taylor,F,55,Slovakia,Kosice,3:21:54
7453,Isabella,Wiśniewski,F,36,Australia,Sydney,5:55:28
7454,Hannah,Thompson,F,60,United States,Los Angeles,5:51:51
7455,Ivan,Wiśniewski,M,32,Sweden,Malmo,2:23:13
7456,Alexander,Miller,M,69,Kenya,Eldoret,3:33:17
7457,Thomas,Nguyen,M,42,Argentina,Buenos Aires,4:56:49
7458,Zuzanna,Kowalczyk,F,37,Slovakia,Zilina,3:25:23
7459,Mia,Nowak,F,58,Ethiopia,Dire Dawa,4:09:25
7460,Katarzyna,Clark,F,36,China,Shanghai,5:38:03
7461,Ingrid,Clark,F,23,United States,Boston,4:42:16
7462,Olivia,Murphy,F,50,Slovakia,Bratislava,2:41:58
7463,Liam,Lopez,M,34,Portugal,Lisbon,2:32:48
7464,Isabella,Robinson,F,65,Argentina,Mendoza,3:09:00
7465,William,Bianchi,M,46,India,Bangalore,5:42:47
7466,Emily,Clark,F,25,Italy,Milan,3:25:30
7467,Elijah,Scott,M,26,Ethiopia,Mekelle,3:53:00
7468,Kacper,Wilson,M,33,Spain,Barcelona,3:47:51
7469,Thomas,Gomes,M,29,Russia,Saint Petersburg,5:36:28
7470,James,Smirnov,M,22,China,Shanghai,2:50:05
7471,Michael,Lopez,M,57,Czech Republic,Prague,3:41:24
7472,Charlotte,Romano,F,41,Austria,Linz,2:27:26
7473,Katarzyna,Ivanov,F,19,Italy,Bologna,5:53:53
7474,Jakub,Santos,M,42,United Arab Emirates,Abu Dhabi,2:07:32
7475,Hugo,Harris,M,58,Finland,Oulu,3:12:08
7476,Arthur,Lopez,M,40,Ukraine,Lviv,4:24:31
7477,Mateo,Ivanov,M,55,China,Shanghai,2:54:15
7478,Ivan,Brown,M,54,Ethiopia,Mekelle,3:13:02
7479,Pedro,Williams,M,53,Spain,Seville,5:10:03
7480,Olga,Clark,F,44,Portugal,Porto,4:16:08
7481,Hannah,Davis,F,30,Finland,Tampere,5:03:51
7482,Emma,Hernandez,F,55,Mexico,Monterrey,3:49:09
7483,Abigail,Thomas,F,54,China,Guangzhou,4:53:18
7484,Robert,Perez,M,62,Russia,Saint Petersburg,2:18:54
7485,Julia,Thompson,F,25,China,Guangzhou,2:52:53
7486,Valentina,Nguyen,F,19,Ukraine,Dnipro,3:02:30
7487,Maria,Kowalczyk,F,57,Netherlands,The Hague,2:31:41
7488,Amelia,Rossi,F,64,Switzerland,Lausanne,2:09:03
7489,Megan,Jones,F,68,Australia,Adelaide,5:59:39
7490,María,Santos,F,57,Portugal,Coimbra,5:47:47
7491,Hannah,Gonzalez,F,38,Mexico,Monterrey,5:04:55
7492,Thomas,Torres,M,43,Norway,Trondheim,4:06:36
7493,Valentina,Smirnov,F,49,Brazil,Rio de Janeiro,3:35:47
7494,Ingrid,Kaczmarek,F,30,Turkey,Izmir,3:21:15
7495,Lucia,Murphy,F,66,Slovakia,Nitra,3:47:27
7496,Evelyn,Romano,F,25,Singapore,Singapore,4:49:58
7497,Liam,Thompson,M,43,Ukraine,Kharkiv,3:47:23
7498,Lucas,Oliveira,M,57,United Kingdom,Manchester,5:17:44
7499,Giulia,Martinez,F,20,Kenya,Mombasa,2:37:23
7500,John,Kowalski,M,51,United States,Chicago,3:44:14
7501,Benjamin,Smirnov,M,21,Switzerland,Zurich,2:31:59
7502,Elijah,Kaczmarek,M,38,Canada,Calgary,5:34:37
7503,Piotr,Thomas,M,51,Australia,Brisbane,5:34:30
7504,Evelyn,Melo,F,37,South Korea,Incheon,3:36:06
7505,Robert,Davis,M,36,Finland,Oulu,4:03:53
7506,John,Walker,M,20,Sweden,Stockholm,2:16:41
7507,Elijah,Jones,M,19,South Korea,Daejeon,4:21:11
7508,Alexander,Scott,M,38,South Africa,Pretoria,5:55:33
7509,Mia,Ramirez,F,49,Germany,Cologne,3:55:47
7510,James,Anderson,M,61,Czech Republic,Ostrava,2:07:02
7511,Lucas,Wright,M,25,Sweden,Vasteras,2:55:53
7512,Laura,Walker,F,69,United Kingdom,London,3:49:48
7513,Mateo,Murphy,M,40,China,Shanghai,4:45:27
7514,George,Young,M,39,Ethiopia,Dire Dawa,4:21:37
7515,Nikolai,Williams,M,45,Ukraine,Kyiv,5:30:23
7516,Ekaterina,Lewis,F,18,Czech Republic,Brno,3:56:14
7517,Charlotte,Lewis,F,39,United States,New York,3:47:11
7518,Laura,Gomes,F,25,Russia,Yekaterinburg,4:10:53
7519,María,Johnson,F,56,Singapore,Singapore,3:07:36
7520,Robert,Torres,M,24,Czech Republic,Brno,4:41:48
7521,Hugo,Harris,M,21,United Arab Emirates,Ajman,4:44:51
7522,Isabela,Lewis,F,24,Slovakia,Bratislava,4:30:21
7523,Alexander,Lopez,M,44,South Korea,Daejeon,5:34:02
7524,Emma,Young,F,45,Ethiopia,Dire Dawa,2:22:08
7525,Isabella,Brown,F,70,Portugal,Braga,5:29:03
7526,Henry,Bianchi,M,25,Germany,Frankfurt,3:37:15
7527,Magdalena,Miller,F,48,United States,Boston,3:27:05
7528,Julia,Kaczmarek,F,56,China,Guangzhou,4:12:14
7529,Hugo,Ferrari,M,69,Turkey,Antalya,3:21:23
7530,Daniel,Moore,M,55,Japan,Sapporo,5:00:45
7531,Alexander,Wiśniewski,M,69,United Arab Emirates,Abu Dhabi,5:57:14
7532,Emma,Petrov,F,20,Israel,Nazareth,5:33:19
7533,Hugo,Rodriguez,M,65,Japan,Osaka,5:39:28
7534,María,Martin,F,64,Singapore,Singapore,3:41:06
7535,Ekaterina,Ramirez,F,66,Slovakia,Zilina,3:09:22
7536,Giulia,Wright,F,68,Brazil,Rio de Janeiro,5:40:24
7537,Alexander,Murphy,M,41,Israel,Tel Aviv,3:32:45
7538,Marco,Kowalczyk,M,30,Japan,Tokyo,4:50:02
7539,Mateusz,Allen,M,68,Turkey,Istanbul,5:41:01
7540,Sara,Costa,F,55,South Africa,Port Elizabeth,3:14:45
7541,Chiara,Johnson,F,67,Norway,Bergen,5:40:09
7542,Ingrid,Young,F,40,Switzerland,Zurich,5:27:18
7543,Hugo,Kowalczyk,M,24,Singapore,Singapore,4:15:37
7544,Charlotte,Nowak,F,67,United States,San Francisco,4:45:57
7545,Sara,White,F,61,Germany,Berlin,2:18:11
7546,Camila,Scott,F,67,Argentina,Rosario,3:24:53
7547,Mia,Silva,F,59,South Africa,Pretoria,4:31:29
7548,Sunita,Hernandez,F,61,Romania,Iasi,2:41:15
7549,Marco,Murphy,M,58,Japan,Nagoya,3:06:19
7550,Liam,Kowalczyk,M,59,Sweden,Uppsala,5:47:46
7551,Yuki,Garcia,F,23,South Korea,Seoul,4:06:21
7552,Sara,Oliveira,F,23,Romania,Constanta,5:33:54
7553,Luis,Rodriguez,M,46,Mexico,Mexico City,4:11:41
7554,Harry,Thomas,M,27,Russia,Novosibirsk,3:57:19
7555,Julia,Allen,F,56,Australia,Sydney,5:02:08
7556,Oliver,Jones,M,58,Ethiopia,Dire Dawa,2:32:09
7557,Benjamin,Gonzalez,M,37,Denmark,Aalborg,4:52:33
7558,Santiago,Lee,M,54,Spain,Bilbao,4:03:41
7559,Jan,Kowalski,M,38,Finland,Vantaa,5:55:40
7560,Zuzanna,Bianchi,F,44,Romania,Constanta,3:52:34
7561,Ivan,Novak,M,45,Portugal,Porto,3:32:49
7562,Robert,Young,M,27,Portugal,Coimbra,4:53:52
7563,Giulia,Thomas,F,48,France,Bordeaux,4:47:25
7564,Piotr,Jones,M,64,Ethiopia,Gondar,5:12:42
7565,Nikolai,Clark,M,22,Slovakia,Zilina,3:06:21
7566,Ekaterina,Martin,F,53,Singapore,Singapore,3:37:20
7567,Ingrid,Thompson,F,24,Denmark,Aarhus,3:42:10
7568,Maria,Williams,F,62,Austria,Vienna,4:41:32
7569,Michael,Rodriguez,M,42,United States,Chicago,4:13:41
7570,Isabella,Davis,F,26,Ethiopia,Addis Ababa,5:25:30
7571,George,Hernandez,M,34,India,Delhi,2:25:15
7572,Mikhail,Gomes,M,69,Poland,Warsaw,5:34:18
7573,Lucas,Thompson,M,34,United States,Chicago,5:15:08
7574,Ingrid,Martinez,F,42,India,Hyderabad,4:37:41
7575,Jakub,Ferrari,M,26,Canada,Toronto,2:16:13
7576,Olivia,Ferrari,F,19,Czech Republic,Brno,5:18:24
7577,George,Torres,M,22,United Kingdom,Manchester,5:39:05
7578,Megan,King,F,35,Poland,Krakow,5:16:12
7579,Pedro,Thomas,M,48,Italy,Bologna,4:57:25
7580,Olivia,Johnson,F,60,South Korea,Daejeon,5:45:34
7581,Isabela,Martinez,F,22,Italy,Rome,3:55:33
7582,Ivan,Santos,M,32,South Korea,Daejeon,4:30:28
7583,María,Davis,F,52,Canada,Montreal,4:58:41
7584,Lucas,Novak,M,20,Finland,Oulu,3:30:26
7585,Olivia,Lee,F,34,South Korea,Daejeon,2:58:46
7586,George,Perez,M,45,South Africa,Pretoria,5:30:39
7587,Anna,Walker,F,28,Germany,Munich,3:50:38
7588,Emily,Wilson,F,20,Israel,Beer Sheva,3:40:44
7589,Lucia,Murphy,F,34,Portugal,Coimbra,5:44:24
7590,Lucia,Ramirez,F,62,Japan,Sapporo,3:59:36
7591,Noah,Thomas,M,47,Singapore,Singapore,3:14:55
7592,Marco,Lewis,M,22,South Africa,Cape Town,4:11:01
7593,Emily,Walker,F,46,Ukraine,Odesa,3:04:06
7594,Jan,Lewis,M,44,Israel,Jerusalem,3:37:59
7595,Luis,Lewis,M,50,Ethiopia,Dire Dawa,3:14:05
7596,Isabella,Jackson,F,59,Finland,Tampere,4:58:01
7597,Ivan,Costa,M,70,Russia,Yekaterinburg,3:43:02
7598,Maria,Popov,F,21,Sweden,Stockholm,3:41:11
7599,Michael,Brown,M,22,Poland,Gdansk,5:56:06
7600,Anna,Lee,F,60,Czech Republic,Olomouc,5:29:06
7601,Sofia,Kowalski,F,48,United States,San Francisco,3:43:36
7602,Emily,Jackson,F,32,Austria,Vienna,5:17:50
7603,Benjamin,Kowalski,M,61,United Kingdom,Birmingham,2:28:01
7604,Olivia,Lopez,F,54,Russia,Kazan,5:44:30
7605,Olga,Gonzalez,F,67,Italy,Naples,3:46:53
7606,Sunita,Lee,F,41,Germany,Cologne,5:43:26
7607,Jan,Gomes,M,21,Portugal,Porto,5:13:38
7608,Charlotte,Perez,F,59,United Arab Emirates,Ajman,4:38:49
7609,Benjamin,Moore,M,21,Slovakia,Presov,2:24:34
7610,Giovanni,Williams,M,52,Poland,Krakow,4:55:43
7611,Olga,Thomas,F,36,Denmark,Esbjerg,5:42:15
7612,Charlotte,Bianchi,F,18,Brazil,Sao Paulo,3:49:37
7613,Megan,Thompson,F,23,Ukraine,Kyiv,3:54:46
7614,Emily,Kuznetsov,F,54,Norway,Oslo,3:16:59
7615,Mikhail,Lewis,M,57,Mexico,Puebla,5:00:33
7616,John,Popov,M,47,Mexico,Mexico City,2:26:26
7617,Maria,Kowalczyk,F,51,Portugal,Coimbra,4:04:34
7618,Pedro,Oliveira,M,27,Kenya,Eldoret,4:29:19
7619,Giulia,Torres,F,58,Netherlands,Utrecht,3:42:30
7620,Megan,Thompson,F,60,Germany,Cologne,4:05:44
7621,Piotr,Smirnov,M,35,Ethiopia,Mekelle,3:41:49
7622,Daniel,Oliveira,M,54,Norway,Tromso,2:30:27
7623,Piotr,Walker,M,69,Spain,Madrid,4:06:56
7624,Arthur,Lee,M,66,Spain,Seville,2:17:36
7625,Katarzyna,Gonzalez,F,19,Slovakia,Kosice,3:19:23
7626,Maya,Martinez,F,35,Israel,Tel Aviv,2:23:47
7627,Daniel,Clark,M,20,Ethiopia,Addis Ababa,4:10:00
7628,Alina,Thompson,F,25,Poland,Poznan,2:19:49
7629,William,Lopez,M,46,United Kingdom,Manchester,3:15:42
7630,Michael,Costa,M,39,Poland,Gdansk,5:42:36
7631,María,Moore,F,37,Brazil,Rio de Janeiro,5:33:12
7632,Olga,Popov,F,26,Finland,Helsinki,4:31:46
7633,Ekaterina,Wilson,F,24,Finland,Espoo,5:48:58
7634,Giovanni,Ivanov,M,34,Romania,Constanta,5:26:11
7635,Anna,Petrov,F,52,Netherlands,The Hague,3:18:36
7636,Jakub,Gonzalez,M,59,Australia,Adelaide,5:02:44
7637,Daniel,Brown,M,51,Switzerland,Basel,4:54:26
7638,Oleg,Brown,M,26,Russia,Saint Petersburg,2:07:28
7639,Michael,Nowak,M,40,Italy,Bologna,2:55:56
7640,Hugo,Davis,M,52,Slovakia,Presov,2:29:15
7641,Maria,Thompson,F,45,Japan,Osaka,5:55:43
7642,Isabella,Ferrari,F,37,Finland,Espoo,5:38:21
7643,Olga,Kowalczyk,F,45,Ethiopia,Bahir Dar,4:59:27
7644,Oleg,Wilson,M,50,Canada,Toronto,2:53:51
7645,Marco,Bianchi,M,29,Denmark,Esbjerg,2:23:11
7646,Sara,Harris,F,45,Brazil,Fortaleza,5:07:28
7647,Amelia,Santos,F,38,Norway,Trondheim,5:47:07
7648,Mateo,Clark,M,46,Italy,Rome,5:53:41
7649,Giovanni,Torres,M,45,Italy,Rome,5:22:13
7650,Alina,Rossi,F,38,Turkey,Antalya,4:12:30
7651,Jakub,Hernandez,M,59,Turkey,Izmir,4:14:43
7652,Kacper,Hernandez,M,44,Ethiopia,Dire Dawa,2:50:05
7653,David,Popov,M,59,Portugal,Lisbon,4:43:26
7654,John,Kaczmarek,M,41,Spain,Madrid,3:48:36
7655,Sofia,Brown,F,68,Singapore,Singapore,3:55:42
7656,Ekaterina,Rossi,F,62,Italy,Turin,2:16:01
7657,Noah,Oliveira,M,64,Japan,Nagoya,3:51:00
7658,David,Harris,M,63,Romania,Timisoara,4:03:45
7659,Lucas,Ferrari,M,63,United Kingdom,Manchester,5:50:09
7660,María,Wiśniewski,F,66,United Arab Emirates,Ajman,4:59:48
7661,Thomas,Gonzalez,M,26,Turkey,Istanbul,2:43:45
7662,Hugo,Johnson,M,20,United Kingdom,London,3:34:33
7663,Magdalena,Romano,F,39,Ukraine,Lviv,5:01:30
7664,Lorenzo,Walker,M,34,Portugal,Lisbon,2:28:49
7665,Alexander,Miller,M,32,Netherlands,Amsterdam,3:50:45
7666,Laura,White,F,57,Poland,Poznan,3:32:25
7667,Emma,Nguyen,F,23,Austria,Vienna,2:32:13
7668,Jack,Ramirez,M,38,South Africa,Pretoria,4:41:22
7669,John,Thomas,M,57,Ukraine,Dnipro,2:33:01
7670,Anna,Taylor,F,30,Norway,Stavanger,5:33:50
7671,Daniel,Allen,M,26,Ukraine,Kyiv,5:28:52
7672,Kacper,King,M,31,Germany,Frankfurt,2:10:22
7673,Megan,Martinez,F,64,Turkey,Izmir,5:19:49
7674,Michael,Smirnov,M,54,Spain,Seville,2:45:55
7675,Ava,Lee,F,53,Turkey,Bursa,5:48:34
7676,Maya,Ivanov,F,49,Germany,Frankfurt,4:17:00
7677,Robert,Taylor,M,69,Norway,Stavanger,3:00:33
7678,Pedro,Sanchez,M,64,Germany,Cologne,4:37:57
7679,Charlotte,Wiśniewski,F,54,United Kingdom,London,4:52:04
7680,David,Martinez,M,32,Romania,Cluj-Napoca,3:22:39
7681,Oleg,Popov,M,59,Mexico,Mexico City,5:35:02
7682,Ivan,Allen,M,35,Germany,Hamburg,4:35:37
7683,Oleg,Smith,M,26,Austria,Graz,2:46:14
7684,Julia,Young,F,68,Germany,Hamburg,5:52:00
7685,Amelia,Santos,F,49,Australia,Sydney,5:56:02
7686,Pedro,Robinson,M,58,Japan,Sapporo,5:43:17
7687,Emily,Harris,F,62,Argentina,Buenos Aires,3:32:50
7688,Megan,Novak,F,20,Canada,Ottawa,3:51:57
7689,Anna,Anderson,F,42,Poland,Gdansk,3:43:23
7690,Abigail,Taylor,F,56,Ethiopia,Dire Dawa,5:10:13
7691,Magdalena,Jones,F,65,Israel,Tel Aviv,5:22:01
7692,Oliver,Jones,M,44,Russia,Yekaterinburg,4:04:36
7693,Mateo,Lopez,M,62,Japan,Sapporo,5:40:45
7694,Ingrid,Jones,F,30,Poland,Poznan,5:24:17
7695,Oleg,Walker,M,32,Czech Republic,Ostrava,2:51:54
7696,Thomas,Nowak,M,29,Slovakia,Zilina,2:32:39
7697,Laura,Melo,F,34,Kenya,Nakuru,2:19:35
7698,Hugo,Kowalczyk,M,60,Ukraine,Odesa,3:27:38
7699,Olivia,Jackson,F,55,South Africa,Port Elizabeth,2:52:25
7700,Noah,Torres,M,63,Turkey,Antalya,4:15:15
7701,Olivia,Perez,F,54,Norway,Tromso,3:17:13
7702,Emily,Torres,F,21,Ethiopia,Addis Ababa,4:48:34
7703,Lucas,Popov,M,40,South Africa,Johannesburg,4:39:32
7704,Abigail,Bianchi,F,66,Sweden,Malmo,5:37:56
7705,Nikolai,Ferrari,M,68,Slovakia,Bratislava,4:27:05
7706,James,Moore,M,55,Switzerland,Lausanne,2:25:48
7707,Charlotte,Taylor,F,65,Czech Republic,Pilsen,2:53:28
7708,Jan,Nguyen,M,65,Brazil,Sao Paulo,4:04:09
7709,Isabella,Anderson,F,38,Austria,Salzburg,4:34:35
7710,Marco,Jackson,M,69,India,Bangalore,3:56:22
7711,Laura,White,F,41,Finland,Oulu,2:07:18
7712,Sunita,Walker,F,59,Germany,Frankfurt,4:36:16
7713,Kacper,Kuznetsov,M,51,Finland,Tampere,3:34:55
7714,Ingrid,Bianchi,F,27,Netherlands,Eindhoven,4:08:39
7715,Anna,Petrov,F,21,Slovakia,Zilina,2:27:03
7716,John,Ramirez,M,18,South Africa,Cape Town,2:35:59
7717,Henry,White,M,25,Israel,Beer Sheva,3:38:47
7718,María,Harris,F,29,Portugal,Porto,5:15:46
7719,Liam,King,M,19,Sweden,Uppsala,5:35:09
7720,Isabela,Allen,F,69,Slovakia,Presov,3:53:51
7721,Zuzanna,Wiśniewski,F,52,Switzerland,Bern,3:11:59
7722,Lucas,White,M,36,Singapore,Singapore,2:31:58
7723,Elijah,Brown,M,33,Norway,Tromso,2:49:46
7724,Mia,Harris,F,31,Austria,Vienna,5:02:36
7725,Abigail,Rossi,F,18,Russia,Novosibirsk,3:48:00
7726,Piotr,Harris,M,32,Spain,Barcelona,2:05:54
7727,Noah,Lee,M,51,Czech Republic,Prague,5:05:09
7728,Lucas,Walker,M,56,Canada,Vancouver,3:07:14
7729,James,Costa,M,24,Czech Republic,Prague,5:13:43
7730,Laura,King,F,42,Austria,Innsbruck,5:26:05
7731,Alexander,Robinson,M,25,Poland,Warsaw,5:02:14
7732,Charlotte,Martinez,F,49,United Arab Emirates,Ras Al Khaimah,5:16:04
7733,Emily,Martinez,F,60,Austria,Vienna,2:41:31
7734,Isabela,Sanchez,F,33,Switzerland,Geneva,2:37:08
7735,Emily,Thompson,F,69,South Korea,Daegu,3:32:52
7736,Mikhail,Santos,M,50,Norway,Trondheim,5:08:10
7737,Santiago,Williams,M,45,Netherlands,Utrecht,3:48:14
7738,Jan,Lee,M,70,Netherlands,Rotterdam,5:56:49
7739,Giovanni,Perez,M,62,Finland,Vantaa,3:07:08
7740,Maria,Clark,F,69,China,Guangzhou,2:15:32
7741,Isabela,King,F,62,South Africa,Port Elizabeth,3:47:29
7742,Hugo,Rodriguez,M,27,Denmark,Aalborg,2:26:50
7743,Lucas,Costa,M,55,Russia,Novosibirsk,5:45:37
7744,Pedro,Allen,M,34,Germany,Frankfurt,2:43:25
7745,James,Lee,M,28,Austria,Vienna,4:59:24
7746,Liam,Scott,M,38,Finland,Vantaa,4:54:18
7747,Charlotte,Davis,F,69,Czech Republic,Olomouc,3:39:13
7748,Sunita,Kowalczyk,F,60,Finland,Oulu,5:31:05
7749,Marco,Melo,M,40,United Kingdom,Birmingham,3:38:52
7750,Mateo,Wright,M,48,Russia,Novosibirsk,2:08:07
7751,Camila,White,F,25,South Korea,Incheon,4:16:05
7752,Hugo,Martinez,M,18,United States,San Francisco,3:17:04
7753,Lucia,Young,F,33,India,Delhi,4:05:20
7754,Alexander,Perez,M,18,United Kingdom,London,4:05:22
7755,María,Novak,F,18,Finland,Oulu,5:37:23
7756,Michael,Silva,M,33,Mexico,Mexico City,4:28:19
7757,Luis,Torres,M,26,Switzerland,Bern,5:14:57
7758,Ekaterina,Santos,F,36,South Korea,Daejeon,2:54:09
7759,Anna,Sanchez,F,30,China,Chengdu,3:55:23
7760,Noah,Harris,M,27,Finland,Vantaa,3:12:53
7761,Lucas,Allen,M,28,Kenya,Kisumu,4:13:02
7762,Amelia,Smith,F,56,Sweden,Vasteras,2:41:09
7763,Amelia,Lopez,F,43,Ethiopia,Mekelle,2:06:44
7764,Noah,Romano,M,20,China,Chengdu,2:41:32
7765,Anna,Romano,F,40,Finland,Vantaa,2:52:45
7766,Daniel,Nowak,M,45,China,Chengdu,2:29:44
7767,Lorenzo,Kowalski,M,21,Italy,Rome,3:36:01
7768,Amelia,Melo,F,48,Poland,Gdansk,3:46:19
7769,Benjamin,Wright,M,35,Switzerland,Geneva,2:28:36
7770,Emma,Young,F,59,Romania,Timisoara,2:28:56
7771,Evelyn,Jones,F,42,United States,Los Angeles,5:46:05
7772,Daniel,Gomes,M,24,India,Delhi,3:52:47
7773,Harry,Lewis,M,57,Romania,Timisoara,4:11:25
7774,Nikolai,Lewis,M,30,United Arab Emirates,Dubai,2:08:43
7775,Jan,Murphy,M,59,Norway,Bergen,2:28:45
7776,Arthur,Taylor,M,36,Czech Republic,Ostrava,2:39:08
7777,Nikolai,Smirnov,M,18,Australia,Sydney,5:22:21
7778,Abigail,Kowalski,F,21,South Korea,Busan,5:02:58
7779,Isabella,Bianchi,F,49,China,Guangzhou,3:44:25
7780,William,Silva,M,43,Netherlands,The Hague,5:52:43
7781,Maria,Anderson,F,61,Netherlands,Rotterdam,3:27:57
7782,William,White,M,55,Austria,Linz,2:26:07
7783,Marco,Nguyen,M,35,Slovakia,Presov,3:01:36
7784,Hugo,Thomas,M,63,China,Shanghai,2:33:39
7785,Laura,Kowalski,F,52,Austria,Linz,4:40:44
7786,Julia,Jackson,F,67,Portugal,Braga,4:33:24
7787,Mateo,Martin,M,27,Argentina,Cordoba,2:49:26
7788,Alexander,Perez,M,28,China,Shenzhen,2:42:17
7789,Alexander,Gomes,M,67,France,Nice,5:10:03
7790,Lucas,Gomes,M,65,Romania,Iasi,2:50:51
7791,Isabella,Nowak,F,51,Argentina,Rosario,2:51:41
7792,Jan,Romano,M,45,Germany,Berlin,2:44:37
7793,Olivia,Gonzalez,F,54,China,Shanghai,3:48:15
7794,Anna,Rodriguez,F,47,Romania,Bucharest,2:56:48
7795,Chiara,Romano,F,19,Australia,Perth,2:34:06
7796,John,Scott,M,48,Singapore,Singapore,3:41:47
7797,Isabella,Jackson,F,29,Israel,Nazareth,4:17:07
7798,Yuki,Gomes,F,43,France,Bordeaux,2:19:56
7799,Sunita,Popov,F,27,Slovakia,Bratislava,5:23:35
7800,Amelia,Rodriguez,F,44,Portugal,Braga,2:53:20
7801,Sunita,Miller,F,66,Czech Republic,Brno,4:17:18
7802,George,White,M,44,Hungary,Pecs,5:47:08
7803,Carlos,Ramirez,M,21,Brazil,Sao Paulo,4:01:33
7804,Liam,Allen,M,28,Ukraine,Dnipro,4:19:37
7805,Maria,Ivanov,F,51,Japan,Nagoya,2:48:54
7806,Lucia,Novak,F,63,Switzerland,Lausanne,2:58:55
7807,Hugo,Scott,M,59,Norway,Tromso,3:29:45
7808,Carlos,Melo,M,66,Kenya,Nakuru,2:31:57
7809,Amelia,Costa,F,49,France,Nice,2:24:12
7810,Anna,Clark,F,44,Brazil,Sao Paulo,2:19:40
7811,Anna,Kaczmarek,F,51,South Korea,Daegu,4:51:47
7812,Marco,Wiśniewski,M,37,China,Shanghai,4:28:16
7813,Santiago,Gomes,M,36,Turkey,Istanbul,2:24:54
7814,Mikhail,Gomes,M,65,Czech Republic,Ostrava,5:43:37
7815,Olivia,Gomes,F,65,Netherlands,The Hague,3:39:49
7816,Giovanni,Robinson,M,39,India,Delhi,4:36:36
7817,Noah,Young,M,28,Hungary,Szeged,3:59:35
7818,Elijah,Popov,M,26,Mexico,Cancun,4:52:38
7819,John,Davis,M,65,France,Lyon,2:25:15
7820,Olivia,Williams,F,42,Ukraine,Kharkiv,5:56:50
7821,Nikolai,Martinez,M,46,Mexico,Puebla,5:26:36
7822,Daria,Harris,F,42,Australia,Sydney,3:33:21
7823,Carlos,Davis,M,61,South Africa,Cape Town,2:55:49
7824,Jakub,Ivanov,M,26,Czech Republic,Ostrava,3:42:13
7825,Thomas,Melo,M,54,Czech Republic,Prague,5:03:57
7826,Ingrid,White,F,70,Finland,Espoo,5:53:56
7827,Valentina,Jones,F,48,United Kingdom,Manchester,2:25:25
7828,Emily,Jones,F,35,Slovakia,Nitra,4:58:54
7829,Chiara,Martinez,F,70,Argentina,Mendoza,3:41:49
7830,Maria,Hernandez,F,58,Singapore,Singapore,5:00:42
7831,Ava,Nowak,F,60,India,Chennai,5:16:19
7832,Chiara,Jackson,F,57,South Africa,Cape Town,3:04:51
7833,Luis,Martin,M,20,Australia,Adelaide,5:01:44
7834,Thomas,Petrov,M,19,Ukraine,Kyiv,2:42:49
7835,Sunita,Melo,F,18,Romania,Bucharest,2:33:14
7836,Ingrid,Wiśniewski,F,35,United Arab Emirates,Sharjah,4:29:48
7837,Henry,Costa,M,22,Hungary,Pecs,5:50:32
7838,Ava,Martin,F,33,Argentina,Mendoza,3:44:14
7839,Ava,Kuznetsov,F,66,China,Guangzhou,5:54:16
7840,Megan,Kowalczyk,F,19,Australia,Melbourne,2:35:46
7841,Oleg,Novak,M,59,Slovakia,Kosice,5:29:27
7842,Arthur,Murphy,M,30,United States,San Francisco,5:34:46
7843,Charlotte,Garcia,F,41,Mexico,Monterrey,4:37:40
7844,Mateo,Martin,M,65,Netherlands,Utrecht,5:28:43
7845,Magdalena,Wilson,F,52,United Kingdom,Birmingham,4:17:42
7846,Henry,Silva,M,60,Finland,Oulu,4:04:53
7847,Yuki,Brown,F,20,South Africa,Durban,2:39:55
7848,Giulia,Lewis,F,61,Italy,Milan,3:44:56
7849,Mateo,Rossi,M,30,France,Bordeaux,2:05:20
7850,George,Robinson,M,37,South Africa,Port Elizabeth,5:42:59
7851,Ava,Sanchez,F,39,Romania,Constanta,4:09:40
7852,Amelia,Moore,F,61,Czech Republic,Prague,5:03:39
7853,Maya,Ferrari,F,40,Singapore,Singapore,5:33:31
7854,Olivia,Allen,F,37,Mexico,Mexico City,2:56:50
7855,Marco,Murphy,M,42,Turkey,Antalya,3:47:40
7856,Liam,Ramirez,M,65,Turkey,Izmir,3:38:38
7857,Isabella,Walker,F,52,China,Beijing,3:53:14
7858,Daniel,Jones,M,68,Japan,Kyoto,2:10:49
7859,Daria,Kowalczyk,F,49,Ukraine,Dnipro,4:22:29
7860,Emily,Kuznetsov,F,35,Singapore,Singapore,2:38:12
7861,Alexander,Williams,M,48,Finland,Espoo,4:28:21
7862,William,Jones,M,32,Turkey,Istanbul,5:24:22
7863,Jan,Bianchi,M,63,India,Hyderabad,2:52:05
7864,María,Wiśniewski,F,61,Turkey,Izmir,3:04:10
7865,Emily,Murphy,F,70,Australia,Brisbane,5:55:44
7866,Megan,Murphy,F,31,Norway,Oslo,3:16:35
7867,Valentina,Miller,F,36,France,Lyon,3:49:49
7868,Julia,Ferrari,F,20,France,Nice,4:47:27
7869,Daria,King,F,52,Brazil,Sao Paulo,2:09:57
7870,David,Robinson,M,38,France,Lyon,3:53:48
7871,Olga,Bianchi,F,19,Czech Republic,Prague,3:16:42
7872,William,Novak,M,47,United States,Los Angeles,2:39:27
7873,Michael,Miller,M,26,Italy,Naples,3:44:00
7874,Sofia,Garcia,F,37,Slovakia,Bratislava,4:50:56
7875,Nikolai,Ivanov,M,57,Czech Republic,Olomouc,5:59:05
7876,William,Miller,M,30,Mexico,Puebla,2:40:24
7877,Lucas,Lee,M,67,Netherlands,Amsterdam,5:43:35
7878,Giulia,Williams,F,37,Finland,Helsinki,5:58:01
7879,Valentina,Robinson,F,33,Romania,Constanta,3:32:35
7880,Piotr,Wiśniewski,M,69,India,Bangalore,3:38:25
7881,Oliver,Thompson,M,50,Singapore,Singapore,5:46:57
7882,Maria,Taylor,F,21,United Arab Emirates,Dubai,2:46:05
7883,Isabella,Oliveira,F,43,Australia,Perth,2:37:02
7884,Thomas,Jones,M,49,China,Shenzhen,3:25:37
7885,Sophia,Santos,F,22,Singapore,Singapore,2:33:25
7886,Ekaterina,Ferrari,F,22,Austria,Salzburg,4:59:19
7887,Harry,Ivanov,M,57,South Africa,Port Elizabeth,4:07:07
7888,Sunita,Torres,F,33,Denmark,Esbjerg,3:12:51
7889,Ingrid,Thompson,F,24,Kenya,Mombasa,2:32:58
7890,Daniel,Petrov,M,70,Slovakia,Nitra,4:04:27
7891,Ekaterina,Ferrari,F,63,Netherlands,Rotterdam,4:38:20
7892,Jan,Smith,M,65,Singapore,Singapore,4:18:23
7893,Ekaterina,Moore,F,61,Turkey,Izmir,2:42:54
7894,Anna,Nowak,F,54,Singapore,Singapore,3:57:58
7895,Noah,Torres,M,34,Portugal,Lisbon,5:57:24
7896,William,Bianchi,M,20,Japan,Tokyo,4:37:04
7897,Olivia,Lopez,F,35,Slovakia,Nitra,5:24:45
7898,Daria,Murphy,F,62,Poland,Wroclaw,3:25:08
7899,Sophia,Harris,F,45,Japan,Kyoto,5:59:00
7900,Mateusz,Lopez,M,67,Argentina,Cordoba,2:19:43
7901,Ava,Petrov,F,25,Norway,Tromso,2:10:29
7902,Mateo,Torres,M,21,Singapore,Singapore,4:11:37
7903,Liam,Martin,M,34,Portugal,Faro,2:55:32
7904,Arthur,Santos,M,62,Japan,Tokyo,2:13:29
7905,Santiago,Melo,M,58,Romania,Timisoara,2:33:41
7906,Sunita,Kaczmarek,F,53,South Africa,Port Elizabeth,3:08:26
7907,Chiara,Taylor,F,19,Slovakia,Presov,5:56:45
7908,Ingrid,Anderson,F,48,Italy,Naples,3:33:28
7909,Harry,Allen,M,66,Canada,Calgary,5:56:53
7910,Ivan,Martin,M,40,Slovakia,Bratislava,3:31:47
7911,Alina,Rodriguez,F,42,Turkey,Izmir,4:52:53
7912,David,Rossi,M,68,Russia,Novosibirsk,2:27:49
7913,Lucia,Ivanov,F,52,Denmark,Aalborg,4:24:46
7914,Luis,Lewis,M,41,Ukraine,Kyiv,3:01:14
7915,Valentina,Kowalczyk,F,62,Kenya,Nairobi,2:54:25
7916,Camila,Williams,F,25,Italy,Bologna,5:08:30
7917,Piotr,Martin,M,19,Ethiopia,Gondar,5:48:29
7918,Isabella,Oliveira,F,58,Russia,Novosibirsk,4:54:22
7919,Emily,Anderson,F,37,India,Chennai,2:42:27
7920,Lucas,Scott,M,57,Israel,Tel Aviv,2:07:27
7921,James,Hernandez,M,19,United Arab Emirates,Ajman,5:54:38
7922,Nikolai,Kuznetsov,M,70,Singapore,Singapore,3:39:04
7923,Sara,Martinez,F,19,Germany,Munich,3:58:48
7924,Harry,Jones,M,50,Germany,Hamburg,3:36:39
7925,Chiara,Kaczmarek,F,60,Switzerland,Geneva,2:58:54
7926,Maria,Kowalski,F,45,Slovakia,Zilina,4:55:25
7927,Chiara,Robinson,F,54,Australia,Adelaide,4:31:43
7928,Daria,Nguyen,F,34,Denmark,Aarhus,3:17:24
7929,Abigail,Lee,F,26,Ukraine,Dnipro,2:43:49
7930,Mateusz,Smith,M,42,Portugal,Lisbon,3:42:56
7931,Anna,Anderson,F,62,Switzerland,Basel,2:31:00
7932,Marco,Brown,M,21,Argentina,La Plata,2:08:59
7933,Lucia,Costa,F,48,Spain,Seville,2:35:07
7934,Daria,Gonzalez,F,55,Brazil,Fortaleza,2:13:13
7935,Giovanni,Lopez,M,24,Ukraine,Kharkiv,2:36:58
7936,Emily,Oliveira,F,25,Norway,Tromso,5:29:58
7937,Sophia,Davis,F,70,Hungary,Budapest,4:25:29
7938,María,King,F,65,Israel,Beer Sheva,2:38:41
7939,Anna,Ferrari,F,55,Singapore,Singapore,3:44:41
7940,Valentina,Jones,F,56,Japan,Kyoto,2:52:46
7941,Alina,Jackson,F,19,Japan,Kyoto,3:16:47
7942,Harry,Oliveira,M,30,Russia,Yekaterinburg,4:37:01
7943,Olivia,White,F,33,Israel,Beer Sheva,2:51:09
7944,Yuki,Ivanov,F,50,Poland,Poznan,3:28:08
7945,Luis,Anderson,M,49,Netherlands,Utrecht,2:55:14
7946,Liam,Oliveira,M,68,United Kingdom,Birmingham,3:07:11
7947,Marco,Hernandez,M,52,Switzerland,Zurich,2:42:19
7948,Jan,Silva,M,67,Ukraine,Kyiv,5:29:17
7949,Mikhail,Kowalski,M,20,United Kingdom,Manchester,5:07:47
7950,Santiago,Rodriguez,M,26,India,Mumbai,2:26:08
7951,Robert,Johnson,M,54,United States,Los Angeles,4:22:38
7952,Noah,Nguyen,M,61,South Africa,Johannesburg,5:53:16
7953,Mia,Wright,F,61,South Korea,Daejeon,4:41:22
7954,Santiago,White,M,33,Ukraine,Kharkiv,5:07:54
7955,Magdalena,Ivanov,F,32,France,Nice,4:25:14
7956,Chiara,Thompson,F,47,Hungary,Szeged,3:45:58
7957,Mateo,Kaczmarek,M,42,Turkey,Antalya,5:07:14
7958,Olga,Popov,F,19,India,Mumbai,5:19:54
7959,Marco,Ferrari,M,29,Finland,Espoo,3:25:39
7960,Laura,Ferrari,F,21,United Arab Emirates,Ras Al Khaimah,2:35:08
7961,Piotr,Melo,M,59,Brazil,Brasilia,5:43:02
7962,Emma,Smirnov,F,60,Poland,Krakow,3:13:30
7963,James,Kowalczyk,M,54,Canada,Toronto,3:51:58
7964,Abigail,Nowak,F,22,Netherlands,Utrecht,4:14:15
7965,Ingrid,Wiśniewski,F,55,South Africa,Durban,3:36:12
7966,Valentina,Gomes,F,18,South Korea,Daejeon,5:50:51
7967,Thomas,Petrov,M,69,Poland,Poznan,4:54:38
7968,Elijah,Romano,M,24,South Korea,Busan,3:43:32
7969,Carlos,Torres,M,38,United Kingdom,London,5:10:07
7970,Sophia,Ramirez,F,50,Australia,Adelaide,4:23:09
7971,Olga,Hernandez,F,56,United Kingdom,Glasgow,3:36:44
7972,María,Young,F,40,Romania,Constanta,4:25:13
7973,Olivia,Costa,F,59,Sweden,Malmo,2:11:21
7974,Lucia,Miller,F,35,South Korea,Daejeon,4:57:05
7975,Alexander,Popov,M,55,Italy,Naples,4:18:58
7976,Julia,Bianchi,F,23,Turkey,Ankara,3:40:11
7977,Magdalena,Nguyen,F,40,China,Guangzhou,4:27:51
7978,Harry,Rodriguez,M,42,Sweden,Vasteras,5:48:40
7979,Mateusz,Taylor,M,55,Australia,Adelaide,4:19:59
7980,David,Anderson,M,66,Switzerland,Geneva,3:59:15
7981,Laura,Santos,F,63,United Kingdom,Birmingham,2:24:43
7982,George,Martinez,M,60,France,Nice,3:33:31
7983,Maria,Nguyen,F,43,United Kingdom,Birmingham,3:37:45
7984,Anna,Young,F,51,Israel,Jerusalem,2:28:11
7985,Anna,Anderson,F,45,Spain,Bilbao,4:48:06
7986,Kacper,Thomas,M,26,Singapore,Singapore,4:04:46
7987,Laura,Johnson,F,41,Kenya,Kisumu,3:01:15
7988,James,Rodriguez,M,18,Austria,Innsbruck,3:40:13
7989,William,Ivanov,M,65,Norway,Oslo,2:59:19
7990,Jan,Murphy,M,63,Switzerland,Bern,5:32:49
7991,Sophia,Gonzalez,F,38,Denmark,Aarhus,5:53:37
7992,Arthur,Hernandez,M,50,Australia,Brisbane,5:57:30
7993,Lorenzo,Lee,M,61,China,Chengdu,4:59:48
7994,John,Wilson,M,63,Spain,Madrid,5:36:36
7995,Jack,Wiśniewski,M,18,Denmark,Esbjerg,5:26:55
7996,Lucas,Torres,M,46,Kenya,Nakuru,2:17:15
7997,Mateo,Kuznetsov,M,33,Brazil,Fortaleza,2:11:28
7998,Jan,Martinez,M,31,Japan,Osaka,5:15:39
7999,Jan,White,M,30,Hungary,Pecs,4:58:25
8000,Olivia,Scott,F,54,Austria,Linz,5:24:04
8001,Carlos,Smith,M,63,Singapore,Singapore,2:39:14
8002,Valentina,Thompson,F,27,Argentina,Cordoba,5:29:34
8003,Benjamin,Ramirez,M,35,Australia,Brisbane,2:22:29
8004,Lucas,Popov,M,25,Turkey,Bursa,5:53:36
8005,Henry,Allen,M,67,South Korea,Daegu,5:42:52
8006,Maya,Romano,F,67,Slovakia,Presov,3:33:23
8007,Lorenzo,Garcia,M,20,China,Beijing,2:23:52
8008,Elijah,Nguyen,M,25,Italy,Turin,5:40:27
8009,María,Harris,F,47,Denmark,Copenhagen,3:07:32
8010,Emma,Kuznetsov,F,56,Netherlands,Utrecht,2:15:08
8011,Mia,Clark,F,42,Kenya,Kisumu,3:45:26
8012,Emily,Kowalczyk,F,67,Japan,Tokyo,4:56:28
8013,Giulia,Novak,F,23,Denmark,Odense,4:12:29
8014,Sophia,Hernandez,F,55,Poland,Warsaw,4:56:40
8015,Isabella,Lewis,F,63,Turkey,Ankara,5:59:38
8016,Emma,Jackson,F,62,Poland,Wroclaw,3:39:26
8017,Daniel,Lopez,M,69,United States,Los Angeles,5:58:57
8018,Julia,Martinez,F,23,Sweden,Stockholm,2:20:04
8019,Noah,White,M,52,Singapore,Singapore,3:04:44
8020,Mateusz,King,M,18,China,Beijing,3:55:59
8021,Alexander,Wiśniewski,M,39,United Kingdom,London,3:30:31
8022,Mikhail,Brown,M,63,Poland,Wroclaw,2:53:19
8023,David,Kuznetsov,M,58,Czech Republic,Pilsen,5:24:33
8024,Yuki,Rossi,F,47,Kenya,Kisumu,3:31:47
8025,Maria,Novak,F,40,Spain,Bilbao,2:52:20
8026,Noah,Bianchi,M,59,Argentina,Mendoza,3:37:33
8027,Arthur,Wright,M,37,Netherlands,Utrecht,2:18:19
8028,Benjamin,Romano,M,63,Norway,Stavanger,2:41:37
8029,Jack,Kowalski,M,39,China,Beijing,3:47:21
8030,Harry,Scott,M,40,Denmark,Aarhus,5:28:25
8031,Isabella,Torres,F,64,Spain,Madrid,3:41:21
8032,Thomas,Santos,M,65,United Kingdom,Manchester,5:11:10
8033,Robert,Melo,M,65,Spain,Madrid,2:05:47
8034,Santiago,Davis,M,41,Ukraine,Kyiv,3:08:15
8035,Maya,White,F,26,Romania,Timisoara,5:35:37
8036,Charlotte,Costa,F,51,Netherlands,The Hague,2:11:29
8037,Camila,Kowalczyk,F,54,South Africa,Port Elizabeth,5:03:33
8038,Megan,Martin,F,30,Turkey,Ankara,2:44:15
8039,Henry,White,M,64,United Arab Emirates,Ajman,3:30:20
8040,Isabela,Martinez,F,21,Mexico,Mexico City,5:26:37
8041,Olga,Nguyen,F,51,Slovakia,Zilina,2:42:25
8042,Michael,Johnson,M,61,United Arab Emirates,Ajman,4:56:32
8043,Ekaterina,Popov,F,29,Argentina,Rosario,3:07:33
8044,Mateusz,Clark,M,44,Israel,Beer Sheva,2:14:08
8045,Olga,Lewis,F,29,Czech Republic,Brno,4:53:05
8046,Marco,Melo,M,41,United Arab Emirates,Dubai,3:09:59
8047,Kacper,Lewis,M,58,Netherlands,The Hague,4:29:22
8048,Mateusz,Rodriguez,M,66,Australia,Melbourne,2:40:31
8049,Noah,Jackson,M,28,Kenya,Nairobi,4:47:57
8050,Katarzyna,Popov,F,55,United Arab Emirates,Ras Al Khaimah,3:01:22
8051,Harry,Kuznetsov,M,36,Germany,Berlin,4:39:09
8052,Mateo,Clark,M,66,United States,Los Angeles,2:38:33
8053,Benjamin,Robinson,M,37,Finland,Tampere,2:05:41
8054,Elijah,Scott,M,50,Sweden,Uppsala,4:13:54
8055,Abigail,Thompson,F,23,Switzerland,Geneva,5:46:25
8056,Mikhail,Kowalski,M,20,United Kingdom,London,4:19:21
8057,Isabela,Rodriguez,F,60,Czech Republic,Pilsen,4:17:09
8058,Oliver,Moore,M,48,France,Paris,3:53:19
8059,Mateusz,Kuznetsov,M,20,Turkey,Istanbul,3:30:11
8060,Isabella,Moore,F,57,United States,Chicago,4:34:52
8061,Luis,Williams,M,35,Germany,Munich,4:55:51
8062,Magdalena,Silva,F,60,United Arab Emirates,Sharjah,2:41:58
8063,Anna,Wright,F,38,Norway,Trondheim,3:33:52
8064,Kacper,Petrov,M,70,Ukraine,Dnipro,2:29:58
8065,Daniel,Novak,M,70,Sweden,Gothenburg,5:36:48
8066,Laura,Ivanov,F,33,Canada,Montreal,3:04:01
8067,Ingrid,Smirnov,F,25,Israel,Tel Aviv,2:07:29
8068,Julia,Costa,F,61,South Africa,Johannesburg,2:52:09
8069,Carlos,Torres,M,28,Israel,Tel Aviv,5:23:04
8070,Sara,Davis,F,20,United Kingdom,Edinburgh,3:09:16
8071,Ava,Wilson,F,68,Ukraine,Kharkiv,4:01:51
8072,Zuzanna,Allen,F,48,Switzerland,Geneva,2:28:28
8073,María,Walker,F,46,Spain,Madrid,3:43:50
8074,Oliver,Walker,M,33,Singapore,Singapore,2:41:17
8075,Olivia,Robinson,F,52,Hungary,Szeged,5:53:08
8076,Sunita,Kuznetsov,F,39,Finland,Tampere,5:42:45
8077,Ava,Ferrari,F,42,United Arab Emirates,Dubai,4:17:50
8078,María,Nguyen,F,45,Israel,Beer Sheva,4:30:23
8079,Lucia,Torres,F,21,Kenya,Nakuru,4:47:12
8080,Zuzanna,Young,F,38,Germany,Hamburg,4:43:01
8081,James,Wilson,M,37,Brazil,Salvador,5:50:48
8082,Nikolai,Costa,M,32,Ethiopia,Mekelle,3:31:29
8083,Oleg,Gomes,M,54,Portugal,Porto,5:31:50
8084,Michael,Smith,M,36,France,Marseille,4:16:38
8085,Camila,Popov,F,28,Norway,Trondheim,2:11:35
8086,Isabella,Romano,F,66,Netherlands,Rotterdam,3:01:07
8087,Magdalena,Santos,F,45,Ukraine,Kharkiv,3:15:04
8088,Noah,Gonzalez,M,35,Mexico,Cancun,5:34:54
8089,Alexander,Costa,M,55,Norway,Tromso,2:33:06
8090,Olivia,Wilson,F,43,Portugal,Lisbon,5:01:18
8091,Hannah,Ferrari,F,68,Ethiopia,Gondar,3:12:51
8092,Zuzanna,Martin,F,63,Germany,Berlin,3:33:51
8093,Lucia,Murphy,F,59,Austria,Graz,2:07:46
8094,William,Kowalski,M,30,Australia,Perth,5:41:56
8095,Kacper,Walker,M,44,Israel,Nazareth,3:15:20
8096,Katarzyna,Garcia,F,32,Japan,Kyoto,2:35:18
8097,Jakub,Sanchez,M,44,Romania,Iasi,4:52:14
8098,Mateo,Popov,M,27,United States,San Francisco,3:33:09
8099,Jakub,White,M,31,Japan,Osaka,3:21:31
8100,Ekaterina,Nguyen,F,48,Kenya,Kisumu,4:59:33
8101,Megan,Thompson,F,50,Portugal,Lisbon,4:33:01
8102,Giulia,Kuznetsov,F,49,United Arab Emirates,Sharjah,5:53:58
8103,Hugo,Oliveira,M,18,South Korea,Seoul,4:36:53
8104,Lorenzo,Garcia,M,18,Ukraine,Odesa,3:20:35
8105,Benjamin,Garcia,M,23,Hungary,Miskolc,2:58:49
8106,Zuzanna,Young,F,53,Norway,Trondheim,2:54:24
8107,John,Bianchi,M,63,Mexico,Guadalajara,2:23:03
8108,Henry,Sanchez,M,64,Poland,Krakow,3:14:35
8109,Daniel,Harris,M,59,Brazil,Fortaleza,4:34:13
8110,George,Kuznetsov,M,27,Finland,Helsinki,4:39:41
8111,Jack,Jackson,M,22,Poland,Gdansk,2:38:04
8112,Pedro,Taylor,M,44,Turkey,Izmir,4:32:09
8113,Ekaterina,Kowalski,F,46,Italy,Rome,4:11:56
8114,Sara,Wiśniewski,F,26,Russia,Kazan,2:46:42
8115,Arthur,Oliveira,M,50,Romania,Bucharest,3:50:09
8116,Alina,Rodriguez,F,60,Netherlands,Amsterdam,3:58:30
8117,Alexander,Ramirez,M,61,Czech Republic,Prague,4:11:10
8118,Ekaterina,Gonzalez,F,33,South Korea,Busan,4:42:10
8119,Charlotte,Nowak,F,44,Austria,Vienna,4:25:07
8120,Giovanni,Petrov,M,59,Singapore,Singapore,2:31:58
8121,Valentina,Thompson,F,58,Ukraine,Kyiv,4:01:38
8122,Daria,Smith,F,69,Mexico,Cancun,5:57:24
8123,Santiago,Jones,M,65,Canada,Toronto,4:34:41
8124,Maria,Wilson,F,49,Norway,Stavanger,5:57:28
8125,Nikolai,Ivanov,M,58,Mexico,Guadalajara,4:16:24
8126,Sofia,Costa,F,36,Australia,Perth,3:19:04
8127,Laura,Murphy,F,68,Argentina,La Plata,4:20:06
8128,Ava,Smirnov,F,47,Russia,Yekaterinburg,4:48:05
8129,Laura,Johnson,F,55,Spain,Madrid,2:08:13
8130,Zuzanna,King,F,32,Japan,Tokyo,3:14:45
8131,Lorenzo,Romano,M,21,France,Bordeaux,4:26:58
8132,Sofia,Lopez,F,68,Sweden,Stockholm,4:43:08
8133,Ivan,Rossi,M,46,Singapore,Singapore,5:52:43
8134,Olga,Allen,F,53,Australia,Sydney,5:13:58
8135,Ava,Romano,F,41,South Korea,Seoul,2:19:26
8136,Elijah,Popov,M,56,Australia,Perth,4:41:57
8137,Ekaterina,Bianchi,F,30,Turkey,Ankara,3:09:35
8138,Thomas,Johnson,M,63,Netherlands,Utrecht,2:55:07
8139,Megan,Wilson,F,20,Kenya,Nakuru,4:55:19
8140,Jan,Oliveira,M,37,Brazil,Sao Paulo,4:12:10
8141,Ekaterina,Silva,F,34,Netherlands,The Hague,5:36:45
8142,Maria,Anderson,F,37,Netherlands,Rotterdam,2:37:59
8143,Henry,Silva,M,68,United Arab Emirates,Sharjah,3:12:06
8144,Lorenzo,Johnson,M,46,Germany,Hamburg,2:21:20
8145,Robert,Hernandez,M,70,France,Lyon,3:56:49
8146,Thomas,Kaczmarek,M,58,Denmark,Esbjerg,4:57:55
8147,Olivia,Torres,F,26,Spain,Barcelona,3:32:06
8148,Emily,Young,F,59,Finland,Tampere,2:48:08
8149,Maya,Silva,F,18,United Arab Emirates,Ajman,3:09:35
8150,Luis,Davis,M,33,Slovakia,Bratislava,2:09:03
8151,Lorenzo,Anderson,M,70,Czech Republic,Ostrava,2:06:45
8152,Anna,Perez,F,51,Netherlands,Eindhoven,2:39:59
8153,Mateo,Torres,M,57,Ukraine,Kharkiv,4:25:13
8154,Laura,Scott,F,67,Slovakia,Bratislava,4:30:36
8155,Kacper,Sanchez,M,58,Finland,Helsinki,5:21:19
8156,Hugo,Ferrari,M,26,Portugal,Braga,5:56:37
8157,Santiago,Lopez,M,36,United Arab Emirates,Ras Al Khaimah,3:16:20
8158,Emily,Jackson,F,52,Ukraine,Kyiv,2:24:48
8159,Megan,Martin,F,56,Mexico,Guadalajara,2:58:17
8160,Ekaterina,Nowak,F,43,United States,Boston,3:59:16
8161,María,Harris,F,65,South Africa,Cape Town,4:35:20
8162,María,Taylor,F,63,Argentina,Cordoba,5:58:01
8163,Katarzyna,Scott,F,60,Slovakia,Kosice,5:14:12
8164,George,Wiśniewski,M,28,Japan,Nagoya,3:51:37
8165,James,Lopez,M,41,Denmark,Aalborg,2:08:31
8166,William,Young,M,51,Denmark,Copenhagen,4:51:58
8167,Katarzyna,Rossi,F,66,Poland,Poznan,3:29:15
8168,Isabela,Silva,F,28,Canada,Vancouver,2:48:10
8169,Arthur,Ramirez,M,24,Slovakia,Zilina,4:06:40
8170,Sara,Nguyen,F,48,Spain,Barcelona,3:25:42
8171,Benjamin,Taylor,M,36,United Arab Emirates,Dubai,2:45:19
8172,Daria,Martin,F,58,Austria,Graz,5:21:31
8173,Thomas,Smith,M,59,Germany,Munich,3:22:35
8174,Hugo,Johnson,M,70,Germany,Hamburg,3:13:40
8175,Ingrid,Bianchi,F,21,Netherlands,The Hague,4:37:49
8176,Hugo,Gomes,M,65,Italy,Rome,5:48:04
8177,Isabella,Ramirez,F,55,Singapore,Singapore,4:11:08
8178,Isabela,Anderson,F,34,Ethiopia,Addis Ababa,3:24:09
8179,David,Martinez,M,58,Romania,Constanta,2:18:37
8180,Harry,Walker,M,18,United States,Boston,5:32:35
8181,Olivia,Jackson,F,34,India,Chennai,5:45:38
8182,Elijah,Kuznetsov,M,30,Singapore,Singapore,4:23:44
8183,Anna,Ferrari,F,50,Hungary,Budapest,4:48:29
8184,Harry,Lewis,M,22,Australia,Brisbane,3:37:51
8185,Piotr,Lee,M,21,Japan,Tokyo,2:33:01
8186,Lucia,King,F,70,South Africa,Johannesburg,5:23:09
8187,Sunita,Kuznetsov,F,36,Finland,Oulu,4:55:44
8188,Yuki,Smirnov,F,40,Italy,Turin,5:07:06
8189,Emily,Gonzalez,F,30,Czech Republic,Prague,5:03:22
8190,Piotr,Thompson,M,44,Finland,Vantaa,4:36:44
8191,Charlotte,Clark,F,28,Kenya,Eldoret,5:01:20
8192,Lucia,Davis,F,58,Ukraine,Kyiv,4:42:16
8193,Megan,Hernandez,F,52,United Kingdom,Manchester,5:45:30
8194,Hugo,Thompson,M,63,Hungary,Pecs,2:49:00
8195,Jan,Martin,M,68,Finland,Helsinki,5:27:55
8196,Pedro,Popov,M,54,Poland,Poznan,2:16:34
8197,Valentina,Gomes,F,60,Switzerland,Geneva,5:32:54
8198,Camila,Kaczmarek,F,48,Switzerland,Basel,4:16:55
8199,María,Perez,F,30,France,Lyon,4:04:02
8200,Alexander,Torres,M,32,Czech Republic,Olomouc,4:28:08
8201,Camila,Martin,F,67,Italy,Bologna,5:40:56
8202,Oliver,Hernandez,M,41,United Arab Emirates,Dubai,4:01:14
8203,Charlotte,Taylor,F,44,Italy,Rome,3:50:33
8204,Olivia,Nowak,F,49,Netherlands,Eindhoven,4:12:40
8205,Luis,Lopez,M,54,Singapore,Singapore,4:05:41
8206,Isabela,King,F,41,Turkey,Antalya,4:28:06
8207,David,Scott,M,18,Spain,Valencia,4:36:19
8208,Jakub,Thomas,M,61,Singapore,Singapore,5:09:01
8209,Olivia,Scott,F,59,China,Chengdu,2:14:12
8210,Alexander,Silva,M,47,Germany,Munich,3:13:27
8211,Ivan,Walker,M,39,Netherlands,Rotterdam,4:46:31
8212,Hugo,Kowalczyk,M,58,Spain,Seville,5:38:43
8213,Marco,Santos,M,55,United States,Boston,5:58:50
8214,Lucia,Kuznetsov,F,35,Australia,Brisbane,2:38:13
8215,Giulia,Kowalski,F,22,South Korea,Daejeon,2:24:54
8216,Mateo,Hernandez,M,40,Portugal,Braga,5:01:39
8217,Ivan,Taylor,M,66,Ethiopia,Addis Ababa,2:55:14
8218,Ava,Young,F,19,Denmark,Aarhus,5:55:47
8219,Elijah,White,M,21,Hungary,Debrecen,5:50:08
8220,Nikolai,Bianchi,M,48,Germany,Frankfurt,2:24:24
8221,William,Lee,M,69,South Korea,Seoul,4:20:44
8222,Noah,Kowalczyk,M,52,Denmark,Copenhagen,4:04:16
8223,Abigail,Smirnov,F,19,Israel,Tel Aviv,2:46:00
8224,Arthur,Davis,M,47,Portugal,Coimbra,3:22:10
8225,David,Kowalczyk,M,58,Australia,Adelaide,2:59:32
8226,Yuki,Garcia,F,56,Denmark,Copenhagen,4:37:15
8227,Emma,Lopez,F,22,Hungary,Pecs,3:48:59
8228,John,Popov,M,55,United Arab Emirates,Ajman,4:55:38
8229,Michael,Perez,M,21,Singapore,Singapore,2:12:21
8230,Marco,Young,M,35,South Africa,Pretoria,5:39:26
8231,Evelyn,Gomes,F,61,Brazil,Salvador,4:29:27
8232,Mia,Rodriguez,F,68,Mexico,Puebla,2:07:43
8233,Alexander,Martinez,M,19,India,Chennai,5:28:52
8234,Piotr,Davis,M,29,China,Chengdu,3:10:21
8235,Benjamin,Johnson,M,33,Turkey,Ankara,4:12:14
8236,Maya,White,F,66,Australia,Adelaide,2:23:55
8237,Zuzanna,Oliveira,F,22,Mexico,Mexico City,4:48:21
8238,Alexander,Williams,M,62,Turkey,Ankara,2:21:07
8239,Jack,Smith,M,31,United Arab Emirates,Sharjah,5:55:00
8240,Olivia,Ferrari,F,64,Netherlands,Rotterdam,3:15:50
8241,Thomas,Anderson,M,34,Netherlands,Amsterdam,2:40:25
8242,Jack,Novak,M,52,United Arab Emirates,Ras Al Khaimah,2:13:24
8243,Olga,Kowalczyk,F,48,Russia,Kazan,2:52:53
8244,Megan,Miller,F,61,Turkey,Istanbul,4:21:53
8245,Abigail,Clark,F,68,Finland,Tampere,5:01:44
8246,Ingrid,Martin,F,33,Finland,Espoo,2:27:13
8247,Daria,Young,F,64,Spain,Madrid,3:25:25
8248,Nikolai,Gonzalez,M,50,Austria,Innsbruck,4:19:03
8249,Sara,Torres,F,34,India,Chennai,3:21:41
8250,George,Martin,M,69,Brazil,Sao Paulo,2:56:08
8251,Giovanni,Ivanov,M,18,Poland,Gdansk,3:37:28
8252,Sara,Torres,F,45,Czech Republic,Pilsen,2:56:09
8253,Nikolai,Melo,M,18,Norway,Trondheim,3:53:06
8254,Isabella,Harris,F,39,Canada,Calgary,5:36:38
8255,Chiara,Smirnov,F,55,Kenya,Nakuru,5:38:58
8256,Hugo,Williams,M,30,Netherlands,Rotterdam,4:12:50
8257,Magdalena,Rossi,F,34,Netherlands,Eindhoven,2:10:30
8258,Giovanni,Lewis,M,58,Israel,Jerusalem,3:23:27
8259,Mateusz,Robinson,M,29,United Kingdom,Birmingham,4:44:18
8260,Hannah,Garcia,F,27,Argentina,Cordoba,5:42:16
8261,Piotr,White,M,66,Singapore,Singapore,2:15:34
8262,Maya,Rossi,F,22,Czech Republic,Brno,3:04:19
8263,Sofia,Romano,F,64,Switzerland,Zurich,5:55:38
8264,Nikolai,Thompson,M,24,Canada,Montreal,4:51:00
8265,Lucas,Anderson,M,67,Hungary,Debrecen,2:46:36
8266,Piotr,Ivanov,M,31,Sweden,Vasteras,3:07:00
8267,John,Nowak,M,43,Ukraine,Kharkiv,5:40:57
8268,Arthur,Romano,M,50,Switzerland,Geneva,2:06:42
8269,Luis,Gomes,M,34,Switzerland,Bern,3:40:00
8270,Isabella,White,F,26,Mexico,Mexico City,2:38:15
8271,Alexander,Santos,M,31,Romania,Iasi,3:47:17
8272,Abigail,Scott,F,36,Japan,Tokyo,4:03:19
8273,Sunita,Petrov,F,51,Hungary,Budapest,4:19:18
8274,Giovanni,Bianchi,M,62,Brazil,Rio de Janeiro,3:17:57
8275,Giulia,Perez,F,51,Portugal,Lisbon,3:01:21
8276,Alina,Scott,F,49,Denmark,Odense,3:51:08
8277,David,Wilson,M,47,Portugal,Coimbra,3:32:38
8278,George,Kowalczyk,M,60,Romania,Constanta,2:46:11
8279,Sunita,Harris,F,28,Italy,Turin,5:14:47
8280,Maya,Nowak,F,20,Turkey,Ankara,2:26:32
8281,Katarzyna,Miller,F,36,Sweden,Malmo,4:10:38
8282,Isabella,Harris,F,62,Italy,Bologna,4:53:31
8283,Robert,Ivanov,M,53,Czech Republic,Brno,4:06:20
8284,Olivia,Kowalczyk,F,33,South Korea,Daegu,4:32:52
8285,Anna,Martinez,F,38,Austria,Graz,2:29:22
8286,Luis,Petrov,M,57,Ethiopia,Addis Ababa,5:13:23
8287,Carlos,Sanchez,M,44,United Arab Emirates,Ras Al Khaimah,5:54:02
8288,Anna,Oliveira,F,60,Denmark,Aarhus,3:51:34
8289,Lucas,Romano,M,29,China,Beijing,2:52:25
8290,Liam,Wilson,M,29,Romania,Iasi,2:23:06
8291,Mikhail,Scott,M,40,Netherlands,Utrecht,5:16:01
8292,Pedro,Smirnov,M,29,Canada,Toronto,5:08:17
8293,Olivia,Kowalski,F,45,France,Marseille,4:40:03
8294,Megan,Perez,F,34,France,Nice,3:54:41
8295,Olga,Petrov,F,29,South Korea,Incheon,4:50:53
8296,Elijah,Scott,M,68,Russia,Moscow,5:30:35
8297,Liam,Young,M,48,Czech Republic,Pilsen,3:23:55
8298,Oleg,Jones,M,40,Germany,Berlin,3:40:27
8299,Noah,Popov,M,44,India,Hyderabad,5:55:58
8300,Arthur,Taylor,M,57,India,Hyderabad,3:58:54
8301,Thomas,Wright,M,67,Singapore,Singapore,5:49:25
8302,Ivan,Harris,M,61,Austria,Vienna,2:23:34
8303,Ava,Kuznetsov,F,68,Spain,Seville,3:47:25
8304,Isabela,Walker,F,47,Netherlands,Eindhoven,2:46:34
8305,Isabella,Williams,F,68,Spain,Valencia,5:17:36
8306,Magdalena,Lee,F,50,Japan,Nagoya,5:43:34
8307,Ekaterina,Wilson,F,60,Netherlands,Utrecht,5:06:16
8308,Abigail,Wright,F,42,Poland,Poznan,5:32:46
8309,Marco,Romano,M,48,United Kingdom,Edinburgh,4:36:40
8310,Lucas,Wiśniewski,M,66,Spain,Barcelona,3:12:47
8311,Thomas,Young,M,56,France,Paris,4:30:41
8312,Jakub,Smirnov,M,40,Canada,Vancouver,5:42:01
8313,Alexander,Nowak,M,59,South Korea,Daejeon,4:25:43
8314,Isabella,Thompson,F,69,Poland,Poznan,3:28:09
8315,Julia,Young,F,67,Hungary,Miskolc,4:26:06
8316,Thomas,Jackson,M,50,Czech Republic,Ostrava,2:38:34
8317,Harry,Silva,M,60,Canada,Montreal,3:10:19
8318,James,Lewis,M,31,Sweden,Gothenburg,3:25:39
8319,Olga,Gonzalez,F,32,India,Delhi,2:06:11
8320,Maya,Young,F,24,Finland,Espoo,4:18:10
8321,Giulia,Torres,F,18,China,Shenzhen,5:08:15
8322,Harry,Smith,M,51,Australia,Sydney,5:13:25
8323,Ivan,Oliveira,M,18,Slovakia,Zilina,4:14:16
8324,Daria,Davis,F,19,Romania,Constanta,5:40:07
8325,Yuki,Thompson,F,24,Ukraine,Lviv,5:32:31
8326,Sara,Santos,F,37,Hungary,Pecs,2:47:03
8327,Sara,Wilson,F,58,South Africa,Port Elizabeth,4:06:13
8328,Sofia,Jones,F,45,Romania,Iasi,3:47:59
8329,Emily,Lopez,F,55,Russia,Saint Petersburg,3:18:07
8330,Chiara,Thomas,F,55,India,Bangalore,2:24:17
8331,Maya,Walker,F,57,Australia,Adelaide,2:41:53
8332,Magdalena,Popov,F,26,Romania,Cluj-Napoca,3:19:26
8333,Ivan,Sanchez,M,32,Netherlands,Eindhoven,4:21:56
8334,Isabella,Oliveira,F,69,Norway,Oslo,3:59:37
8335,Magdalena,Wilson,F,38,United Arab Emirates,Dubai,4:57:24
8336,Lorenzo,Martinez,M,35,Ukraine,Dnipro,5:08:16
8337,Camila,Kowalczyk,F,39,Spain,Bilbao,5:06:32
8338,Alexander,Gonzalez,M,25,Mexico,Puebla,3:41:52
8339,Michael,Melo,M,63,Switzerland,Geneva,4:20:07
8340,Emily,Melo,F,26,Russia,Kazan,4:16:47
8341,María,Allen,F,21,Austria,Salzburg,4:55:48
8342,Lucas,Torres,M,65,Netherlands,Rotterdam,5:57:06
8343,Julia,Wilson,F,43,Mexico,Cancun,3:57:17
8344,Maria,Kaczmarek,F,59,Norway,Trondheim,3:48:43
8345,Benjamin,Jones,M,67,Australia,Brisbane,5:57:48
8346,Megan,Ivanov,F,49,India,Bangalore,4:01:39
8347,Hugo,Taylor,M,54,Denmark,Copenhagen,2:31:37
8348,Isabela,Wilson,F,65,Norway,Tromso,2:35:49
8349,Yuki,Young,F,57,Canada,Vancouver,2:55:19
8350,Oliver,Moore,M,62,China,Beijing,4:03:22
8351,Robert,Torres,M,34,Israel,Beer Sheva,5:18:13
8352,Giulia,Ferrari,F,32,Turkey,Bursa,2:31:46
8353,Mia,Lewis,F,38,United States,Chicago,2:15:37
8354,Marco,Robinson,M,43,South Africa,Johannesburg,3:39:03
8355,Kacper,Walker,M,57,France,Paris,4:51:17
8356,Charlotte,Romano,F,44,Brazil,Sao Paulo,5:17:00
8357,Isabella,Costa,F,53,Canada,Ottawa,5:51:29
8358,Ingrid,Hernandez,F,51,Singapore,Singapore,4:14:32
8359,Lucas,Smith,M,39,Czech Republic,Prague,5:21:47
8360,Piotr,Robinson,M,41,Spain,Seville,5:17:56
8361,Lucas,Bianchi,M,33,India,Hyderabad,4:52:02
8362,Yuki,King,F,46,Argentina,Cordoba,4:39:07
8363,Chiara,Smith,F,46,Spain,Seville,5:05:51
8364,Emma,Sanchez,F,24,Singapore,Singapore,2:57:24
8365,Isabella,Jackson,F,23,Ethiopia,Mekelle,5:42:49
8366,Megan,Jackson,F,69,Turkey,Antalya,3:59:57
8367,Lucia,Popov,F,38,China,Shenzhen,3:45:52
8368,Isabella,Scott,F,66,Slovakia,Zilina,5:34:30
8369,Ekaterina,Wright,F,35,Netherlands,Amsterdam,2:25:05
8370,Anna,Sanchez,F,47,Turkey,Antalya,4:05:11
8371,Benjamin,Kowalski,M,47,Spain,Valencia,5:02:12
8372,Giulia,Kuznetsov,F,27,China,Guangzhou,3:21:56
8373,Lucas,Thompson,M,45,Kenya,Mombasa,2:45:20
8374,Isabella,Kowalczyk,F,40,United Kingdom,Glasgow,5:35:53
8375,Lucas,Rodriguez,M,37,Canada,Montreal,5:36:15
8376,William,Harris,M,62,China,Shanghai,3:32:52
8377,Mateo,Smirnov,M,48,Netherlands,The Hague,5:34:52
8378,Sara,Allen,F,26,Singapore,Singapore,5:35:56
8379,Benjamin,Wilson,M,33,Finland,Vantaa,2:33:35
8380,Oleg,Walker,M,40,Brazil,Brasilia,5:04:57
8381,Hugo,Ramirez,M,43,Romania,Timisoara,3:10:05
8382,Kacper,Costa,M,67,United States,Boston,4:09:33
8383,Daria,Kowalski,F,62,Switzerland,Lausanne,5:49:20
8384,Lucia,Rossi,F,34,Singapore,Singapore,3:08:34
8385,Jack,Ivanov,M,31,Austria,Vienna,3:13:47
8386,Yuki,Brown,F,55,China,Shanghai,4:35:37
8387,Sara,Smirnov,F,55,Poland,Gdansk,2:26:57
8388,Lucas,Wilson,M,19,Turkey,Izmir,4:36:31
8389,Ivan,Novak,M,21,Turkey,Ankara,2:07:59
8390,Ava,Rossi,F,64,Ethiopia,Dire Dawa,3:31:56
8391,Noah,Davis,M,37,Israel,Haifa,4:37:00
8392,Alexander,Walker,M,31,United Arab Emirates,Ras Al Khaimah,3:49:40
8393,Alexander,Walker,M,53,Romania,Timisoara,2:28:38
8394,James,Harris,M,63,Italy,Naples,2:50:46
8395,Mikhail,Novak,M,60,Poland,Krakow,3:22:34
8396,Thomas,Jackson,M,66,Austria,Innsbruck,2:07:54
8397,Daria,Popov,F,58,Netherlands,Eindhoven,5:16:38
8398,Isabella,Ramirez,F,55,Spain,Valencia,5:44:21
8399,Jakub,Garcia,M,27,United Kingdom,Edinburgh,4:14:51
8400,Luis,Smirnov,M,57,Sweden,Malmo,5:41:29
8401,Sunita,Davis,F,44,Sweden,Stockholm,5:58:33
8402,Camila,Wilson,F,29,United Kingdom,Glasgow,3:11:56
8403,Piotr,Nowak,M,48,Ukraine,Dnipro,3:46:47
8404,Robert,Kowalczyk,M,45,Italy,Rome,3:52:42
8405,Lucas,Smith,M,40,Italy,Turin,3:18:01
8406,Lorenzo,Lewis,M,41,Brazil,Rio de Janeiro,2:33:42
8407,Daniel,Rossi,M,61,Spain,Barcelona,2:20:42
8408,Nikolai,Lewis,M,65,United Arab Emirates,Ras Al Khaimah,3:05:46
8409,Ingrid,Ramirez,F,48,United States,Boston,4:04:10
8410,Sara,Petrov,F,20,United Arab Emirates,Ajman,3:17:58
8411,Mia,Kuznetsov,F,22,Finland,Tampere,4:16:59
8412,Megan,Kuznetsov,F,57,Russia,Yekaterinburg,5:50:01
8413,Lucia,Moore,F,38,United States,San Francisco,5:31:27
8414,Abigail,Taylor,F,23,Austria,Linz,2:40:06
8415,Ava,Santos,F,39,Sweden,Malmo,5:34:32
8416,Piotr,Gomes,M,39,Romania,Constanta,2:20:47
8417,Lucia,Kuznetsov,F,44,Japan,Kyoto,5:14:24
8418,Ava,Melo,F,34,Poland,Warsaw,5:28:47
8419,Mia,Ramirez,F,24,Israel,Jerusalem,2:54:57
8420,Maria,Silva,F,25,Sweden,Uppsala,2:25:24
8421,Giovanni,Davis,M,44,Brazil,Rio de Janeiro,3:19:31
8422,Elijah,Clark,M,50,India,Delhi,2:56:30
8423,Isabella,Gomes,F,40,Romania,Iasi,3:43:25
8424,Camila,Martin,F,28,Kenya,Kisumu,4:58:10
8425,Robert,Martinez,M,49,Israel,Nazareth,3:25:24
8426,Ingrid,Silva,F,63,Japan,Nagoya,3:28:15
8427,Yuki,Silva,F,38,Germany,Munich,4:02:03
8428,Pedro,Popov,M,19,South Korea,Busan,3:44:32
8429,Sophia,Costa,F,23,Argentina,Rosario,3:06:03
8430,William,Kuznetsov,M,66,Romania,Cluj-Napoca,2:36:44
8431,Daniel,Miller,M,34,Mexico,Guadalajara,2:41:43
8432,Camila,Anderson,F,55,South Africa,Durban,3:33:29
8433,Piotr,White,M,28,United Kingdom,Manchester,3:28:33
8434,Chiara,Nowak,F,47,Denmark,Esbjerg,4:26:29
8435,Henry,Thomas,M,23,Australia,Brisbane,3:53:43
8436,Marco,Miller,M,62,United States,Boston,4:26:19
8437,Evelyn,Jones,F,41,Romania,Cluj-Napoca,5:49:30
8438,Anna,Harris,F,25,Slovakia,Nitra,3:57:47
8439,Henry,Anderson,M,26,Germany,Frankfurt,3:16:58
8440,Abigail,Gomes,F,20,Romania,Constanta,3:13:34
8441,Ekaterina,Kaczmarek,F,57,China,Shenzhen,2:12:43
8442,Camila,Robinson,F,59,United Arab Emirates,Ajman,2:46:57
8443,Robert,Novak,M,47,South Africa,Cape Town,4:20:10
8444,Jakub,Martin,M,49,United Arab Emirates,Ras Al Khaimah,2:55:58
8445,Jakub,Nguyen,M,19,Spain,Madrid,2:49:35
8446,Alexander,King,M,61,Russia,Yekaterinburg,5:45:41
8447,Pedro,Anderson,M,18,Portugal,Coimbra,5:22:50
8448,Alexander,Santos,M,49,United Arab Emirates,Abu Dhabi,5:56:03
8449,James,Bianchi,M,54,United Kingdom,Glasgow,3:34:39
8450,Megan,Silva,F,34,Finland,Oulu,3:41:36
8451,Laura,Smith,F,67,Netherlands,Amsterdam,4:07:44
8452,Santiago,Johnson,M,31,Canada,Montreal,4:17:07
8453,Zuzanna,Scott,F,60,Netherlands,Eindhoven,3:51:09
8454,Olivia,Silva,F,51,United Arab Emirates,Dubai,3:11:11
8455,Santiago,Novak,M,34,Kenya,Kisumu,2:46:28
8456,Thomas,Kowalczyk,M,34,Netherlands,Amsterdam,5:55:39
8457,Laura,White,F,55,France,Nice,3:43:13
8458,Sophia,Thomas,F,34,India,Chennai,2:37:00
8459,Anna,Nowak,F,43,Netherlands,Amsterdam,5:05:50
8460,Henry,Thompson,M,44,India,Mumbai,5:30:18
8461,Emily,Ramirez,F,50,Singapore,Singapore,3:15:46
8462,Santiago,Novak,M,51,Portugal,Faro,4:30:19
8463,Robert,Thomas,M,42,Slovakia,Zilina,4:03:28
8464,Isabella,Rossi,F,69,Israel,Beer Sheva,3:02:24
8465,Robert,Williams,M,34,Argentina,Cordoba,4:31:41
8466,Isabella,Moore,F,45,Denmark,Esbjerg,3:03:04
8467,John,Harris,M,43,Norway,Stavanger,3:18:17
8468,Sara,Wilson,F,45,Brazil,Brasilia,3:27:33
8469,Giovanni,Lewis,M,67,Spain,Valencia,5:24:57
8470,John,Melo,M,68,Singapore,Singapore,3:15:40
8471,María,Wright,F,21,Norway,Trondheim,4:38:52
8472,Valentina,Romano,F,30,Kenya,Mombasa,5:30:27
8473,Jakub,Nguyen,M,36,South Africa,Port Elizabeth,4:16:11
8474,Thomas,Nguyen,M,65,Sweden,Gothenburg,5:25:34
8475,Isabela,White,F,57,France,Bordeaux,2:54:29
8476,Yuki,Murphy,F,34,France,Lyon,3:05:17
8477,Olga,White,F,18,Ukraine,Lviv,3:18:27
8478,Daniel,Young,M,62,Singapore,Singapore,4:08:58
8479,Lucia,Garcia,F,46,Norway,Tromso,5:31:01
8480,Mateo,Anderson,M,38,China,Chengdu,2:37:52
8481,Abigail,Gonzalez,F,55,Japan,Tokyo,3:51:14
8482,Chiara,Silva,F,69,Israel,Nazareth,5:18:52
8483,Ava,King,F,42,Denmark,Copenhagen,4:28:50
8484,Nikolai,Smith,M,42,Russia,Saint Petersburg,4:58:15
8485,Mateusz,Wilson,M,20,Ukraine,Lviv,4:42:20
8486,Mia,Sanchez,F,31,Brazil,Sao Paulo,4:06:10
8487,Nikolai,Kaczmarek,M,43,United States,San Francisco,2:26:35
8488,George,Ramirez,M,50,Poland,Wroclaw,3:01:18
8489,Oliver,Torres,M,69,Russia,Novosibirsk,4:13:45
8490,Anna,Ivanov,F,42,Israel,Nazareth,5:49:50
8491,Luis,Petrov,M,48,China,Chengdu,4:31:14
8492,Yuki,Smith,F,40,Austria,Graz,3:37:21
8493,Carlos,Kuznetsov,M,66,China,Guangzhou,2:48:05
8494,Charlotte,Walker,F,61,United States,New York,5:02:16
8495,Luis,Hernandez,M,66,Norway,Trondheim,5:36:18
8496,Emily,Garcia,F,43,China,Shanghai,3:36:12
8497,Isabela,Thompson,F,33,Russia,Kazan,5:25:42
8498,Carlos,Jones,M,32,Netherlands,The Hague,4:35:42
8499,Alina,Romano,F,49,Singapore,Singapore,2:59:28
8500,Benjamin,Gomes,M,68,Japan,Nagoya,3:44:38
8501,Camila,Rossi,F,29,United Arab Emirates,Ras Al Khaimah,5:45:20
8502,Thomas,Murphy,M,67,Russia,Novosibirsk,4:00:25
8503,Emma,Costa,F,44,United Arab Emirates,Ras Al Khaimah,5:10:33
8504,Isabela,Costa,F,63,Slovakia,Presov,2:08:44
8505,Marco,Martinez,M,33,Norway,Bergen,2:09:15
8506,David,Gonzalez,M,41,Japan,Nagoya,4:19:57
8507,Charlotte,Miller,F,32,Norway,Trondheim,5:15:46
8508,Thomas,Wright,M,28,Slovakia,Kosice,3:08:01
8509,Sara,Hernandez,F,19,India,Chennai,4:33:46
8510,Camila,Oliveira,F,43,Romania,Bucharest,4:44:17
8511,Kacper,Allen,M,44,Hungary,Budapest,3:37:55
8512,Julia,Brown,F,56,Slovakia,Nitra,3:08:43
8513,Carlos,Anderson,M,34,China,Guangzhou,2:12:53
8514,James,Novak,M,37,China,Guangzhou,3:18:40
8515,Mateusz,Nowak,M,38,Poland,Wroclaw,3:50:52
8516,Yuki,Thompson,F,27,Romania,Cluj-Napoca,2:45:05
8517,Nikolai,Taylor,M,37,United Arab Emirates,Dubai,3:07:55
8518,Isabella,Young,F,40,Italy,Rome,5:09:45
8519,Daria,Harris,F,49,Norway,Stavanger,2:39:26
8520,Lucas,Gonzalez,M,34,Austria,Innsbruck,4:21:02
8521,Alina,Jones,F,53,Canada,Vancouver,4:42:39
8522,Elijah,Jackson,M,31,Finland,Vantaa,5:49:59
8523,Maya,Moore,F,51,Netherlands,Eindhoven,4:19:43
8524,Michael,Scott,M,70,Romania,Iasi,4:52:33
8525,Maria,Thomas,F,35,Netherlands,Rotterdam,2:51:09
8526,Daria,Young,F,40,Italy,Naples,4:26:43
8527,Jan,Petrov,M,49,Denmark,Aarhus,2:11:16
8528,Emma,Jones,F,44,Austria,Graz,4:04:52
8529,Anna,Wright,F,62,South Korea,Incheon,3:25:41
8530,Ekaterina,Gomes,F,62,Czech Republic,Pilsen,4:40:38
8531,Mia,Gonzalez,F,32,Sweden,Gothenburg,4:52:43
8532,Santiago,Novak,M,60,Hungary,Szeged,2:32:35
8533,Ivan,Santos,M,61,Poland,Gdansk,5:51:38
8534,Anna,Wilson,F,67,Romania,Cluj-Napoca,2:55:03
8535,Robert,Sanchez,M,47,Netherlands,Eindhoven,4:48:24
8536,Thomas,Thomas,M,26,Israel,Haifa,3:24:14
8537,Santiago,Brown,M,26,Germany,Munich,5:28:16
8538,Anna,Johnson,F,37,Norway,Tromso,5:03:33
8539,Oliver,Oliveira,M,45,Israel,Jerusalem,4:15:26
8540,Piotr,Hernandez,M,20,Portugal,Coimbra,5:25:36
8541,Lucas,Lee,M,43,Poland,Poznan,2:41:41
8542,Mikhail,Kaczmarek,M,61,Sweden,Gothenburg,4:06:54
8543,George,Miller,M,54,Japan,Nagoya,2:38:17
8544,Jakub,Williams,M,59,Ukraine,Dnipro,5:01:10
8545,Liam,Gonzalez,M,68,Portugal,Braga,5:20:13
8546,Evelyn,Romano,F,18,Brazil,Brasilia,3:06:12
8547,Emily,Ferrari,F,70,Austria,Salzburg,4:01:18
8548,Alexander,White,M,25,Japan,Osaka,2:55:48
8549,Oleg,Wright,M,49,Denmark,Copenhagen,4:18:51
8550,Chiara,Bianchi,F,64,Hungary,Debrecen,2:43:21
8551,Anna,Novak,F,42,Portugal,Braga,4:05:28
8552,Giovanni,Gomes,M,70,Spain,Bilbao,2:52:42
8553,Olivia,Robinson,F,65,Denmark,Copenhagen,3:01:41
8554,Olivia,Wilson,F,52,Turkey,Istanbul,2:12:49
8555,Maria,Rossi,F,68,Japan,Nagoya,2:41:28
8556,Alexander,Thompson,M,39,Switzerland,Lausanne,4:06:51
8557,Camila,Bianchi,F,41,South Korea,Busan,2:20:27
8558,Valentina,Garcia,F,36,Russia,Moscow,4:13:58
8559,Luis,Kaczmarek,M,21,Finland,Helsinki,4:04:55
8560,Camila,Santos,F,59,Austria,Vienna,4:03:53
8561,John,Petrov,M,61,Italy,Milan,4:42:17
8562,Sunita,Ramirez,F,45,Slovakia,Nitra,4:11:32
8563,Mateusz,Lee,M,55,Poland,Poznan,3:51:20
8564,Sunita,Johnson,F,19,Sweden,Malmo,4:24:28
8565,Anna,Petrov,F,51,Slovakia,Kosice,3:07:47
8566,Lucas,Smirnov,M,62,United Kingdom,London,5:16:49
8567,Mikhail,Nowak,M,42,Germany,Munich,3:04:32
8568,Lucia,Ramirez,F,21,Spain,Barcelona,2:34:37
8569,Hugo,Rossi,M,33,United Arab Emirates,Abu Dhabi,2:33:25
8570,Lorenzo,Lewis,M,49,Poland,Poznan,2:42:30
8571,Yuki,Sanchez,F,47,Switzerland,Bern,2:34:27
8572,James,Kowalczyk,M,62,United States,Boston,4:31:49
8573,Luis,Davis,M,23,Portugal,Coimbra,5:54:00
8574,Oliver,Harris,M,69,United States,Boston,5:12:44
8575,Pedro,Walker,M,19,Singapore,Singapore,4:57:16
8576,Charlotte,Thompson,F,62,South Africa,Durban,5:49:39
8577,Olivia,King,F,29,Italy,Rome,3:35:32
8578,Mateusz,Murphy,M,58,United Arab Emirates,Ras Al Khaimah,2:38:15
8579,Emma,Ivanov,F,62,Spain,Barcelona,4:31:05
8580,George,Lewis,M,35,Portugal,Porto,3:10:47
8581,Sunita,Sanchez,F,66,Switzerland,Bern,2:39:29
8582,Sara,Brown,F,69,Ukraine,Kharkiv,3:27:30
8583,Daria,Silva,F,41,Czech Republic,Ostrava,4:19:37
8584,Olivia,Taylor,F,23,Sweden,Stockholm,5:46:07
8585,Isabella,Gomes,F,59,United Kingdom,Birmingham,3:00:16
8586,Emily,Thomas,F,51,Germany,Frankfurt,3:55:54
8587,Isabella,White,F,33,Ukraine,Kyiv,2:54:31
8588,Kacper,Scott,M,58,Ukraine,Lviv,5:08:25
8589,Maya,Bianchi,F,28,India,Hyderabad,3:29:17
8590,Katarzyna,Garcia,F,55,Russia,Kazan,2:43:24
8591,Chiara,Silva,F,65,Finland,Vantaa,2:10:48
8592,Lorenzo,Davis,M,53,Kenya,Nairobi,3:44:02
8593,Katarzyna,Ferrari,F,60,United Kingdom,Manchester,4:24:34
8594,Giulia,Oliveira,F,57,India,Hyderabad,5:11:24
8595,Jack,Ferrari,M,50,Israel,Beer Sheva,3:51:06
8596,Giovanni,Murphy,M,19,South Korea,Incheon,5:30:51
8597,Emma,Santos,F,68,Turkey,Ankara,3:37:20
8598,Arthur,Ivanov,M,42,China,Chengdu,3:14:24
8599,John,Jackson,M,68,Norway,Bergen,3:01:24
8600,Jack,Williams,M,27,Ukraine,Kyiv,4:13:42
8601,Jack,Romano,M,31,Russia,Kazan,4:13:39
8602,Evelyn,Romano,F,44,Japan,Sapporo,4:45:20
8603,Zuzanna,Lewis,F,27,Denmark,Aarhus,3:10:03
8604,Amelia,Wilson,F,57,Russia,Saint Petersburg,3:34:42
8605,George,Santos,M,70,Poland,Krakow,2:45:27
8606,Maya,Young,F,37,United Kingdom,London,5:02:21
8607,Abigail,Johnson,F,67,Brazil,Brasilia,4:05:34
8608,Camila,Silva,F,28,Slovakia,Presov,5:11:10
8609,Alina,Nowak,F,43,Slovakia,Kosice,4:45:31
8610,William,Sanchez,M,21,Canada,Vancouver,5:14:59
8611,Katarzyna,Murphy,F,33,United States,Chicago,3:58:50
8612,Mikhail,Smith,M,31,Japan,Tokyo,5:59:31
8613,David,Clark,M,42,Denmark,Odense,2:41:53
8614,Magdalena,Wright,F,62,Switzerland,Geneva,4:37:17
8615,Olga,Gomes,F,58,Argentina,Mendoza,4:56:20
8616,Thomas,Kaczmarek,M,66,Kenya,Mombasa,2:52:59
8617,Laura,Young,F,45,Slovakia,Bratislava,3:44:20
8618,Ivan,Costa,M,33,Poland,Krakow,3:26:04
8619,Sofia,Ferrari,F,43,Denmark,Esbjerg,2:08:25
8620,Chiara,Sanchez,F,66,Spain,Bilbao,5:21:17
8621,Olga,Melo,F,69,Singapore,Singapore,3:08:22
8622,Mateusz,Ramirez,M,36,Ukraine,Dnipro,2:51:11
8623,Sofia,Harris,F,28,Sweden,Gothenburg,3:56:59
8624,Mikhail,Wiśniewski,M,32,Ukraine,Lviv,3:25:37
8625,Kacper,Thomas,M,63,Australia,Brisbane,3:41:11
8626,Daria,Melo,F,59,Netherlands,Eindhoven,5:04:42
8627,Camila,Oliveira,F,35,Sweden,Uppsala,3:39:56
8628,Camila,Thomas,F,46,Russia,Moscow,4:11:27
8629,Kacper,Kaczmarek,M,19,United Arab Emirates,Ras Al Khaimah,5:53:19
8630,Mikhail,Hernandez,M,59,Germany,Hamburg,3:33:47
8631,Mateusz,King,M,45,Portugal,Braga,3:50:59
8632,Anna,Walker,F,27,Spain,Bilbao,2:11:16
8633,Hugo,Silva,M,60,Argentina,Buenos Aires,3:05:56
8634,Hannah,Nguyen,F,54,Ethiopia,Mekelle,3:01:00
8635,James,Martin,M,25,Turkey,Antalya,4:42:30
8636,Lucia,Lee,F,19,Turkey,Antalya,3:41:51
8637,Luis,White,M,21,Sweden,Malmo,3:33:01
8638,Isabella,Harris,F,68,United Arab Emirates,Abu Dhabi,2:54:14
8639,Daria,Garcia,F,48,Japan,Tokyo,5:09:02
8640,Camila,Young,F,70,Czech Republic,Pilsen,3:03:54
8641,Amelia,Bianchi,F,18,Japan,Kyoto,2:45:33
8642,Anna,Smith,F,58,Romania,Bucharest,5:26:17
8643,Lucas,Novak,M,24,Spain,Seville,3:36:53
8644,Jan,Kaczmarek,M,33,Hungary,Szeged,2:50:52
8645,Isabella,Silva,F,26,Italy,Bologna,2:35:41
8646,Olga,Romano,F,41,Hungary,Budapest,2:18:42
8647,David,Smith,M,40,South Africa,Durban,4:11:17
8648,Lucas,Brown,M,67,Czech Republic,Pilsen,4:43:20
8649,William,Kowalczyk,M,59,Sweden,Malmo,3:20:01
8650,William,Martinez,M,56,Netherlands,Amsterdam,3:16:05
8651,Hannah,Nowak,F,24,Spain,Bilbao,4:58:13
8652,Evelyn,Lee,F,42,United Arab Emirates,Abu Dhabi,3:26:48
8653,Piotr,King,M,60,United Arab Emirates,Abu Dhabi,2:17:57
8654,Abigail,Costa,F,58,Israel,Jerusalem,5:08:06
8655,Jakub,Gomes,M,63,Denmark,Aalborg,5:04:30
8656,Lucas,Torres,M,39,India,Delhi,2:45:03
8657,Alexander,Kowalski,M,36,Germany,Cologne,3:40:22
8658,Daniel,Jackson,M,42,Singapore,Singapore,5:57:15
8659,Jan,Lopez,M,70,Brazil,Fortaleza,2:26:06
8660,Kacper,King,M,48,South Korea,Daegu,4:15:06
8661,Mateo,Nowak,M,21,Argentina,Mendoza,3:38:18
8662,Giovanni,Davis,M,69,Russia,Moscow,2:22:16
8663,Mia,Lewis,F,53,Portugal,Lisbon,2:49:27
8664,Lucia,Romano,F,27,Czech Republic,Prague,5:26:20
8665,Katarzyna,King,F,64,Denmark,Aalborg,4:26:53
8666,Jan,Harris,M,21,Czech Republic,Olomouc,3:59:18
8667,Abigail,Romano,F,30,China,Chengdu,4:18:10
8668,James,Costa,M,33,Denmark,Aarhus,4:43:12
8669,Amelia,Allen,F,62,Hungary,Budapest,5:06:38
8670,Hugo,Thompson,M,33,Mexico,Puebla,2:19:57
8671,Ekaterina,Perez,F,23,Mexico,Puebla,2:43:35
8672,Lucas,King,M,22,Sweden,Vasteras,5:05:13
8673,Anna,Thomas,F,53,France,Paris,3:20:51
8674,Robert,Smirnov,M,18,Japan,Osaka,4:56:31
8675,John,Martinez,M,28,Japan,Osaka,4:49:57
8676,Anna,Ramirez,F,65,Slovakia,Zilina,4:09:18
8677,Abigail,Santos,F,69,Mexico,Puebla,5:05:58
8678,James,Bianchi,M,42,Romania,Bucharest,5:33:16
8679,Daria,Jackson,F,43,Italy,Turin,4:31:06
8680,Mateusz,Miller,M,59,France,Nice,5:35:37
8681,Sofia,Clark,F,25,Japan,Osaka,4:52:56
8682,Michael,Rossi,M,57,Poland,Gdansk,5:51:28
8683,Sofia,Davis,F,20,Mexico,Mexico City,2:50:35
8684,Oleg,Moore,M,48,Slovakia,Zilina,3:04:56
8685,Olivia,Wright,F,66,South Korea,Busan,5:53:40
8686,Mia,Jones,F,49,Slovakia,Kosice,5:11:32
8687,Hannah,Scott,F,33,France,Marseille,2:16:05
8688,Sunita,Martinez,F,25,Brazil,Rio de Janeiro,2:43:23
8689,Oleg,Bianchi,M,52,Slovakia,Kosice,2:12:09
8690,Isabela,Smith,F,27,Switzerland,Geneva,4:05:41
8691,Evelyn,Sanchez,F,67,United Kingdom,Manchester,5:44:03
8692,Charlotte,Martinez,F,38,Finland,Helsinki,5:33:37
8693,Michael,Ivanov,M,66,Slovakia,Kosice,3:41:55
8694,Santiago,Costa,M,69,Germany,Berlin,5:31:52
8695,Jan,Moore,M,31,Austria,Salzburg,4:06:53
8696,Oliver,Rossi,M,27,Norway,Bergen,2:58:55
8697,Anna,Wright,F,21,Turkey,Bursa,2:45:31
8698,Ivan,Rossi,M,58,United Arab Emirates,Dubai,2:32:17
8699,Mateusz,Oliveira,M,68,Turkey,Ankara,2:35:15
8700,Robert,Lee,M,18,Denmark,Aarhus,5:10:41
8701,John,Lewis,M,29,United Kingdom,Manchester,2:55:09
8702,María,Thomas,F,68,Russia,Novosibirsk,2:21:31
8703,Carlos,Clark,M,45,Israel,Tel Aviv,3:55:54
8704,Oleg,Johnson,M,39,United States,New York,3:41:31
8705,Maya,Rossi,F,29,Finland,Vantaa,4:09:42
8706,Julia,Novak,F,69,Japan,Sapporo,5:00:26
8707,Chiara,Lewis,F,39,United States,Los Angeles,2:36:29
8708,Alina,Wiśniewski,F,42,India,Mumbai,4:01:17
8709,Sara,Martinez,F,52,Slovakia,Zilina,3:25:10
8710,David,Gonzalez,M,31,Germany,Munich,4:55:46
8711,Ingrid,Martinez,F,23,Canada,Calgary,4:27:04
8712,Ingrid,Ferrari,F,33,Argentina,Rosario,3:50:03
8713,Isabela,Popov,F,23,South Korea,Seoul,5:01:26
8714,Sofia,Ferrari,F,30,United Arab Emirates,Ajman,5:31:24
8715,Jakub,Torres,M,31,China,Shanghai,3:39:40
8716,Hannah,Walker,F,52,Russia,Moscow,3:11:47
8717,Sofia,Melo,F,36,Romania,Cluj-Napoca,4:02:54
8718,Ekaterina,Melo,F,67,India,Mumbai,5:44:38
8719,Alexander,Gomes,M,38,Mexico,Guadalajara,3:36:12
8720,Ivan,Walker,M,28,Germany,Frankfurt,3:09:46
8721,Sofia,Gonzalez,F,38,Austria,Graz,5:22:04
8722,Megan,Davis,F,64,Denmark,Aarhus,5:22:54
8723,George,Jones,M,52,United States,Chicago,4:18:25
8724,Daniel,Murphy,M,64,Norway,Bergen,4:27:31
8725,Lucas,White,M,30,Poland,Krakow,2:49:02
8726,Giulia,Bianchi,F,45,Sweden,Vasteras,2:22:49
8727,Lorenzo,Davis,M,68,United Kingdom,Manchester,2:05:10
8728,Jakub,Kowalczyk,M,49,Turkey,Ankara,2:09:31
8729,Arthur,Garcia,M,57,Netherlands,Utrecht,3:55:29
8730,Yuki,Costa,F,22,Canada,Ottawa,3:06:51
8731,Ivan,Kowalski,M,70,Kenya,Eldoret,2:08:00
8732,John,Rossi,M,38,Mexico,Monterrey,3:01:11
8733,Katarzyna,Santos,F,21,Ukraine,Kyiv,2:50:45
8734,Mateo,Anderson,M,37,Israel,Beer Sheva,2:34:07
8735,Thomas,Davis,M,25,Kenya,Kisumu,5:50:44
8736,Hugo,Costa,M,22,Poland,Warsaw,2:38:45
8737,Robert,Anderson,M,56,Hungary,Miskolc,3:12:28
8738,Henry,Harris,M,39,India,Chennai,2:59:35
8739,Giovanni,Wright,M,46,Brazil,Rio de Janeiro,2:35:27
8740,Benjamin,Costa,M,28,Portugal,Faro,2:32:59
8741,Kacper,Scott,M,33,Poland,Poznan,3:58:31
8742,Sara,Melo,F,20,Portugal,Braga,3:44:59
8743,Mia,Bianchi,F,49,Romania,Bucharest,5:20:58
8744,Oleg,Wilson,M,49,Hungary,Miskolc,4:23:10
8745,Kacper,Novak,M,36,Turkey,Bursa,5:09:47
8746,Anna,Smith,F,53,United Kingdom,London,3:35:12
8747,Oliver,Williams,M,39,India,Delhi,2:51:50
8748,Ekaterina,Romano,F,68,Japan,Osaka,2:51:18
8749,Sara,Ferrari,F,65,Ethiopia,Addis Ababa,3:47:47
8750,James,Santos,M,20,Spain,Madrid,5:34:41
8751,Daniel,Melo,M,63,South Korea,Daejeon,3:12:45
8752,Noah,Torres,M,60,Portugal,Braga,3:45:19
8753,Olga,Thompson,F,37,Italy,Bologna,3:22:23
8754,Emily,Smith,F,65,Romania,Cluj-Napoca,4:03:36
8755,Megan,Brown,F,54,Italy,Bologna,2:25:43
8756,Giulia,Martinez,F,55,Sweden,Vasteras,3:54:01
8757,Lucas,Garcia,M,36,Mexico,Cancun,5:06:05
8758,Olga,Smith,F,66,Singapore,Singapore,5:50:04
8759,Ingrid,Garcia,F,51,Poland,Gdansk,2:58:41
8760,Mikhail,Harris,M,33,Austria,Graz,4:56:48
8761,Yuki,Kuznetsov,F,64,Sweden,Gothenburg,2:49:30
8762,Mia,Wilson,F,65,Switzerland,Bern,2:15:25
8763,Michael,Lewis,M,66,Germany,Hamburg,4:43:51
8764,Julia,Oliveira,F,54,Spain,Barcelona,3:32:22
8765,María,Johnson,F,38,Japan,Sapporo,5:54:54
8766,Laura,Kuznetsov,F,60,Norway,Trondheim,5:43:56
8767,Charlotte,Novak,F,34,Switzerland,Bern,2:40:28
8768,Piotr,Anderson,M,49,Finland,Tampere,4:51:20
8769,Alina,Taylor,F,32,Australia,Brisbane,4:55:16
8770,Isabella,Williams,F,26,South Africa,Port Elizabeth,5:53:06
8771,Olivia,Martin,F,25,South Africa,Port Elizabeth,3:06:16
8772,Elijah,Smirnov,M,57,Czech Republic,Olomouc,4:15:39
8773,Maya,Lee,F,35,Germany,Hamburg,3:49:21
8774,Olivia,Scott,F,31,Portugal,Lisbon,2:29:57
8775,Magdalena,Thompson,F,62,Switzerland,Zurich,2:30:46
8776,Anna,Moore,F,39,Israel,Haifa,4:12:00
8777,Carlos,Thompson,M,23,Finland,Vantaa,5:02:40
8778,Maria,Young,F,22,United Kingdom,London,2:25:53
8779,Maya,Smirnov,F,36,Brazil,Sao Paulo,4:36:08
8780,Isabella,Smith,F,38,France,Marseille,4:30:34
8781,Abigail,Garcia,F,64,Netherlands,The Hague,3:15:41
8782,Julia,Perez,F,37,Romania,Cluj-Napoca,5:18:24
8783,Harry,Torres,M,61,Norway,Bergen,4:37:13
8784,Amelia,Robinson,F,30,Slovakia,Kosice,5:09:12
8785,Ivan,Ferrari,M,24,India,Delhi,4:18:24
8786,Alexander,Taylor,M,23,Sweden,Stockholm,5:23:23
8787,Chiara,Kowalczyk,F,52,Canada,Ottawa,2:31:59
8788,Mikhail,Smith,M,63,Kenya,Nakuru,2:11:12
8789,María,Kowalski,F,49,Finland,Tampere,5:13:06
8790,Megan,Thompson,F,29,Kenya,Nairobi,5:09:00
8791,Sunita,Thompson,F,32,Spain,Seville,3:56:31
8792,Jack,Robinson,M,70,Poland,Wroclaw,2:59:48
8793,Ivan,Novak,M,26,Norway,Trondheim,2:46:51
8794,Oleg,Nowak,M,22,Singapore,Singapore,2:50:17
8795,David,Melo,M,67,Portugal,Coimbra,5:43:11
8796,Valentina,Oliveira,F,55,Norway,Stavanger,2:11:36
8797,Sophia,Ramirez,F,58,Turkey,Izmir,2:20:45
8798,Megan,Bianchi,F,66,South Korea,Incheon,4:44:40
8799,Piotr,Torres,M,66,Finland,Helsinki,5:13:16
8800,Abigail,Smith,F,62,France,Bordeaux,4:45:36
8801,Sophia,Popov,F,50,Russia,Novosibirsk,3:46:46
8802,Thomas,Ivanov,M,27,Netherlands,Amsterdam,4:46:49
8803,Carlos,Gomes,M,68,Slovakia,Presov,5:53:10
8804,Yuki,Thomas,F,22,Finland,Vantaa,4:29:15
8805,Lorenzo,Nguyen,M,51,France,Paris,3:07:20
8806,Benjamin,Williams,M,39,Russia,Novosibirsk,2:41:18
8807,Carlos,Anderson,M,63,Australia,Perth,2:12:46
8808,Mia,Scott,F,41,Kenya,Eldoret,5:01:21
8809,Giulia,Sanchez,F,31,Finland,Tampere,4:47:59
8810,Henry,Clark,M,61,Canada,Toronto,5:12:55
8811,Noah,Rodriguez,M,22,Austria,Vienna,4:11:47
8812,James,Ramirez,M,38,Netherlands,The Hague,4:57:37
8813,Oleg,Rodriguez,M,38,Poland,Wroclaw,3:01:19
8814,Sofia,Rossi,F,42,Canada,Calgary,2:14:32
8815,Maria,Robinson,F,49,Finland,Espoo,3:37:19
8816,Nikolai,Lopez,M,26,India,Hyderabad,4:23:23
8817,Noah,Jones,M,59,South Africa,Cape Town,3:12:36
8818,Lorenzo,Kaczmarek,M,29,Czech Republic,Pilsen,4:55:39
8819,Laura,Kuznetsov,F,62,Spain,Bilbao,4:10:32
8820,Olivia,Romano,F,50,Brazil,Sao Paulo,4:09:51
8821,Marco,Murphy,M,38,Slovakia,Zilina,4:04:32
8822,James,Silva,M,24,United States,New York,4:19:48
8823,David,Romano,M,57,United States,Boston,3:52:52
8824,Olivia,Gomes,F,45,Turkey,Izmir,4:23:26
8825,Alina,Williams,F,42,Australia,Perth,5:06:57
8826,Michael,Hernandez,M,53,Austria,Innsbruck,2:53:04
8827,Nikolai,Silva,M,51,Ethiopia,Bahir Dar,4:46:11
8828,Chiara,Santos,F,63,Germany,Cologne,5:34:04
8829,Olivia,Popov,F,32,Hungary,Pecs,4:46:58
8830,Hugo,Costa,M,46,Denmark,Copenhagen,2:25:22
8831,Santiago,Wilson,M,25,Australia,Brisbane,5:17:22
8832,Santiago,Kuznetsov,M,18,Denmark,Copenhagen,5:23:39
8833,Lucas,Kaczmarek,M,33,Switzerland,Lausanne,3:45:42
8834,Hannah,Ivanov,F,42,Hungary,Szeged,4:29:52
8835,Megan,Novak,F,56,Switzerland,Basel,5:02:13
8836,Santiago,King,M,21,Netherlands,The Hague,2:08:35
8837,Alexander,Scott,M,37,Brazil,Sao Paulo,2:28:45
8838,Lucas,Gonzalez,M,46,India,Bangalore,5:41:46
8839,Henry,Nguyen,M,25,India,Delhi,4:04:36
8840,Valentina,Ramirez,F,31,South Africa,Cape Town,4:51:22
8841,Piotr,Ramirez,M,24,Hungary,Pecs,4:53:01
8842,Benjamin,Clark,M,36,Denmark,Aarhus,2:33:57
8843,Anna,White,F,42,Canada,Vancouver,5:03:48
8844,Olivia,Lee,F,41,Romania,Constanta,4:39:18
8845,Katarzyna,Kowalczyk,F,21,United Kingdom,Birmingham,4:30:59
8846,Olga,Jones,F,39,Switzerland,Zurich,4:54:25
8847,Lorenzo,Jones,M,19,Switzerland,Geneva,4:40:48
8848,Isabela,Perez,F,45,Russia,Moscow,4:52:43
8849,Katarzyna,Popov,F,67,Israel,Beer Sheva,5:07:09
8850,Oleg,Ramirez,M,56,Ukraine,Lviv,2:13:14
8851,Oliver,Santos,M,59,Romania,Timisoara,2:57:18
8852,Amelia,Anderson,F,64,South Korea,Incheon,4:18:17
8853,María,Lopez,F,68,Canada,Montreal,3:36:54
8854,Olga,Romano,F,66,Sweden,Malmo,5:16:25
8855,Amelia,Sanchez,F,49,Finland,Helsinki,2:45:19
8856,George,Gomes,M,35,Netherlands,Amsterdam,5:52:51
8857,Megan,Kowalski,F,43,China,Chengdu,2:25:26
8858,Olivia,Nowak,F,67,Kenya,Nakuru,5:42:58
8859,María,Robinson,F,31,Spain,Valencia,2:21:29
8860,Emily,Anderson,F,25,United Kingdom,Birmingham,3:53:20
8861,Oliver,Petrov,M,53,Czech Republic,Ostrava,2:54:56
8862,Piotr,Torres,M,31,Czech Republic,Ostrava,2:35:46
8863,Michael,Thompson,M,49,Spain,Madrid,3:12:06
8864,Oleg,Rodriguez,M,51,Denmark,Odense,5:02:59
8865,Laura,Martin,F,37,Finland,Oulu,5:10:46
8866,Kacper,Scott,M,20,Germany,Hamburg,4:14:49
8867,Elijah,Rossi,M,69,Germany,Hamburg,5:27:54
8868,Kacper,Brown,M,56,Italy,Turin,5:25:55
8869,Sofia,Kaczmarek,F,41,South Africa,Cape Town,3:08:32
8870,Olivia,Murphy,F,19,Norway,Trondheim,3:17:21
8871,Pedro,Allen,M,32,Canada,Ottawa,3:03:16
8872,Alexander,Torres,M,56,United Arab Emirates,Abu Dhabi,5:00:36
8873,Anna,Popov,F,29,Switzerland,Basel,4:51:38
8874,Maya,Perez,F,30,United Arab Emirates,Sharjah,4:19:27
8875,Emily,Rodriguez,F,68,Switzerland,Basel,4:03:53
8876,Elijah,Wright,M,43,Italy,Rome,4:17:31
8877,Oleg,Smirnov,M,20,Romania,Bucharest,4:09:01
8878,David,Lewis,M,50,Germany,Cologne,4:19:30
8879,Harry,Moore,M,63,Australia,Adelaide,2:33:26
8880,Ava,Oliveira,F,52,Czech Republic,Pilsen,3:45:17
8881,Oliver,Harris,M,41,Romania,Constanta,3:21:26
8882,Carlos,White,M,63,Canada,Montreal,3:29:10
8883,Megan,Johnson,F,41,India,Hyderabad,2:34:43
8884,Emma,Moore,F,56,Finland,Oulu,5:43:50
8885,Katarzyna,Jackson,F,70,Canada,Vancouver,4:53:48
8886,George,Young,M,21,Turkey,Istanbul,5:05:37
8887,Ekaterina,Moore,F,46,China,Beijing,3:42:14
8888,Henry,Nguyen,M,52,Romania,Iasi,4:27:12
8889,Mateusz,Davis,M,25,Spain,Valencia,5:08:51
8890,Daria,Wilson,F,56,Czech Republic,Pilsen,5:17:03
8891,Marco,Johnson,M,36,Norway,Oslo,2:34:40
8892,Kacper,Petrov,M,54,Sweden,Uppsala,4:43:34
8893,Luis,Brown,M,52,Ukraine,Kharkiv,3:33:03
8894,Thomas,Taylor,M,55,Spain,Seville,3:11:11
8895,Jack,Petrov,M,60,Australia,Brisbane,3:45:51
8896,Isabella,Hernandez,F,57,Austria,Vienna,2:52:47
8897,Ivan,Costa,M,67,Sweden,Vasteras,4:05:21
8898,Alexander,Clark,M,23,Romania,Constanta,2:06:58
8899,Lucas,Williams,M,20,Denmark,Odense,4:02:13
8900,Santiago,Scott,M,51,Slovakia,Bratislava,5:30:43
8901,Laura,Oliveira,F,34,Turkey,Ankara,2:22:50
8902,John,Jones,M,49,Austria,Vienna,5:38:59
8903,Benjamin,Murphy,M,69,France,Lyon,4:34:04
8904,Oleg,Robinson,M,22,Hungary,Pecs,2:43:04
8905,Giulia,Costa,F,27,United Kingdom,Manchester,2:35:19
8906,Alexander,King,M,51,Israel,Jerusalem,4:19:53
8907,Sofia,Moore,F,58,South Korea,Busan,3:30:07
8908,Hannah,Sanchez,F,40,Austria,Graz,5:17:03
8909,Mia,Gonzalez,F,25,Italy,Turin,2:38:06
8910,Isabella,Melo,F,34,Italy,Bologna,4:41:40
8911,Nikolai,Miller,M,34,Israel,Nazareth,5:02:08
8912,Oliver,Smirnov,M,56,Hungary,Miskolc,3:23:26
8913,Noah,Anderson,M,61,Brazil,Salvador,5:08:14
8914,Lorenzo,Ramirez,M,26,Netherlands,Eindhoven,3:29:01
8915,Laura,Kowalczyk,F,24,India,Delhi,4:02:44
8916,Jakub,Robinson,M,21,Sweden,Stockholm,5:16:45
8917,Alexander,Miller,M,41,Israel,Haifa,2:08:29
8918,Thomas,Jackson,M,69,Finland,Espoo,4:20:47
8919,Michael,Perez,M,57,Czech Republic,Pilsen,2:14:14
8920,Julia,Wiśniewski,F,30,Japan,Tokyo,2:49:48
8921,Sunita,Ferrari,F,61,Russia,Kazan,2:20:07
8922,Noah,Young,M,47,United Kingdom,Manchester,4:18:35
8923,Luis,Taylor,M,36,Turkey,Istanbul,3:45:03
8924,Liam,Johnson,M,61,Slovakia,Bratislava,4:30:59
8925,John,Perez,M,39,Austria,Linz,2:20:02
8926,Anna,Garcia,F,65,Kenya,Eldoret,3:39:33
8927,William,Oliveira,M,23,Israel,Haifa,4:18:32
8928,Thomas,Ramirez,M,26,Germany,Frankfurt,2:15:38
8929,Olga,King,F,27,India,Mumbai,2:48:28
8930,Arthur,Garcia,M,46,Argentina,Buenos Aires,2:29:29
8931,Ava,Johnson,F,22,Israel,Jerusalem,4:08:49
8932,Ingrid,Lewis,F,38,Singapore,Singapore,5:11:12
8933,Mia,Lewis,F,56,Hungary,Miskolc,2:46:26
8934,Oleg,Robinson,M,67,South Africa,Durban,4:26:18
8935,Marco,Petrov,M,44,Australia,Adelaide,5:56:25
8936,Ingrid,Petrov,F,62,Portugal,Porto,5:12:36
8937,Abigail,Clark,F,26,China,Chengdu,4:01:37
8938,Henry,Kowalski,M,70,France,Lyon,4:47:09
8939,Julia,Popov,F,45,Hungary,Debrecen,5:31:12
8940,Katarzyna,Lewis,F,41,South Korea,Busan,4:46:26
8941,Daria,Sanchez,F,53,Italy,Rome,2:37:47
8942,Ava,Kuznetsov,F,62,Brazil,Rio de Janeiro,3:56:23
8943,Carlos,Robinson,M,30,Japan,Nagoya,5:42:41
8944,Jack,Costa,M,50,Brazil,Brasilia,3:30:32
8945,Marco,Martin,M,61,South Africa,Cape Town,2:40:19
8946,William,Smith,M,63,Norway,Stavanger,4:24:42
8947,Anna,Petrov,F,35,Ethiopia,Dire Dawa,3:15:50
8948,Alexander,King,M,21,Norway,Oslo,3:58:47
8949,Piotr,Wilson,M,34,South Korea,Incheon,2:38:18
8950,Isabella,Kowalski,F,39,Romania,Iasi,5:08:40
8951,Maya,Popov,F,67,South Africa,Port Elizabeth,2:37:22
8952,Olga,Wright,F,31,Czech Republic,Brno,3:43:21
8953,Marco,Popov,M,66,Netherlands,Rotterdam,5:37:24
8954,Magdalena,Santos,F,54,Brazil,Sao Paulo,5:42:01
8955,Camila,Jackson,F,24,Norway,Oslo,2:10:04
8956,Noah,Perez,M,38,Romania,Iasi,3:55:57
8957,Magdalena,Bianchi,F,58,Switzerland,Zurich,3:50:33
8958,Ingrid,Miller,F,32,Brazil,Fortaleza,5:26:26
8959,Liam,Ivanov,M,67,Czech Republic,Pilsen,3:17:41
8960,Sunita,Thompson,F,47,South Korea,Seoul,5:07:34
8961,Sunita,Clark,F,48,Japan,Kyoto,4:42:13
8962,James,Gomes,M,18,Russia,Yekaterinburg,3:51:01
8963,Alexander,Romano,M,64,United Kingdom,Glasgow,3:13:27
8964,Olivia,Ramirez,F,44,Germany,Hamburg,5:45:28
8965,Kacper,Oliveira,M,19,Ethiopia,Dire Dawa,2:26:34
8966,Benjamin,Young,M,56,United States,San Francisco,5:19:59
8967,John,Santos,M,41,France,Paris,3:24:41
8968,Maya,Oliveira,F,49,Netherlands,Eindhoven,3:39:02
8969,Daria,Torres,F,42,Finland,Tampere,3:02:59
8970,Yuki,Garcia,F,55,Turkey,Ankara,2:20:44
8971,Jack,Davis,M,66,Finland,Vantaa,4:21:41
8972,Lucia,Johnson,F,30,Canada,Montreal,4:38:54
8973,Anna,Robinson,F,34,United Arab Emirates,Dubai,4:38:45
8974,Robert,Johnson,M,50,India,Chennai,2:16:52
8975,Sara,Ferrari,F,39,India,Chennai,2:17:40
8976,Elijah,Wiśniewski,M,55,Hungary,Budapest,5:10:03
8977,Hannah,Jones,F,32,Ethiopia,Mekelle,5:43:28
8978,Mikhail,Romano,M,49,South Korea,Daegu,3:44:30
8979,Olga,Rodriguez,F,24,Norway,Trondheim,2:19:30
8980,Chiara,Robinson,F,22,France,Nice,4:53:42
8981,Camila,Ferrari,F,53,Turkey,Antalya,3:10:24
8982,Mateo,Allen,M,65,Slovakia,Bratislava,4:20:29
8983,Daniel,Young,M,41,Finland,Espoo,5:07:23
8984,Amelia,Lopez,F,66,Israel,Haifa,4:50:34
8985,Luis,King,M,23,Norway,Trondheim,5:20:48
8986,Mateusz,Murphy,M,44,China,Beijing,3:16:56
8987,Chiara,Garcia,F,49,Finland,Oulu,4:42:19
8988,Oleg,Kowalski,M,49,Argentina,Rosario,4:47:09
8989,Piotr,Brown,M,40,Austria,Innsbruck,3:26:52
8990,Elijah,Williams,M,44,United Arab Emirates,Ajman,5:37:59
8991,Sofia,Jackson,F,27,Turkey,Izmir,4:44:27
8992,Chiara,Williams,F,33,Italy,Bologna,3:15:25
8993,Evelyn,Young,F,39,Kenya,Nairobi,2:53:05
8994,Oliver,Sanchez,M,56,United Arab Emirates,Ajman,4:53:32
8995,Elijah,Thomas,M,48,South Korea,Seoul,4:05:58
8996,Abigail,Martinez,F,55,Sweden,Gothenburg,4:16:13
8997,William,Nguyen,M,60,Argentina,Buenos Aires,2:06:08
8998,Santiago,Costa,M,21,Portugal,Porto,3:46:23
8999,John,Wilson,M,23,Romania,Bucharest,5:38:20
9000,Camila,Ivanov,F,33,Portugal,Porto,5:12:55
9001,Kacper,Popov,M,25,India,Hyderabad,4:08:52
9002,María,Wilson,F,55,Ukraine,Dnipro,2:23:31
9003,Daria,Allen,F,27,South Korea,Busan,4:15:29
9004,Giovanni,Brown,M,21,Sweden,Malmo,2:37:19
9005,Thomas,Ivanov,M,60,Romania,Timisoara,5:32:51
9006,Ekaterina,Ivanov,F,34,Sweden,Malmo,4:37:03
9007,Olivia,Rodriguez,F,20,Brazil,Rio de Janeiro,2:52:24
9008,Katarzyna,Johnson,F,33,Italy,Rome,2:15:10
9009,Alina,Ramirez,F,47,Ukraine,Kharkiv,5:50:02
9010,Abigail,Davis,F,20,Australia,Brisbane,2:50:30
9011,Lucas,Nguyen,M,30,Czech Republic,Brno,3:23:29
9012,Ekaterina,Smith,F,23,China,Guangzhou,3:26:44
9013,Ingrid,Martin,F,68,Ukraine,Kyiv,4:32:44
9014,David,Santos,M,31,Denmark,Odense,5:11:03
9015,Anna,Martin,F,20,Austria,Salzburg,5:27:50
9016,Anna,Martin,F,19,India,Chennai,4:23:57
9017,Carlos,Walker,M,33,Spain,Madrid,4:30:17
9018,Maya,Rossi,F,39,Israel,Beer Sheva,4:20:01
9019,Lucia,Williams,F,51,India,Delhi,5:48:07
9020,Henry,Williams,M,52,Italy,Turin,3:36:29
9021,Sophia,Martinez,F,54,Hungary,Debrecen,3:20:03
9022,Maria,Allen,F,54,China,Guangzhou,2:47:37
9023,Emily,Davis,F,63,United States,San Francisco,4:06:58
9024,Nikolai,Rodriguez,M,54,Ukraine,Kyiv,5:32:45
9025,Lorenzo,Robinson,M,36,France,Nice,3:01:27
9026,Oliver,Lee,M,44,South Africa,Cape Town,2:28:51
9027,Daria,Torres,F,44,China,Guangzhou,5:15:17
9028,Nikolai,Nowak,M,58,United Arab Emirates,Ras Al Khaimah,5:30:27
9029,Laura,Gonzalez,F,48,Italy,Turin,3:01:47
9030,Michael,Kaczmarek,M,64,Ethiopia,Addis Ababa,3:09:38
9031,Liam,Kowalski,M,22,Spain,Seville,3:17:53
9032,Anna,Brown,F,67,Australia,Melbourne,3:14:17
9033,Elijah,Petrov,M,52,China,Beijing,5:59:07
9034,Benjamin,Silva,M,61,China,Chengdu,5:58:42
9035,Anna,Sanchez,F,46,Hungary,Debrecen,4:26:45
9036,Lucas,Nguyen,M,19,South Africa,Pretoria,3:55:25
9037,Benjamin,Young,M,69,France,Marseille,2:52:10
9038,Olivia,Perez,F,57,Argentina,Rosario,3:20:35
9039,Emma,Smith,F,68,Portugal,Porto,3:48:22
9040,Jan,Torres,M,64,Netherlands,Eindhoven,2:14:32
9041,Julia,Clark,F,26,Singapore,Singapore,4:12:17
9042,Mateusz,White,M,59,Poland,Warsaw,5:13:11
9043,Hannah,Kowalczyk,F,48,Denmark,Aalborg,4:31:32
9044,Alexander,Kowalski,M,66,Slovakia,Zilina,5:52:47
9045,Yuki,Smirnov,F,21,Argentina,La Plata,5:20:45
9046,Isabela,Ivanov,F,35,Italy,Milan,5:38:45
9047,Lucia,Silva,F,41,Italy,Bologna,5:24:19
9048,Abigail,Popov,F,27,Netherlands,The Hague,4:44:31
9049,Oleg,Miller,M,26,Germany,Berlin,5:09:19
9050,Anna,Wilson,F,48,China,Shanghai,3:58:28
9051,Alina,Novak,F,27,Kenya,Nakuru,4:05:40
9052,Daria,Murphy,F,25,Sweden,Vasteras,3:03:41
9053,Giovanni,Torres,M,52,China,Chengdu,5:40:30
9054,Sophia,Petrov,F,55,Sweden,Malmo,5:24:23
9055,Noah,Ramirez,M,44,Argentina,Cordoba,5:08:13
9056,Valentina,Ferrari,F,43,India,Hyderabad,4:52:18
9057,Mikhail,Robinson,M,58,Slovakia,Kosice,4:43:01
9058,Oleg,Popov,M,23,South Korea,Incheon,5:04:37
9059,Mateusz,Melo,M,35,Brazil,Rio de Janeiro,2:20:37
9060,Lucas,Jackson,M,70,Ukraine,Odesa,2:09:27
9061,Abigail,Harris,F,55,United Arab Emirates,Ras Al Khaimah,5:17:57
9062,Anna,Murphy,F,57,United States,Chicago,5:02:37
9063,Maria,Melo,F,33,Sweden,Uppsala,4:25:48
9064,John,Walker,M,26,Austria,Innsbruck,2:17:50
9065,Luis,Kaczmarek,M,50,China,Chengdu,4:54:47
9066,Laura,Ramirez,F,70,Ukraine,Kyiv,3:59:18
9067,Chiara,Gomes,F,19,Austria,Salzburg,5:20:44
9068,Isabela,Smith,F,60,Ethiopia,Bahir Dar,2:50:53
9069,Lucas,Williams,M,54,United Kingdom,Glasgow,3:18:29
9070,Piotr,Kaczmarek,M,59,China,Chengdu,3:35:49
9071,Giulia,Martinez,F,54,Austria,Linz,4:44:01
9072,Liam,Romano,M,54,United States,Chicago,4:07:03
9073,Isabella,Jones,F,61,Norway,Stavanger,3:43:12
9074,Isabella,Ivanov,F,54,Australia,Melbourne,2:48:59
9075,Chiara,Smirnov,F,68,Mexico,Puebla,2:21:10
9076,Piotr,Bianchi,M,69,Finland,Vantaa,5:44:33
9077,Magdalena,Torres,F,56,France,Marseille,2:47:07
9078,Carlos,Lopez,M,40,Ukraine,Kyiv,3:15:31
9079,Liam,Miller,M,57,Sweden,Gothenburg,5:14:31
9080,Maria,Hernandez,F,63,Austria,Linz,3:04:55
9081,Oliver,Young,M,22,Italy,Naples,3:38:53
9082,Ava,Johnson,F,18,Ethiopia,Gondar,4:19:34
9083,Mikhail,Jones,M,51,Norway,Tromso,2:17:18
9084,Jakub,Jones,M,43,Australia,Melbourne,5:41:27
9085,Lucas,Petrov,M,54,Sweden,Uppsala,2:42:59
9086,Daniel,Silva,M,53,Ethiopia,Bahir Dar,3:30:12
9087,Valentina,Young,F,30,Ukraine,Dnipro,5:31:20
9088,Mateusz,Kowalski,M,67,Denmark,Odense,3:15:05
9089,Henry,Ramirez,M,39,United Kingdom,Manchester,3:33:54
9090,Jack,Lee,M,67,Ethiopia,Bahir Dar,2:44:10
9091,Alina,Romano,F,62,Slovakia,Zilina,5:09:54
9092,Julia,Robinson,F,60,United Arab Emirates,Ras Al Khaimah,4:33:50
9093,Santiago,Ramirez,M,42,Israel,Beer Sheva,5:44:20
9094,Ivan,Sanchez,M,59,South Korea,Seoul,5:50:28
9095,Anna,Allen,F,39,Canada,Montreal,3:39:21
9096,María,Smirnov,F,60,Poland,Warsaw,5:35:26
9097,Giovanni,Ferrari,M,52,France,Lyon,2:26:31
9098,Oliver,Murphy,M,52,Netherlands,Utrecht,5:26:12
9099,Kacper,King,M,35,Romania,Constanta,3:40:00
9100,Luis,Silva,M,29,South Korea,Seoul,2:34:09
9101,Isabella,Martin,F,30,Canada,Ottawa,5:11:00
9102,Daniel,Walker,M,64,Germany,Frankfurt,4:53:31
9103,Sunita,Clark,F,67,Denmark,Odense,4:53:28
9104,Daniel,Ivanov,M,63,Portugal,Lisbon,4:44:49
9105,María,Kaczmarek,F,28,Russia,Novosibirsk,5:20:30
9106,Mikhail,Bianchi,M,36,Italy,Naples,5:18:22
9107,Nikolai,Lee,M,22,Romania,Cluj-Napoca,2:11:00
9108,Santiago,Kuznetsov,M,25,Sweden,Vasteras,2:11:11
9109,Noah,Kowalczyk,M,28,Czech Republic,Olomouc,4:30:56
9110,Abigail,Wiśniewski,F,25,Slovakia,Zilina,5:15:09
9111,Sara,Kuznetsov,F,30,Portugal,Coimbra,2:56:59
9112,Megan,Smith,F,45,Kenya,Nairobi,4:37:12
9113,Anna,Martin,F,62,Singapore,Singapore,3:09:43
9114,Mateo,Miller,M,42,Switzerland,Geneva,5:07:24
9115,Julia,Ferrari,F,55,South Korea,Incheon,2:26:35
9116,Isabella,Petrov,F,21,Israel,Nazareth,4:17:01
9117,Hugo,Williams,M,35,Hungary,Budapest,3:32:49
9118,Mia,Garcia,F,24,Sweden,Stockholm,4:53:15
9119,Elijah,Thompson,M,48,Spain,Madrid,4:39:45
9120,Olga,Taylor,F,41,Poland,Poznan,3:56:29
9121,Oliver,Ramirez,M,44,Kenya,Eldoret,4:37:47
9122,William,King,M,28,Netherlands,Utrecht,2:21:45
9123,Katarzyna,Silva,F,25,Canada,Calgary,2:38:47
9124,Sunita,Young,F,49,Ethiopia,Dire Dawa,3:43:19
9125,Mia,Santos,F,52,Canada,Vancouver,2:57:52
9126,Noah,Bianchi,M,45,India,Delhi,3:07:28
9127,Sunita,Sanchez,F,63,Sweden,Stockholm,5:24:58
9128,Carlos,Miller,M,59,Japan,Nagoya,5:13:17
9129,Alexander,Thomas,M,60,Ethiopia,Gondar,3:12:19
9130,Liam,Moore,M,28,United Arab Emirates,Ras Al Khaimah,2:10:52
9131,Daniel,Walker,M,52,Italy,Bologna,4:20:45
9132,Chiara,Williams,F,60,United Arab Emirates,Dubai,3:13:14
9133,Ingrid,Lewis,F,24,China,Shanghai,3:03:47
9134,Lucas,Kowalski,M,66,Slovakia,Kosice,4:21:44
9135,Sara,Romano,F,36,Netherlands,Utrecht,4:22:37
9136,James,Williams,M,39,Israel,Nazareth,2:06:16
9137,Sara,Murphy,F,32,United Arab Emirates,Dubai,2:28:42
9138,Sophia,Nguyen,F,41,Austria,Graz,5:13:35
9139,Jan,Jones,M,20,Australia,Perth,4:10:36
9140,Benjamin,Young,M,25,India,Hyderabad,5:47:24
9141,Sara,Melo,F,20,Mexico,Cancun,5:56:44
9142,Thomas,Thomas,M,31,Kenya,Mombasa,4:34:20
9143,Abigail,Robinson,F,65,India,Mumbai,5:11:01
9144,Michael,Bianchi,M,62,China,Shanghai,2:47:08
9145,Luis,Santos,M,51,Portugal,Coimbra,3:57:01
9146,Jack,Clark,M,26,China,Beijing,3:45:07
9147,Lorenzo,Smirnov,M,38,Ukraine,Kharkiv,2:38:33
9148,Alexander,Kuznetsov,M,54,Argentina,Rosario,3:59:33
9149,Olga,Kuznetsov,F,28,Singapore,Singapore,4:52:12
9150,Benjamin,Oliveira,M,53,Russia,Moscow,3:44:18
9151,Laura,King,F,62,India,Delhi,2:45:35
9152,Katarzyna,Gonzalez,F,64,Denmark,Copenhagen,5:55:27
9153,Hannah,Perez,F,24,Singapore,Singapore,5:34:37
9154,Maria,Lee,F,22,Ethiopia,Addis Ababa,5:19:57
9155,Noah,Jackson,M,31,India,Bangalore,2:21:33
9156,Alexander,Gomes,M,30,Turkey,Ankara,2:58:09
9157,María,Sanchez,F,62,Romania,Iasi,4:02:24
9158,George,Rodriguez,M,65,Spain,Madrid,3:51:18
9159,Sophia,Romano,F,47,Denmark,Aalborg,5:50:01
9160,Anna,Wright,F,34,Netherlands,The Hague,3:19:51
9161,Noah,Perez,M,32,Mexico,Guadalajara,3:16:35
9162,Thomas,Martinez,M,25,Ethiopia,Dire Dawa,5:12:43
9163,Mia,Young,F,22,Mexico,Mexico City,4:26:22
9164,Noah,Lewis,M,68,Germany,Hamburg,3:51:10
9165,Chiara,Kowalski,F,19,Finland,Helsinki,4:18:36
9166,Elijah,Robinson,M,35,Argentina,Rosario,4:18:52
9167,Lorenzo,Oliveira,M,51,Canada,Vancouver,2:52:00
9168,Mikhail,Walker,M,68,Slovakia,Bratislava,4:11:38
9169,David,Ferrari,M,36,Slovakia,Presov,5:45:26
9170,Jakub,Gomes,M,37,Argentina,Mendoza,2:15:46
9171,Luis,Torres,M,53,Brazil,Rio de Janeiro,2:34:43
9172,Alina,Nowak,F,24,United States,Boston,3:28:42
9173,Michael,Young,M,40,Italy,Turin,5:15:53
9174,Giovanni,Perez,M,30,United Arab Emirates,Dubai,5:35:26
9175,Daria,Harris,F,63,Norway,Trondheim,3:10:33
9176,Isabella,Torres,F,21,Argentina,Rosario,3:18:50
9177,John,Martin,M,51,Canada,Calgary,2:29:08
9178,Thomas,Wilson,M,33,Singapore,Singapore,5:02:43
9179,Harry,Gonzalez,M,24,Canada,Ottawa,5:15:45
9180,Arthur,Perez,M,42,United Arab Emirates,Ajman,3:36:50
9181,Mia,Thomas,F,19,United Arab Emirates,Dubai,3:12:58
9182,Giulia,Nowak,F,54,Spain,Barcelona,2:43:43
9183,Liam,Bianchi,M,25,Argentina,Cordoba,2:29:49
9184,Ekaterina,Ramirez,F,29,Sweden,Gothenburg,4:57:30
9185,Carlos,Kowalczyk,M,70,Ukraine,Odesa,3:52:41
9186,Katarzyna,Ramirez,F,58,Romania,Iasi,2:58:41
9187,Michael,White,M,60,Czech Republic,Ostrava,2:40:10
9188,Daria,Romano,F,39,Netherlands,Utrecht,3:12:53
9189,Mikhail,Lopez,M,32,India,Chennai,4:54:01
9190,Mikhail,Brown,M,29,India,Chennai,3:32:41
9191,Liam,Martin,M,24,United Arab Emirates,Sharjah,3:30:06
9192,Henry,White,M,43,India,Delhi,5:09:46
9193,Megan,Anderson,F,35,Poland,Wroclaw,2:42:06
9194,Thomas,Williams,M,21,Israel,Beer Sheva,5:30:01
9195,Jack,Walker,M,57,United Arab Emirates,Abu Dhabi,4:26:56
9196,Ivan,Nguyen,M,58,Sweden,Uppsala,4:15:25
9197,Benjamin,Nguyen,M,67,Portugal,Braga,5:28:27
9198,Olivia,Costa,F,47,France,Nice,5:49:23
9199,Zuzanna,Smirnov,F,66,United Arab Emirates,Dubai,4:57:30
9200,Ingrid,Ivanov,F,28,Hungary,Szeged,4:53:08
9201,Daria,Silva,F,44,Argentina,La Plata,2:35:57
9202,Harry,Williams,M,58,Slovakia,Kosice,2:55:33
9203,John,Rodriguez,M,55,Sweden,Gothenburg,4:30:19
9204,Lucas,Smirnov,M,58,Denmark,Aarhus,3:23:15
9205,Anna,Johnson,F,45,South Korea,Daegu,2:36:25
9206,Harry,Kuznetsov,M,21,Switzerland,Zurich,2:17:39
9207,Maria,Ramirez,F,40,China,Shanghai,5:47:21
9208,Giulia,Wiśniewski,F,49,Turkey,Bursa,2:08:47
9209,Isabela,Johnson,F,51,Italy,Turin,5:21:58
9210,Mia,Ferrari,F,60,Russia,Novosibirsk,5:44:59
9211,Anna,Wilson,F,54,Poland,Poznan,2:58:07
9212,Evelyn,Nguyen,F,39,Israel,Tel Aviv,5:33:05
9213,Mikhail,Gonzalez,M,26,Kenya,Nairobi,2:37:14
9214,James,Wilson,M,40,Denmark,Aarhus,4:25:45
9215,Magdalena,White,F,42,Slovakia,Presov,5:56:47
9216,Elijah,Martinez,M,33,Sweden,Stockholm,3:43:43
9217,Giovanni,Hernandez,M,25,Israel,Haifa,4:37:54
9218,Olivia,Williams,F,48,Slovakia,Bratislava,4:12:49
9219,Ava,Johnson,F,41,South Korea,Daegu,3:09:19
9220,Evelyn,Sanchez,F,25,Hungary,Budapest,5:30:20
9221,Carlos,White,M,57,India,Delhi,5:25:49
9222,Julia,Rossi,F,40,Poland,Krakow,3:44:10
9223,Olga,Lee,F,21,Germany,Cologne,3:05:50
9224,Zuzanna,Costa,F,59,Italy,Bologna,2:13:12
9225,María,Melo,F,42,Finland,Oulu,5:16:14
9226,George,Kuznetsov,M,50,Denmark,Esbjerg,5:04:17
9227,Mia,Ivanov,F,58,United Arab Emirates,Ajman,3:50:45
9228,Daniel,Ferrari,M,49,Slovakia,Kosice,2:45:35
9229,Lorenzo,Kowalczyk,M,26,Hungary,Miskolc,5:35:28
9230,Santiago,Torres,M,50,Singapore,Singapore,2:23:21
9231,Jack,Smith,M,40,France,Bordeaux,2:21:02
9232,Sunita,Lee,F,70,Portugal,Coimbra,2:21:52
9233,Isabella,Murphy,F,52,South Africa,Johannesburg,5:45:03
9234,Marco,Petrov,M,66,United Kingdom,Edinburgh,2:15:18
9235,Alexander,White,M,25,United Arab Emirates,Sharjah,3:10:14
9236,Zuzanna,Sanchez,F,42,Finland,Tampere,3:25:48
9237,Isabella,Johnson,F,46,United Arab Emirates,Abu Dhabi,4:44:15
9238,Valentina,Nowak,F,58,Kenya,Mombasa,5:00:35
9239,Kacper,Allen,M,44,France,Nice,4:05:45
9240,Evelyn,Williams,F,60,Canada,Calgary,3:24:16
9241,Ava,Murphy,F,44,Austria,Graz,3:59:54
9242,Liam,Hernandez,M,69,Poland,Krakow,2:58:22
9243,Anna,Gonzalez,F,53,Portugal,Porto,5:55:14
9244,Olivia,Popov,F,44,Romania,Constanta,5:50:57
9245,Valentina,Nowak,F,25,Japan,Osaka,3:31:08
9246,Emily,Martinez,F,29,Brazil,Fortaleza,4:43:14
9247,Piotr,Kaczmarek,M,48,Slovakia,Presov,4:56:25
9248,Benjamin,Young,M,65,Denmark,Aarhus,2:21:07
9249,Luis,Young,M,49,United Kingdom,Birmingham,3:54:52
9250,Maria,Lewis,F,44,Turkey,Istanbul,4:33:11
9251,Megan,Scott,F,46,Denmark,Aarhus,3:12:13
9252,Olivia,Bianchi,F,48,India,Delhi,5:36:53
9253,Daniel,Nowak,M,41,Canada,Vancouver,4:05:53
9254,Michael,Brown,M,21,Denmark,Esbjerg,3:15:33
9255,Mia,Smirnov,F,21,Israel,Beer Sheva,5:00:16
9256,Ivan,Williams,M,25,Mexico,Cancun,3:46:43
9257,Emma,Rodriguez,F,36,Singapore,Singapore,3:35:33
9258,Carlos,Wiśniewski,M,69,Israel,Tel Aviv,4:00:11
9259,Alexander,Clark,M,56,Denmark,Esbjerg,2:19:15
9260,Sofia,Ivanov,F,46,Poland,Krakow,4:24:00
9261,George,Johnson,M,24,France,Nice,5:35:59
9262,Robert,Robinson,M,23,Germany,Cologne,5:45:25
9263,Laura,Gomes,F,55,Austria,Graz,2:37:14
9264,Olivia,Perez,F,54,India,Chennai,4:18:07
9265,Abigail,Popov,F,58,Slovakia,Presov,3:23:59
9266,Sara,Torres,F,42,Ukraine,Kharkiv,4:01:40
9267,Evelyn,Brown,F,55,China,Shanghai,5:21:07
9268,John,Smith,M,60,Singapore,Singapore,4:19:15
9269,Hannah,Kowalczyk,F,25,Norway,Bergen,5:59:40
9270,Giovanni,Hernandez,M,22,France,Nice,2:16:06
9271,Henry,Perez,M,37,United Arab Emirates,Sharjah,5:27:38
9272,Ekaterina,Novak,F,26,Italy,Rome,4:29:19
9273,Julia,Lee,F,66,Slovakia,Nitra,4:01:59
9274,Evelyn,Hernandez,F,31,Ethiopia,Bahir Dar,5:39:49
9275,Amelia,Harris,F,65,Finland,Tampere,3:51:36
9276,Hannah,Martinez,F,23,Russia,Yekaterinburg,2:59:37
9277,Robert,Kowalski,M,67,Germany,Frankfurt,2:31:09
9278,Julia,Smirnov,F,28,Romania,Constanta,2:55:19
9279,Alexander,Rodriguez,M,34,Brazil,Rio de Janeiro,2:30:17
9280,Isabela,King,F,24,South Korea,Daejeon,4:00:44
9281,John,Sanchez,M,24,Singapore,Singapore,2:30:15
9282,Julia,Wright,F,21,Romania,Constanta,3:18:44
9283,Sofia,Thomas,F,31,China,Shenzhen,3:32:22
9284,William,Williams,M,37,India,Chennai,4:06:46
9285,Lorenzo,Torres,M,39,Singapore,Singapore,4:44:03
9286,Noah,Kaczmarek,M,69,Japan,Osaka,5:29:30
9287,Amelia,Murphy,F,32,United Kingdom,Birmingham,4:19:55
9288,Emily,Ferrari,F,41,Japan,Osaka,4:55:48
9289,John,Torres,M,33,Canada,Calgary,4:44:03
9290,George,Brown,M,66,Ethiopia,Gondar,4:21:23
9291,Benjamin,Garcia,M,28,Turkey,Bursa,3:24:04
9292,Hannah,Anderson,F,63,United Arab Emirates,Ajman,2:13:17
9293,Camila,Lewis,F,37,India,Chennai,2:36:24
9294,Amelia,Ramirez,F,35,Spain,Bilbao,4:46:18
9295,Magdalena,Scott,F,45,Australia,Sydney,3:23:39
9296,John,Garcia,M,63,Italy,Turin,4:11:26
9297,Mia,Ferrari,F,66,South Africa,Johannesburg,3:07:47
9298,Thomas,Young,M,66,Finland,Oulu,3:56:04
9299,Thomas,Garcia,M,53,Argentina,Cordoba,2:47:31
9300,John,Santos,M,20,South Africa,Pretoria,5:35:43
9301,Isabela,Petrov,F,45,Japan,Nagoya,3:55:02
9302,Carlos,Gonzalez,M,18,Turkey,Ankara,5:39:56
9303,Ivan,Williams,M,27,Switzerland,Bern,5:40:10
9304,Alexander,Young,M,40,Sweden,Gothenburg,2:31:10
9305,Ingrid,Lewis,F,44,Australia,Perth,2:24:00
9306,Abigail,Oliveira,F,54,Norway,Tromso,5:50:38
9307,Chiara,Harris,F,41,Singapore,Singapore,4:25:14
9308,Isabella,Kaczmarek,F,26,United Kingdom,Glasgow,3:39:08
9309,Megan,White,F,62,China,Shanghai,4:23:20
9310,Ekaterina,Johnson,F,68,Brazil,Fortaleza,5:53:50
9311,Michael,White,M,44,China,Guangzhou,3:53:19
9312,Sara,Martinez,F,40,Singapore,Singapore,3:49:57
9313,Arthur,Robinson,M,21,Romania,Iasi,4:54:56
9314,Carlos,Johnson,M,44,Kenya,Kisumu,5:48:38
9315,Arthur,Murphy,M,20,Austria,Salzburg,2:23:47
9316,Chiara,Kaczmarek,F,45,Switzerland,Bern,5:33:25
9317,Ivan,Rodriguez,M,31,United States,Chicago,3:38:48
9318,Amelia,Kowalski,F,54,Hungary,Miskolc,2:24:47
9319,Camila,Clark,F,30,Germany,Munich,4:19:36
9320,Zuzanna,Smith,F,31,Romania,Constanta,4:22:17
9321,Mateusz,Santos,M,18,Kenya,Mombasa,3:50:23
9322,George,Ferrari,M,43,Singapore,Singapore,4:41:20
9323,Mia,Bianchi,F,59,Japan,Nagoya,5:01:28
9324,Benjamin,Johnson,M,28,South Africa,Durban,4:48:03
9325,Lucia,Clark,F,31,Canada,Ottawa,5:29:53
9326,Daniel,Brown,M,51,Hungary,Debrecen,5:14:25
9327,Olivia,Harris,F,49,Argentina,Rosario,4:59:55
9328,Marco,Kaczmarek,M,21,Netherlands,Utrecht,3:12:36
9329,Isabella,Kuznetsov,F,50,Israel,Jerusalem,3:48:36
9330,Jan,Johnson,M,58,Ethiopia,Mekelle,5:53:29
9331,Benjamin,Wilson,M,63,Hungary,Pecs,4:34:24
9332,Giulia,Johnson,F,25,Russia,Saint Petersburg,5:35:48
9333,David,Jones,M,30,Japan,Nagoya,5:13:12
9334,Maria,Rodriguez,F,29,South Africa,Durban,5:35:48
9335,James,Santos,M,28,India,Delhi,3:33:46
9336,Anna,Lewis,F,58,China,Chengdu,5:03:36
9337,Harry,Kuznetsov,M,51,Germany,Hamburg,5:45:50
9338,Robert,Harris,M,41,Denmark,Odense,2:07:49
9339,Carlos,Murphy,M,19,Italy,Bologna,5:55:40
9340,Sara,Anderson,F,27,Ethiopia,Addis Ababa,4:23:26
9341,Sunita,Perez,F,49,Argentina,Cordoba,4:38:18
9342,Yuki,Lee,F,35,Finland,Oulu,4:06:57
9343,George,Santos,M,48,Russia,Moscow,3:47:27
9344,Yuki,Anderson,F,23,Denmark,Aalborg,5:22:38
9345,Liam,Bianchi,M,32,Norway,Bergen,5:12:21
9346,Oliver,Thompson,M,32,Singapore,Singapore,2:51:11
9347,Chiara,Torres,F,31,Norway,Oslo,5:53:34
9348,Lucia,Nguyen,F,58,Argentina,Buenos Aires,5:23:38
9349,Henry,Rodriguez,M,41,Spain,Bilbao,5:07:14
9350,Alina,Brown,F,33,Australia,Brisbane,5:18:11
9351,Kacper,Lopez,M,42,Hungary,Budapest,4:26:45
9352,Olivia,Novak,F,43,Argentina,Buenos Aires,5:57:07
9353,Henry,Allen,M,49,Switzerland,Bern,2:10:59
9354,Santiago,Hernandez,M,66,Mexico,Guadalajara,3:28:34
9355,Daria,Ivanov,F,43,South Africa,Durban,5:56:04
9356,Alexander,Moore,M,38,United Arab Emirates,Ajman,5:48:22
9357,Marco,Kowalczyk,M,47,France,Nice,5:41:11
9358,Hannah,Kowalski,F,30,Kenya,Eldoret,5:42:25
9359,Thomas,Johnson,M,41,Turkey,Bursa,2:50:30
9360,Mia,Smith,F,62,Denmark,Aarhus,4:39:41
9361,Amelia,Thomas,F,20,Ukraine,Kyiv,4:00:06
9362,Ekaterina,Johnson,F,67,Singapore,Singapore,2:41:45
9363,David,Melo,M,31,Argentina,Buenos Aires,5:24:35
9364,John,Kuznetsov,M,66,Czech Republic,Prague,3:08:37
9365,Maya,Kuznetsov,F,70,Germany,Berlin,4:16:41
9366,Harry,Moore,M,39,Finland,Espoo,2:12:10
9367,Nikolai,Kaczmarek,M,21,Russia,Yekaterinburg,4:38:30
9368,Isabela,Novak,F,38,Australia,Adelaide,5:34:30
9369,Chiara,Perez,F,45,Argentina,Mendoza,3:06:42
9370,Mateo,Anderson,M,54,Netherlands,Eindhoven,5:19:52
9371,Thomas,Johnson,M,42,Israel,Haifa,5:50:04
9372,Sofia,Miller,F,70,United States,Chicago,3:32:15
9373,Olivia,Kowalski,F,39,Slovakia,Bratislava,4:07:54
9374,Olivia,Martinez,F,53,South Africa,Johannesburg,5:50:18
9375,Noah,Sanchez,M,18,Netherlands,Rotterdam,4:56:15
9376,Laura,Costa,F,63,Norway,Tromso,4:51:08
9377,Mateo,Rodriguez,M,28,Ukraine,Kharkiv,3:37:09
9378,Piotr,Kuznetsov,M,47,Australia,Brisbane,5:08:48
9379,Luis,Perez,M,34,United Kingdom,Edinburgh,3:08:50
9380,Elijah,Scott,M,18,Russia,Moscow,4:38:04
9381,Pedro,Petrov,M,52,Slovakia,Bratislava,4:05:17
9382,Ingrid,White,F,58,India,Bangalore,5:56:22
9383,William,Sanchez,M,70,Netherlands,Eindhoven,4:59:54
9384,Sunita,Costa,F,41,Slovakia,Presov,4:07:37
9385,Mateusz,Wilson,M,57,Argentina,Buenos Aires,3:29:24
9386,Kacper,Williams,M,46,Spain,Seville,3:07:38
9387,Isabella,Smirnov,F,39,United Arab Emirates,Ras Al Khaimah,3:41:23
9388,Mikhail,Clark,M,45,Sweden,Stockholm,4:53:13
9389,Ava,Miller,F,50,Sweden,Malmo,5:06:21
9390,Oliver,Kowalczyk,M,62,Argentina,Cordoba,3:46:48
9391,George,Romano,M,22,Netherlands,Eindhoven,3:58:06
9392,Jan,Robinson,M,41,Netherlands,Rotterdam,5:34:05
9393,Hugo,King,M,33,Russia,Novosibirsk,5:27:45
9394,Daniel,Ramirez,M,69,Sweden,Gothenburg,2:47:50
9395,Anna,Perez,F,43,Australia,Perth,4:13:41
9396,Olivia,Wilson,F,66,Romania,Timisoara,5:37:28
9397,Camila,Novak,F,64,India,Delhi,3:46:24
9398,Lucas,Scott,M,59,Kenya,Eldoret,3:46:08
9399,Jan,Smith,M,24,Denmark,Copenhagen,5:26:31
9400,Sunita,Gomes,F,57,Netherlands,Amsterdam,5:26:28
9401,Daria,Johnson,F,69,Czech Republic,Pilsen,3:33:42
9402,Mateo,Harris,M,43,Czech Republic,Olomouc,4:06:09
9403,Benjamin,Costa,M,66,Sweden,Uppsala,3:12:32
9404,Valentina,Davis,F,57,Japan,Sapporo,4:55:35
9405,James,Jackson,M,23,China,Shenzhen,2:28:28
9406,Hannah,Perez,F,63,Denmark,Esbjerg,4:21:43
9407,William,Wiśniewski,M,52,Australia,Adelaide,3:22:12
9408,Pedro,Lopez,M,33,Finland,Espoo,2:20:08
9409,María,Lee,F,23,Denmark,Aarhus,3:38:59
9410,Olivia,Lopez,F,21,United Arab Emirates,Abu Dhabi,3:20:17
9411,Thomas,Martin,M,55,Denmark,Odense,5:48:16
9412,Marco,Taylor,M,26,Romania,Constanta,2:05:38
9413,Oleg,Walker,M,25,Czech Republic,Brno,4:44:50
9414,Lucas,Brown,M,47,South Korea,Busan,4:58:00
9415,Marco,Wiśniewski,M,64,Israel,Tel Aviv,4:10:58
9416,Alina,Wilson,F,53,Israel,Beer Sheva,5:42:13
9417,James,Lewis,M,49,India,Hyderabad,4:44:44
9418,Emily,Romano,F,53,Finland,Espoo,4:26:21
9419,Oliver,Popov,M,66,Austria,Innsbruck,3:50:36
9420,Alexander,Moore,M,34,France,Bordeaux,5:06:36
9421,Sara,Scott,F,34,Austria,Salzburg,5:22:11
9422,Magdalena,Thomas,F,68,Hungary,Miskolc,5:32:55
9423,Jakub,Wilson,M,63,Israel,Tel Aviv,4:29:38
9424,Abigail,Hernandez,F,58,Netherlands,Rotterdam,4:40:26
9425,John,Robinson,M,20,China,Shanghai,3:28:21
9426,Piotr,Wiśniewski,M,20,Norway,Stavanger,3:28:41
9427,Arthur,Romano,M,53,Australia,Brisbane,4:02:48
9428,Ekaterina,Walker,F,61,Israel,Tel Aviv,3:41:06
9429,Kacper,Murphy,M,32,France,Marseille,2:41:20
9430,John,Young,M,46,South Africa,Durban,4:02:23
9431,David,Martin,M,42,Czech Republic,Ostrava,2:53:31
9432,George,Williams,M,44,France,Marseille,2:30:24
9433,Noah,Scott,M,70,United Arab Emirates,Ras Al Khaimah,4:25:20
9434,Piotr,Torres,M,61,Norway,Bergen,4:07:16
9435,Sunita,Ferrari,F,56,Portugal,Porto,5:53:23
9436,Anna,Silva,F,49,Germany,Munich,3:59:03
9437,Michael,Wiśniewski,M,68,Finland,Tampere,5:00:14
9438,Harry,Young,M,46,Czech Republic,Ostrava,2:10:04
9439,Kacper,Davis,M,43,Canada,Calgary,2:53:28
9440,Lucas,Ivanov,M,33,United States,Chicago,4:57:07
9441,Sophia,Jones,F,30,Mexico,Monterrey,5:48:32
9442,Sophia,Young,F,46,Portugal,Faro,2:21:05
9443,Isabela,Young,F,22,Netherlands,The Hague,4:33:37
9444,Magdalena,Kowalczyk,F,35,Poland,Gdansk,3:32:57
9445,Emily,Kaczmarek,F,23,Romania,Constanta,2:44:57
9446,Pedro,Wiśniewski,M,67,United States,Chicago,3:24:18
9447,Olga,Kuznetsov,F,48,Czech Republic,Ostrava,3:05:27
9448,Jakub,Williams,M,23,Netherlands,Rotterdam,4:33:03
9449,Oleg,Brown,M,29,Germany,Hamburg,2:38:03
9450,Emily,Ivanov,F,42,Mexico,Cancun,4:26:57
9451,Piotr,Bianchi,M,60,Czech Republic,Ostrava,5:08:33
9452,Evelyn,Harris,F,24,Canada,Toronto,3:05:52
9453,María,Romano,F,59,Germany,Berlin,2:05:58
9454,Hugo,Melo,M,34,South Africa,Pretoria,4:33:19
9455,Ivan,Santos,M,41,Israel,Beer Sheva,5:58:03
9456,Camila,Murphy,F,37,Australia,Sydney,2:54:54
9457,Piotr,Thomas,M,30,France,Nice,4:49:30
9458,Ava,Lopez,F,56,United States,Los Angeles,3:59:14
9459,James,Lewis,M,40,Brazil,Fortaleza,5:00:03
9460,Giovanni,Gonzalez,M,38,Portugal,Faro,4:21:15
9461,Evelyn,Taylor,F,55,Romania,Iasi,3:44:42
9462,John,Miller,M,47,Spain,Barcelona,4:37:59
9463,Alexander,Wiśniewski,M,35,Germany,Frankfurt,4:43:14
9464,Alina,Moore,F,44,Poland,Wroclaw,4:22:31
9465,Daria,Nguyen,F,66,Israel,Haifa,3:44:58
9466,Sofia,Kowalski,F,20,Japan,Sapporo,3:56:06
9467,Mateo,Smith,M,68,Norway,Oslo,2:56:27
9468,Julia,Lopez,F,65,France,Nice,4:12:39
9469,Yuki,Rossi,F,60,Russia,Novosibirsk,3:05:27
9470,John,Young,M,33,Spain,Bilbao,5:29:59
9471,Luis,Ramirez,M,47,Italy,Rome,3:03:14
9472,Hugo,Kaczmarek,M,44,United Kingdom,Manchester,3:53:32
9473,Noah,Thompson,M,20,United Kingdom,Birmingham,5:34:24
9474,Alexander,Costa,M,27,Germany,Frankfurt,5:56:45
9475,Alina,Wright,F,19,Denmark,Copenhagen,5:08:03
9476,Mia,Ramirez,F,21,Ukraine,Kyiv,2:52:50
9477,Yuki,Kuznetsov,F,54,Finland,Vantaa,5:17:02
9478,Lucia,Santos,F,62,Japan,Nagoya,3:39:02
9479,Marco,Murphy,M,28,Hungary,Budapest,4:12:20
9480,Mateo,Nguyen,M,59,Finland,Oulu,4:30:39
9481,Abigail,Popov,F,21,Australia,Perth,4:01:40
9482,Isabella,Harris,F,59,Japan,Tokyo,3:23:47
9483,Giulia,Smirnov,F,38,Canada,Vancouver,2:35:56
9484,Sunita,Kowalski,F,30,Sweden,Gothenburg,4:17:25
9485,Sunita,Brown,F,31,Switzerland,Basel,2:24:57
9486,Piotr,Scott,M,58,Kenya,Eldoret,3:50:25
9487,Piotr,Costa,M,49,Turkey,Istanbul,3:05:02
9488,Nikolai,Nowak,M,61,Turkey,Istanbul,4:09:31
9489,Sara,Moore,F,56,Czech Republic,Ostrava,3:25:04
9490,Megan,King,F,40,India,Chennai,2:09:23
9491,Daria,Lewis,F,26,United Kingdom,London,4:41:50
9492,Megan,Gomes,F,34,Finland,Vantaa,2:49:39
9493,Jakub,Murphy,M,52,Australia,Brisbane,5:43:37
9494,Anna,Harris,F,53,South Korea,Incheon,2:14:50
9495,Evelyn,Wiśniewski,F,62,Czech Republic,Olomouc,5:00:23
9496,Arthur,Wiśniewski,M,47,Brazil,Fortaleza,5:32:22
9497,Yuki,Walker,F,60,Switzerland,Lausanne,5:08:34
9498,Megan,Smirnov,F,57,Austria,Innsbruck,2:28:56
9499,Pedro,Taylor,M,45,Germany,Hamburg,3:25:59
9500,Emily,Wright,F,35,Netherlands,Amsterdam,3:36:15
9501,James,Johnson,M,50,Israel,Jerusalem,5:40:22
9502,Elijah,Torres,M,24,Denmark,Aarhus,2:56:37
9503,Benjamin,Allen,M,19,Netherlands,Amsterdam,4:53:11
9504,Daria,Allen,F,65,United Arab Emirates,Ras Al Khaimah,3:44:55
9505,Sofia,Anderson,F,58,Sweden,Malmo,3:25:07
9506,Robert,Davis,M,31,Poland,Poznan,5:57:43
9507,Kacper,Harris,M,29,Singapore,Singapore,3:38:19
9508,Lucia,Torres,F,37,Italy,Milan,3:56:59
9509,Mateusz,Jones,M,48,Mexico,Mexico City,3:07:39
9510,Ekaterina,Nowak,F,32,United Kingdom,Birmingham,3:46:42
9511,Sofia,Wilson,F,42,Mexico,Guadalajara,5:27:33
9512,Daniel,Scott,M,43,China,Beijing,4:49:11
9513,Kacper,White,M,48,Canada,Ottawa,2:26:56
9514,Lucas,Gomes,M,39,Mexico,Cancun,3:37:24
9515,Santiago,Walker,M,49,Germany,Berlin,3:30:32
9516,Hugo,Wright,M,56,Germany,Berlin,5:00:25
9517,Daria,Brown,F,56,Norway,Bergen,4:19:35
9518,Noah,Kaczmarek,M,18,Kenya,Kisumu,5:51:42
9519,Zuzanna,Davis,F,68,Ukraine,Odesa,2:51:33
9520,Daria,Williams,F,24,Spain,Bilbao,2:50:54
9521,James,Martinez,M,44,India,Mumbai,2:37:25
9522,Magdalena,Romano,F,52,Switzerland,Bern,4:51:09
9523,Lucas,Johnson,M,65,Poland,Wroclaw,3:30:17
9524,Mateusz,King,M,59,South Korea,Busan,4:27:21
9525,Isabella,Johnson,F,25,United Kingdom,Edinburgh,5:04:59
9526,Alexander,Williams,M,38,Japan,Tokyo,4:43:33
9527,Pedro,Kowalczyk,M,30,Austria,Vienna,5:54:17
9528,George,Smith,M,62,Finland,Helsinki,4:00:48
9529,John,Wiśniewski,M,62,Hungary,Budapest,5:07:09
9530,Daniel,Anderson,M,21,Australia,Melbourne,2:53:01
9531,Lorenzo,Ferrari,M,29,South Africa,Pretoria,4:33:25
9532,Kacper,Kuznetsov,M,60,France,Lyon,2:54:49
9533,Camila,Wiśniewski,F,29,Norway,Stavanger,3:07:31
9534,Sara,Perez,F,22,Spain,Seville,2:57:57
9535,Lucas,Johnson,M,38,France,Paris,2:09:42
9536,Abigail,Jackson,F,42,Switzerland,Lausanne,2:42:16
9537,Ingrid,Murphy,F,47,Ukraine,Dnipro,2:19:38
9538,Kacper,White,M,64,Denmark,Copenhagen,5:40:50
9539,Katarzyna,Lee,F,65,Israel,Tel Aviv,5:05:58
9540,Daria,Smirnov,F,58,South Africa,Durban,3:43:26
9541,Arthur,White,M,50,China,Shanghai,4:09:04
9542,Jan,Gomes,M,59,Sweden,Uppsala,5:25:22
9543,Lucas,Novak,M,60,France,Paris,3:48:40
9544,Lucia,Lewis,F,23,France,Paris,3:57:42
9545,Hannah,Ivanov,F,59,Ethiopia,Dire Dawa,3:00:39
9546,Katarzyna,Lewis,F,49,Finland,Helsinki,3:06:18
9547,Emma,Scott,F,39,Norway,Tromso,3:39:17
9548,Sara,Bianchi,F,56,South Africa,Johannesburg,5:07:51
9549,Oliver,Wright,M,48,Sweden,Stockholm,5:02:14
9550,Ekaterina,Petrov,F,46,Italy,Naples,2:45:23
9551,Anna,Petrov,F,31,Australia,Perth,2:44:30
9552,George,Brown,M,49,Israel,Nazareth,3:01:55
9553,Ingrid,Kowalczyk,F,35,China,Shanghai,3:12:31
9554,Marco,Kaczmarek,M,24,India,Bangalore,3:24:14
9555,Jakub,Anderson,M,58,Switzerland,Basel,2:46:15
9556,Mateusz,Wilson,M,41,Denmark,Esbjerg,2:34:29
9557,Marco,White,M,61,Australia,Adelaide,3:14:24
9558,Jack,Smith,M,56,United States,New York,4:31:43
9559,William,Young,M,62,Austria,Vienna,2:27:07
9560,Michael,Moore,M,23,Portugal,Coimbra,2:39:02
9561,Santiago,Davis,M,45,Denmark,Copenhagen,3:28:07
9562,Elijah,Thompson,M,35,Canada,Calgary,4:47:24
9563,Thomas,Sanchez,M,35,Austria,Linz,4:44:59
9564,Lorenzo,Torres,M,51,Germany,Berlin,5:52:39
9565,Mateo,King,M,28,Australia,Brisbane,2:06:27
9566,Mia,Murphy,F,32,India,Chennai,5:54:29
9567,William,Miller,M,66,France,Nice,5:58:02
9568,David,Costa,M,68,Slovakia,Zilina,2:29:16
9569,Ingrid,Kowalczyk,F,60,France,Lyon,3:39:12
9570,Laura,Williams,F,18,Hungary,Debrecen,2:35:17
9571,Kacper,Miller,M,42,India,Bangalore,2:27:51
9572,Jack,Petrov,M,56,Singapore,Singapore,2:29:42
9573,Ivan,Clark,M,57,Denmark,Esbjerg,4:41:56
9574,Marco,Kuznetsov,M,25,France,Lyon,5:00:31
9575,David,Gomes,M,33,Denmark,Odense,4:16:47
9576,Olga,Thomas,F,59,France,Bordeaux,3:25:02
9577,Abigail,Bianchi,F,43,Ukraine,Odesa,4:06:56
9578,Amelia,Wilson,F,20,Sweden,Uppsala,2:49:59
9579,Valentina,Rodriguez,F,69,United Arab Emirates,Abu Dhabi,5:51:42
9580,Maya,Melo,F,32,Singapore,Singapore,2:23:52
9581,Thomas,Jackson,M,46,Slovakia,Nitra,2:24:27
9582,Mikhail,Gomes,M,63,Norway,Stavanger,3:41:35
9583,Alina,Smith,F,18,Portugal,Porto,4:50:34
9584,Alexander,Wright,M,58,Russia,Yekaterinburg,3:47:51
9585,Piotr,Ferrari,M,48,Ukraine,Lviv,5:38:53
9586,Julia,Ivanov,F,70,Austria,Salzburg,5:20:58
9587,Magdalena,Oliveira,F,34,Finland,Espoo,2:06:19
9588,Pedro,Scott,M,60,Russia,Novosibirsk,3:17:51
9589,Daria,Kuznetsov,F,18,Argentina,La Plata,4:23:39
9590,Noah,Thompson,M,27,Turkey,Ankara,4:48:40
9591,Emma,Jones,F,64,United Arab Emirates,Abu Dhabi,4:06:36
9592,Megan,Taylor,F,26,Kenya,Nakuru,5:38:39
9593,Kacper,Costa,M,69,Canada,Montreal,5:16:59
9594,Arthur,Santos,M,51,Argentina,Rosario,5:01:38
9595,Kacper,Johnson,M,27,Australia,Brisbane,5:19:17
9596,Anna,Melo,F,29,India,Chennai,2:53:00
9597,Maria,Rodriguez,F,31,United States,San Francisco,5:11:27
9598,Elijah,Kuznetsov,M,30,Romania,Bucharest,3:02:36
9599,Robert,Hernandez,M,25,Austria,Vienna,4:42:50
9600,Jan,Silva,M,61,Canada,Toronto,4:30:28
9601,Daniel,Costa,M,66,China,Beijing,2:14:56
9602,Valentina,Kowalczyk,F,33,Norway,Bergen,4:14:55
9603,Maya,Lopez,F,30,Portugal,Lisbon,4:36:05
9604,Ava,Brown,F,50,Norway,Tromso,3:20:20
9605,Harry,Williams,M,18,Italy,Rome,2:46:15
9606,Sara,Hernandez,F,68,South Korea,Busan,4:21:00
9607,Ivan,Davis,M,60,Poland,Wroclaw,3:01:24
9608,Maria,Wiśniewski,F,36,Austria,Linz,4:04:40
9609,Noah,Kowalczyk,M,41,Spain,Valencia,3:17:32
9610,Lucas,Jones,M,36,South Africa,Johannesburg,2:32:55
9611,Alina,Martin,F,38,Turkey,Bursa,2:20:46
9612,Mikhail,Hernandez,M,37,Poland,Gdansk,2:44:52
9613,Mia,Bianchi,F,34,Finland,Espoo,4:58:35
9614,Luis,Jones,M,29,Ethiopia,Addis Ababa,4:33:58
9615,Carlos,Martin,M,66,Norway,Tromso,5:07:12
9616,María,Kaczmarek,F,49,Netherlands,Utrecht,5:28:01
9617,Zuzanna,Miller,F,70,Austria,Innsbruck,2:54:14
9618,Abigail,Clark,F,35,Czech Republic,Olomouc,4:10:24
9619,Maya,Walker,F,39,Finland,Oulu,2:35:41
9620,Amelia,Smirnov,F,31,Sweden,Stockholm,5:05:14
9621,Isabella,Anderson,F,60,Japan,Sapporo,3:49:38
9622,Carlos,Kowalski,M,68,Mexico,Puebla,3:05:15
9623,James,Nowak,M,42,Hungary,Debrecen,3:41:02
9624,Arthur,Martin,M,20,Switzerland,Zurich,5:08:35
9625,William,Silva,M,51,United Kingdom,Birmingham,2:06:38
9626,Sophia,Melo,F,40,Austria,Graz,3:11:42
9627,Ingrid,Kowalczyk,F,52,Kenya,Mombasa,2:53:42
9628,Yuki,Anderson,F,38,Sweden,Malmo,4:45:19
9629,Sophia,Ramirez,F,36,United States,San Francisco,3:37:06
9630,Isabela,Robinson,F,60,Austria,Linz,4:54:26
9631,Lucas,Davis,M,47,Singapore,Singapore,4:54:35
9632,Isabela,Ivanov,F,46,United States,San Francisco,2:25:22
9633,Oliver,Walker,M,33,Canada,Montreal,3:36:19
9634,Anna,Jackson,F,22,Romania,Iasi,4:19:11
9635,Jakub,Novak,M,18,Kenya,Eldoret,3:28:06
9636,Olivia,Thomas,F,54,Poland,Gdansk,4:59:17
9637,Abigail,Martin,F,65,Poland,Krakow,4:26:16
9638,Megan,Gomes,F,35,United States,New York,4:23:53
9639,Mateusz,Kowalczyk,M,68,Austria,Vienna,2:35:54
9640,Oliver,Anderson,M,65,United Kingdom,Glasgow,5:52:27
9641,David,Wright,M,65,Kenya,Eldoret,4:32:29
9642,Henry,Thompson,M,22,Israel,Haifa,2:16:01
9643,Sophia,Harris,F,47,United Arab Emirates,Sharjah,5:41:53
9644,Abigail,Gomes,F,22,Spain,Barcelona,2:07:05
9645,Mikhail,Smith,M,24,United Arab Emirates,Ajman,2:27:47
9646,Benjamin,Ivanov,M,49,Slovakia,Bratislava,5:21:26
9647,Julia,Smith,F,40,Turkey,Istanbul,5:23:39
9648,Mateo,Kaczmarek,M,36,China,Guangzhou,4:48:21
9649,Chiara,Ivanov,F,35,Switzerland,Zurich,4:09:41
9650,Anna,Wiśniewski,F,30,Japan,Osaka,4:09:54
9651,Ivan,Martin,M,30,Slovakia,Kosice,5:05:39
9652,Julia,Costa,F,22,Sweden,Uppsala,4:39:45
9653,Marco,Ferrari,M,39,Portugal,Porto,3:06:39
9654,Laura,Thomas,F,68,Hungary,Miskolc,4:54:02
9655,Elijah,Johnson,M,43,Israel,Nazareth,3:58:04
9656,Chiara,King,F,50,Spain,Madrid,4:29:08
9657,David,Lewis,M,46,Canada,Vancouver,3:23:44
9658,Isabella,Robinson,F,70,France,Nice,5:21:45
9659,Kacper,Perez,M,58,Switzerland,Basel,5:56:51
9660,Alexander,Gonzalez,M,26,Italy,Turin,3:09:18
9661,Laura,Melo,F,60,United States,New York,2:50:10
9662,Jan,Davis,M,28,Singapore,Singapore,5:53:29
9663,Lucas,Bianchi,M,52,Norway,Tromso,3:32:02
9664,Ava,Nguyen,F,32,Japan,Tokyo,4:14:07
9665,Piotr,Lopez,M,18,Canada,Toronto,5:39:20
9666,Lucas,Gonzalez,M,41,United Kingdom,Birmingham,4:15:15
9667,Sunita,Lee,F,34,France,Bordeaux,4:08:02
9668,Lorenzo,Ramirez,M,55,India,Mumbai,2:22:46
9669,Luis,Thomas,M,46,Japan,Sapporo,5:39:04
9670,Mateusz,Rodriguez,M,52,Romania,Constanta,4:54:12
9671,Isabella,Rodriguez,F,46,Mexico,Cancun,4:20:47
9672,María,Melo,F,45,Norway,Trondheim,3:44:27
9673,Michael,Jones,M,22,South Korea,Daegu,2:27:59
9674,Isabela,Harris,F,21,Hungary,Miskolc,4:08:53
9675,Maria,Hernandez,F,46,Italy,Bologna,4:08:47
9676,Arthur,Thompson,M,28,Poland,Poznan,2:55:16
9677,Noah,Miller,M,61,South Africa,Johannesburg,2:27:48
9678,Megan,Petrov,F,37,India,Mumbai,3:29:03
9679,Yuki,Lopez,F,68,Poland,Poznan,5:08:41
9680,Evelyn,Rossi,F,38,Austria,Innsbruck,4:32:13
9681,Marco,Hernandez,M,41,China,Guangzhou,5:25:50
9682,Elijah,Nguyen,M,70,Norway,Stavanger,4:06:42
9683,Zuzanna,Rodriguez,F,43,Denmark,Copenhagen,3:24:03
9684,Olivia,Ramirez,F,25,United States,Boston,4:33:48
9685,Michael,Ferrari,M,56,Portugal,Faro,5:05:33
9686,Maya,Wiśniewski,F,23,Ukraine,Dnipro,3:10:57
9687,Anna,Brown,F,60,South Korea,Incheon,4:18:03
9688,Alina,Scott,F,56,Finland,Espoo,3:28:20
9689,Marco,Scott,M,47,Russia,Kazan,2:49:34
9690,Mateusz,Harris,M,50,Finland,Espoo,3:34:04
9691,Ivan,Thomas,M,39,Spain,Madrid,3:00:00
9692,Elijah,Lopez,M,62,Switzerland,Geneva,3:31:55
9693,Benjamin,Scott,M,62,Russia,Novosibirsk,3:06:41
9694,Lucia,Smirnov,F,40,Turkey,Istanbul,4:04:23
9695,George,Martin,M,42,Sweden,Stockholm,3:22:47
9696,Harry,Torres,M,25,Canada,Ottawa,2:10:52
9697,Giulia,Popov,F,22,India,Delhi,3:02:52
9698,Lucia,Kuznetsov,F,28,Norway,Stavanger,4:32:00
9699,Sara,Ivanov,F,55,France,Bordeaux,4:12:25
9700,Megan,Kowalczyk,F,49,India,Delhi,4:16:34
9701,Michael,Lewis,M,70,Russia,Kazan,4:36:40
9702,Henry,Petrov,M,65,Canada,Ottawa,4:07:48
9703,Marco,Wright,M,38,Ukraine,Kharkiv,3:39:29
9704,Valentina,Santos,F,33,Argentina,Rosario,3:24:50
9705,Lucia,Johnson,F,63,Israel,Nazareth,4:54:38
9706,John,Smirnov,M,54,Romania,Cluj-Napoca,3:21:29
9707,Ivan,Ramirez,M,64,Austria,Graz,5:13:28
9708,Magdalena,Lopez,F,20,United Kingdom,London,5:16:42
9709,Carlos,Thomas,M,64,Spain,Barcelona,4:32:36
9710,Zuzanna,Nguyen,F,57,India,Hyderabad,4:06:20
9711,Ekaterina,Martin,F,41,Kenya,Nairobi,2:50:49
9712,Elijah,Rodriguez,M,53,Switzerland,Zurich,5:28:49
9713,Oliver,Nowak,M,46,Italy,Milan,5:27:23
9714,Kacper,Rodriguez,M,66,Turkey,Izmir,2:45:14
9715,Nikolai,Oliveira,M,62,Japan,Kyoto,3:07:11
9716,Marco,Taylor,M,68,United Kingdom,Birmingham,3:16:42
9717,Lucia,Ferrari,F,35,France,Lyon,3:14:40
9718,Lucas,Wilson,M,60,Austria,Salzburg,5:58:49
9719,Zuzanna,Novak,F,40,Norway,Tromso,5:14:52
9720,Henry,Kaczmarek,M,65,Romania,Bucharest,2:53:29
9721,David,Oliveira,M,54,Slovakia,Nitra,4:36:59
9722,Chiara,Torres,F,70,Israel,Jerusalem,2:12:20
9723,George,Ferrari,M,51,Hungary,Szeged,3:48:50
9724,Hugo,Smirnov,M,59,Ukraine,Kyiv,3:14:29
9725,Katarzyna,Smith,F,57,Slovakia,Kosice,2:23:42
9726,Sara,Romano,F,27,Brazil,Salvador,3:54:31
9727,Lucas,Lopez,M,47,United States,Boston,2:34:34
9728,Maya,Walker,F,32,South Africa,Port Elizabeth,3:17:17
9729,Olivia,Thompson,F,20,Argentina,La Plata,5:27:35
9730,Luis,Bianchi,M,45,Czech Republic,Ostrava,5:12:31
9731,Zuzanna,Bianchi,F,56,France,Lyon,5:07:39
9732,Alexander,Lopez,M,26,Slovakia,Bratislava,4:42:03
9733,Sunita,Silva,F,34,Poland,Krakow,4:36:01
9734,Abigail,Petrov,F,35,Ethiopia,Addis Ababa,5:48:58
9735,Lucas,Hernandez,M,22,Canada,Vancouver,3:25:05
9736,Emma,Perez,F,68,Russia,Yekaterinburg,3:47:28
9737,Michael,Robinson,M,18,South Africa,Johannesburg,2:27:46
9738,Marco,Wilson,M,28,Ukraine,Kharkiv,5:59:55
9739,Kacper,Johnson,M,49,Romania,Iasi,2:28:10
9740,Yuki,Nguyen,F,63,China,Shanghai,5:39:40
9741,Megan,Gomes,F,37,Japan,Tokyo,4:49:57
9742,Zuzanna,Melo,F,27,Slovakia,Zilina,2:39:42
9743,Ava,Costa,F,24,Japan,Kyoto,2:17:58
9744,Olivia,Nowak,F,23,Italy,Bologna,3:12:07
9745,Maya,Bianchi,F,56,Czech Republic,Pilsen,5:43:28
9746,Marco,Martinez,M,34,United States,Chicago,2:23:53
9747,Chiara,Smirnov,F,46,Sweden,Malmo,5:48:42
9748,Abigail,Sanchez,F,68,China,Chengdu,2:09:35
9749,Oleg,Romano,M,23,Ethiopia,Bahir Dar,4:07:34
9750,Isabella,Walker,F,50,Mexico,Puebla,4:08:50
9751,Anna,Anderson,F,70,Israel,Jerusalem,4:09:56
9752,Arthur,Harris,M,56,Hungary,Budapest,3:20:29
9753,Robert,Lopez,M,44,Argentina,La Plata,3:05:31
9754,Mateo,Clark,M,50,Sweden,Stockholm,2:47:58
9755,Benjamin,Moore,M,45,Brazil,Salvador,2:09:30
9756,Valentina,Smith,F,33,Mexico,Puebla,5:01:49
9757,Sofia,Wiśniewski,F,54,United States,New York,3:27:06
9758,Zuzanna,Bianchi,F,30,Mexico,Monterrey,2:47:21
9759,Isabela,Petrov,F,37,South Korea,Daegu,4:28:54
9760,Lorenzo,Bianchi,M,44,Poland,Poznan,4:47:51
9761,Ivan,Robinson,M,19,Netherlands,Utrecht,2:56:12
9762,Camila,Davis,F,36,United States,San Francisco,2:24:41
9763,Anna,Scott,F,53,Finland,Espoo,4:14:13
9764,William,Lewis,M,42,France,Bordeaux,3:27:11
9765,Pedro,Wilson,M,62,Ukraine,Lviv,2:11:49
9766,Maya,Martin,F,57,Israel,Jerusalem,4:50:01
9767,David,Hernandez,M,47,Denmark,Aalborg,5:45:13
9768,Amelia,Miller,F,69,India,Bangalore,4:52:33
9769,Chiara,Silva,F,49,Sweden,Malmo,5:15:48
9770,Lorenzo,Sanchez,M,65,Argentina,La Plata,3:54:37
9771,Lucia,Murphy,F,39,Poland,Warsaw,5:15:50
9772,Oliver,Ramirez,M,32,United Kingdom,Edinburgh,3:10:27
9773,Hannah,Moore,F,23,South Africa,Cape Town,5:28:29
9774,Emma,Moore,F,68,Ethiopia,Gondar,5:00:24
9775,Chiara,Walker,F,29,Israel,Beer Sheva,4:41:47
9776,Elijah,Novak,M,66,Brazil,Fortaleza,3:46:07
9777,William,Kowalski,M,31,Spain,Seville,4:06:55
9778,Emma,Rodriguez,F,32,Austria,Innsbruck,3:54:46
9779,Valentina,King,F,38,Finland,Oulu,5:08:13
9780,Isabella,Nowak,F,38,Italy,Turin,4:08:08
9781,Magdalena,White,F,28,Slovakia,Nitra,2:53:08
9782,Maya,Robinson,F,48,Sweden,Uppsala,5:28:39
9783,Jan,Wiśniewski,M,60,Italy,Milan,3:52:57
9784,John,Thompson,M,31,Brazil,Brasilia,4:22:57
9785,Hugo,Santos,M,69,Hungary,Debrecen,2:56:44
9786,Anna,Martinez,F,68,Italy,Turin,4:15:34
9787,Ingrid,Kowalczyk,F,18,Denmark,Odense,2:13:58
9788,Valentina,Ferrari,F,36,Denmark,Aarhus,3:30:59
9789,Sophia,Sanchez,F,60,United States,Boston,3:52:15
9790,Noah,Smith,M,38,Austria,Innsbruck,2:18:22
9791,Kacper,Lewis,M,53,Brazil,Brasilia,5:58:24
9792,Maria,Robinson,F,31,France,Bordeaux,4:59:46
9793,María,Williams,F,63,United Kingdom,Manchester,3:16:38
9794,Camila,Robinson,F,27,Japan,Osaka,5:11:07
9795,Oliver,Murphy,M,39,Slovakia,Bratislava,2:41:30
9796,Carlos,Davis,M,29,Australia,Sydney,4:09:03
9797,Arthur,Bianchi,M,34,Singapore,Singapore,3:52:25
9798,Benjamin,Kowalski,M,39,Canada,Toronto,4:06:20
9799,Oleg,Clark,M,46,Singapore,Singapore,3:18:21
9800,Lorenzo,Oliveira,M,20,France,Paris,5:25:42
9801,David,Ferrari,M,39,China,Shanghai,5:57:37
9802,Elijah,Thompson,M,48,United Kingdom,Edinburgh,2:14:27
9803,Chiara,Popov,F,69,Mexico,Guadalajara,3:21:13
9804,Olga,Smirnov,F,64,Turkey,Istanbul,3:58:41
9805,David,Silva,M,20,France,Lyon,5:07:10
9806,Charlotte,Young,F,54,Denmark,Aalborg,3:52:21
9807,Hugo,Thomas,M,62,South Africa,Pretoria,5:17:25
9808,Pedro,Oliveira,M,23,Brazil,Sao Paulo,3:02:59
9809,Pedro,Lewis,M,69,China,Shanghai,3:42:06
9810,Nikolai,Scott,M,51,Turkey,Izmir,5:49:36
9811,James,Harris,M,69,Italy,Milan,3:11:35
9812,Anna,Novak,F,19,South Africa,Pretoria,4:31:53
9813,Camila,Ramirez,F,27,Portugal,Porto,4:17:16
9814,Giovanni,Bianchi,M,52,France,Bordeaux,5:04:29
9815,James,Robinson,M,62,Finland,Tampere,3:42:03
9816,Ava,Nowak,F,58,Netherlands,Amsterdam,2:50:21
9817,Harry,Wilson,M,18,Canada,Vancouver,2:05:25
9818,Chiara,Gonzalez,F,60,Denmark,Aarhus,4:11:10
9819,Isabella,Oliveira,F,25,Canada,Calgary,4:31:34
9820,Sophia,Ivanov,F,32,Brazil,Salvador,5:16:07
9821,Alexander,Rodriguez,M,25,Switzerland,Geneva,2:39:24
9822,Abigail,Silva,F,49,Poland,Poznan,5:30:11
9823,Magdalena,Wilson,F,29,Germany,Hamburg,2:46:45
9824,George,Santos,M,45,Turkey,Bursa,4:32:55
9825,Alexander,Kuznetsov,M,67,Japan,Kyoto,3:42:57
9826,Isabela,Martin,F,45,Norway,Trondheim,3:18:20
9827,Evelyn,Kuznetsov,F,51,Finland,Oulu,5:08:12
9828,Elijah,Clark,M,39,China,Guangzhou,3:00:33
9829,Pedro,Rossi,M,32,Sweden,Vasteras,2:15:17
9830,George,Miller,M,30,Denmark,Esbjerg,5:19:54
9831,Camila,Walker,F,39,Brazil,Brasilia,3:45:17
9832,Pedro,Hernandez,M,60,United States,Chicago,4:39:31
9833,Maya,Smith,F,21,Ukraine,Kyiv,3:09:34
9834,Luis,Popov,M,46,Australia,Adelaide,3:26:35
9835,Thomas,Nowak,M,19,Slovakia,Zilina,4:59:40
9836,Jack,Garcia,M,33,Kenya,Mombasa,3:43:41
9837,Piotr,Harris,M,25,Poland,Krakow,3:59:01
9838,Luis,Young,M,39,United Arab Emirates,Dubai,4:30:12
9839,Noah,Torres,M,36,Netherlands,Utrecht,5:20:57
9840,Alexander,Bianchi,M,35,United States,Boston,4:24:52
9841,Thomas,Costa,M,66,Kenya,Nakuru,3:54:33
9842,Jan,Smith,M,52,Australia,Perth,3:54:01
9843,Piotr,Silva,M,43,Russia,Yekaterinburg,4:55:47
9844,Daria,Allen,F,36,Turkey,Istanbul,5:13:15
9845,Ekaterina,Murphy,F,56,United Arab Emirates,Abu Dhabi,2:59:52
9846,Arthur,Popov,M,55,Slovakia,Zilina,2:42:59
9847,Daniel,Young,M,56,Ukraine,Odesa,5:01:32
9848,Isabella,Popov,F,29,Singapore,Singapore,2:37:01
9849,John,Romano,M,61,Israel,Nazareth,2:22:43
9850,Jan,Petrov,M,21,Poland,Poznan,5:05:17
9851,Jan,White,M,34,Australia,Perth,4:23:56
9852,Sophia,Taylor,F,20,Japan,Tokyo,5:31:52
9853,Michael,Gonzalez,M,69,South Korea,Daegu,2:49:21
9854,Harry,Costa,M,44,France,Paris,4:53:03
9855,Alina,Martinez,F,53,Romania,Cluj-Napoca,2:43:51
9856,Harry,Smith,M,26,Russia,Moscow,4:10:28
9857,Mia,Petrov,F,33,Australia,Adelaide,5:15:46
9858,Sofia,Allen,F,65,United States,Chicago,2:24:18
9859,Noah,Moore,M,20,Slovakia,Zilina,4:30:26
9860,Noah,Thompson,M,57,Denmark,Aarhus,3:20:07
9861,Alexander,Nguyen,M,44,Finland,Oulu,2:16:41
9862,Lucia,Kowalczyk,F,42,United States,Los Angeles,5:53:31
9863,Mateo,Thompson,M,22,Australia,Melbourne,3:16:40
9864,Noah,Garcia,M,67,Czech Republic,Prague,5:51:33
9865,Katarzyna,Wright,F,53,Italy,Milan,5:22:28
9866,Valentina,Allen,F,62,Australia,Perth,5:24:13
9867,Lucas,Wright,M,55,Germany,Berlin,2:37:39
9868,Santiago,Wilson,M,66,Mexico,Cancun,5:00:18
9869,Marco,Romano,M,25,Argentina,Rosario,5:12:06
9870,Isabela,Kaczmarek,F,38,Spain,Bilbao,2:40:05
9871,Nikolai,Clark,M,32,Sweden,Malmo,5:04:58
9872,Chiara,Lee,F,53,Australia,Melbourne,4:27:18
9873,Ingrid,Perez,F,36,Spain,Bilbao,4:45:00
9874,Charlotte,Johnson,F,66,Turkey,Izmir,4:19:29
9875,Robert,Thompson,M,28,Canada,Toronto,4:00:37
9876,Yuki,Oliveira,F,65,Ethiopia,Mekelle,4:55:59
9877,Marco,Lopez,M,39,Australia,Adelaide,5:53:33
9878,Laura,Lewis,F,53,Russia,Novosibirsk,4:53:04
9879,Pedro,Harris,M,43,United Arab Emirates,Ras Al Khaimah,2:30:37
9880,Michael,Clark,M,55,United States,Los Angeles,4:54:54
9881,Giovanni,Lewis,M,41,Japan,Kyoto,5:15:02
9882,Alexander,Kaczmarek,M,56,Russia,Yekaterinburg,3:14:46
9883,Chiara,Smith,F,38,Spain,Bilbao,3:14:20
9884,Charlotte,Melo,F,70,Brazil,Brasilia,5:47:16
9885,Harry,Ramirez,M,66,Israel,Nazareth,2:19:10
9886,Giovanni,Smith,M,46,Brazil,Sao Paulo,2:22:23
9887,Giulia,Hernandez,F,60,Singapore,Singapore,2:22:11
9888,Isabella,Williams,F,69,Kenya,Nakuru,5:30:18
9889,Maria,Petrov,F,66,Italy,Milan,3:36:41
9890,Hugo,Harris,M,64,Canada,Montreal,5:14:02
9891,Evelyn,Scott,F,64,Denmark,Esbjerg,4:17:46
9892,Olivia,Murphy,F,28,Austria,Linz,2:38:07
9893,Evelyn,Hernandez,F,47,Brazil,Sao Paulo,5:44:12
9894,Olivia,Williams,F,26,Austria,Linz,5:11:59
9895,Oliver,Garcia,M,24,Turkey,Bursa,2:10:47
9896,Valentina,Romano,F,50,Czech Republic,Ostrava,5:29:35
9897,Giovanni,Sanchez,M,31,Germany,Hamburg,5:55:40
9898,Emily,Murphy,F,19,France,Lyon,5:36:17
9899,Ava,Melo,F,49,Netherlands,Utrecht,2:40:52
9900,Chiara,Miller,F,67,Denmark,Aarhus,2:27:48
9901,Liam,Oliveira,M,42,Turkey,Bursa,4:13:14
9902,Yuki,Santos,F,60,South Korea,Daejeon,2:27:42
9903,Megan,Kowalczyk,F,55,Italy,Rome,4:02:27
9904,Elijah,Novak,M,18,Germany,Munich,3:57:26
9905,Anna,Robinson,F,67,Norway,Trondheim,5:46:28
9906,Lucia,Perez,F,37,India,Mumbai,2:26:46
9907,Lorenzo,Jones,M,40,United Kingdom,Edinburgh,3:39:12
9908,Noah,Gomes,M,31,Ethiopia,Gondar,4:25:29
9909,Lucia,Smith,F,49,Spain,Seville,2:47:35
9910,Marco,King,M,31,Italy,Naples,3:08:20
9911,David,Jones,M,54,Kenya,Mombasa,2:26:21
9912,Megan,Torres,F,46,Hungary,Miskolc,3:41:59
9913,Carlos,Walker,M,63,Brazil,Rio de Janeiro,5:02:34
9914,Jack,Oliveira,M,58,South Africa,Port Elizabeth,3:36:06
9915,Jakub,Melo,M,28,Hungary,Debrecen,3:59:44
9916,Oliver,Jones,M,39,Argentina,Buenos Aires,4:09:40
9917,Harry,Ramirez,M,21,Kenya,Eldoret,4:23:03
9918,Daria,Johnson,F,68,United Kingdom,London,4:18:15
9919,Julia,Johnson,F,21,Turkey,Ankara,3:32:07
9920,Ekaterina,Anderson,F,46,Australia,Sydney,4:21:15
9921,Elijah,Romano,M,29,Russia,Kazan,3:43:44
9922,Piotr,Clark,M,49,Turkey,Istanbul,3:36:42
9923,Camila,Jackson,F,47,China,Chengdu,5:00:49
9924,Hugo,Brown,M,42,Norway,Trondheim,3:10:54
9925,Olivia,Allen,F,21,Singapore,Singapore,2:49:40
9926,Ingrid,Kowalski,F,37,Hungary,Debrecen,5:13:11
9927,Daniel,Lee,M,65,Spain,Seville,3:21:29
9928,Olivia,Kaczmarek,F,26,Canada,Calgary,5:09:09
9929,Emily,Davis,F,49,China,Guangzhou,5:02:27
9930,Harry,Scott,M,47,Ethiopia,Mekelle,5:10:31
9931,Ingrid,Taylor,F,57,Singapore,Singapore,3:29:02
9932,Sara,Scott,F,20,Germany,Cologne,3:01:58
9933,Sofia,Allen,F,23,Japan,Nagoya,4:09:32
9934,Sofia,Ramirez,F,26,Turkey,Bursa,5:50:39
9935,George,Martin,M,48,Sweden,Uppsala,3:16:32
9936,James,Kuznetsov,M,54,Portugal,Faro,5:12:00
9937,Laura,Allen,F,36,Slovakia,Nitra,3:29:03
9938,Jan,Silva,M,32,Hungary,Szeged,5:36:04
9939,Mia,Ivanov,F,51,China,Shenzhen,3:30:15
9940,Sunita,Wiśniewski,F,30,Argentina,Rosario,5:29:34
9941,Giovanni,Wilson,M,45,Romania,Bucharest,2:39:32
9942,Anna,Perez,F,20,Germany,Munich,4:34:48
9943,Michael,Moore,M,23,Italy,Milan,3:43:49
9944,Pedro,Johnson,M,56,Slovakia,Nitra,4:06:53
9945,Yuki,White,F,67,South Korea,Daegu,3:18:57
9946,Sara,Martinez,F,23,Austria,Linz,3:26:42
9947,Valentina,Jones,F,29,Mexico,Guadalajara,4:07:58
9948,Maya,Perez,F,38,Kenya,Eldoret,3:01:05
9949,Ingrid,Kowalczyk,F,66,South Africa,Port Elizabeth,3:52:41
9950,George,Novak,M,56,South Africa,Port Elizabeth,3:46:59
9951,Anna,Murphy,F,31,Russia,Novosibirsk,4:39:44
9952,Santiago,Taylor,M,28,India,Chennai,3:32:17
9953,Evelyn,Santos,F,53,Romania,Cluj-Napoca,2:22:57
9954,Anna,Robinson,F,64,Netherlands,The Hague,4:38:11
9955,Julia,Moore,F,53,Russia,Saint Petersburg,5:22:39
9956,Nikolai,Harris,M,45,Argentina,Mendoza,2:10:26
9957,Abigail,Wilson,F,49,India,Mumbai,4:54:57
9958,Emily,Hernandez,F,18,Netherlands,Eindhoven,2:48:43
9959,Emily,Williams,F,41,Norway,Bergen,3:19:17
9960,Sophia,Hernandez,F,55,Denmark,Odense,4:42:28
9961,Maria,Kuznetsov,F,67,Slovakia,Bratislava,4:25:12
9962,Chiara,Popov,F,60,South Africa,Pretoria,3:54:33
9963,Isabella,Ferrari,F,65,Japan,Sapporo,2:16:25
9964,Maria,Ramirez,F,39,Slovakia,Presov,3:48:56
9965,David,Davis,M,68,Romania,Timisoara,2:31:22
9966,Kacper,White,M,31,Singapore,Singapore,4:56:16
9967,Marco,Novak,M,32,Denmark,Aarhus,5:30:17
9968,Liam,Lopez,M,27,Italy,Naples,4:40:05
9969,Olivia,Silva,F,41,Czech Republic,Olomouc,5:15:02
9970,Lorenzo,Nguyen,M,44,Japan,Nagoya,2:46:10
9971,Daria,Young,F,46,South Korea,Daejeon,3:33:38
9972,Maya,Kowalczyk,F,69,Portugal,Porto,2:05:47
9973,Mikhail,Kowalski,M,66,Singapore,Singapore,4:27:32
9974,Arthur,Kowalski,M,26,Czech Republic,Prague,3:20:02
9975,Robert,Romano,M,26,United Kingdom,Edinburgh,5:28:42
9976,Henry,Gonzalez,M,24,Israel,Haifa,3:15:10
9977,Ava,Allen,F,57,United Kingdom,Edinburgh,2:48:37
9978,Harry,Martin,M,28,Netherlands,The Hague,4:27:20
9979,Katarzyna,Silva,F,29,South Africa,Pretoria,2:56:28
9980,Laura,Nowak,F,22,South Korea,Daejeon,3:24:50
9981,Mateusz,Bianchi,M,52,Germany,Hamburg,5:26:19
9982,Charlotte,Costa,F,25,Israel,Haifa,2:38:57
9983,Daniel,Novak,M,31,Russia,Yekaterinburg,3:38:37
9984,Olivia,Popov,F,23,Sweden,Gothenburg,3:54:27
9985,Mateo,Anderson,M,20,United Kingdom,London,2:17:29
9986,Piotr,Moore,M,34,Switzerland,Geneva,3:04:55
9987,Oleg,Lewis,M,44,Ukraine,Dnipro,5:23:24
9988,William,Wright,M,61,Brazil,Sao Paulo,3:35:24
9989,Arthur,Thompson,M,54,India,Chennai,4:08:36
9990,Ekaterina,Brown,F,43,Turkey,Ankara,2:16:37
9991,Pedro,Perez,M,66,Canada,Calgary,4:55:25
9992,Olga,Rossi,F,34,Ukraine,Odesa,3:37:02
9993,Piotr,Silva,M,43,Japan,Tokyo,5:44:01
9994,Olivia,Wright,F,18,South Africa,Cape Town,4:29:28
9995,Isabella,Costa,F,19,Russia,Moscow,3:32:42
9996,John,Harris,M,41,Ukraine,Kharkiv,3:02:16
9997,Maya,Melo,F,55,Czech Republic,Prague,5:50:56
9998,Lucas,Williams,M,30,Israel,Jerusalem,3:04:12
9999,Jakub,Allen,M,53,Hungary,Szeged,2:33:57
10000,Mia,Petrov,F,40,Israel,Nazareth,4:38:33
