BibNumber,FirstName,LastName,Gender,Age,Country,City,Time
1,Mateusz,Lewis,M,49,Czech Republic,Prague,2:15:23
2,Sunita,Ivanov,F,53,China,Beijing,4:51:37
3,Emily,Allen,F,67,Argentina,Rosario,3:32:41
4,Lucia,Petrov,F,54,United Arab Emirates,Abu Dhabi,3:16:08
5,Lorenzo,Smith,M,65,Norway,Bergen,3:44:44
6,Jan,Johnson,M,31,Romania,Cluj-Napoca,3:07:29
7,Mateusz,Costa,M,44,Russia,Moscow,3:20:42
8,Ava,Bianchi,F,36,Israel,Nazareth,2:05:10
9,Zuzanna,Ivanov,F,48,Romania,Bucharest,2:17:40
10,María,Anderson,F,63,Netherlands,Eindhoven,4:43:39
11,George,Young,M,26,Brazil,Salvador,5:59:31
12,Laura,Kowalczyk,F,55,Ethiopia,Addis Ababa,2:24:37
13,Sunita,Rossi,F,34,Ukraine,Kyiv,5:01:02
14,James,Thompson,M,36,Israel,Tel Aviv,5:21:40
15,Pedro,Gomes,M,61,Israel,Jerusalem,4:37:48
16,John,Petrov,M,21,United Kingdom,Manchester,2:46:32
17,Benjamin,Popov,M,65,Romania,Constanta,2:44:49
18,Julia,Jackson,F,28,Poland,Poznan,3:51:04
19,George,Gonzalez,M,39,Sweden,Stockholm,5:02:29
20,Alexander,Costa,M,21,Poland,Poznan,5:22:45
21,Megan,Oliveira,F,34,United States,Boston,2:47:32
22,Jack,Rossi,M,25,Portugal,Braga,5:59:48
23,David,Williams,M,63,Singapore,Singapore,5:30:27
24,Henry,Young,M,51,Portugal,Porto,2:29:42
25,James,Martin,M,28,Denmark,Aalborg,2:43:30
26,Olga,Costa,F,48,South Africa,Port Elizabeth,3:07:21
27,Giovanni,Hernandez,M,28,Singapore,Singapore,4:06:25
28,María,Davis,F,55,Australia,Sydney,4:11:57
29,Emily,Petrov,F,70,Denmark,Aarhus,3:08:59
30,Daniel,Thomas,M,38,France,Nice,4:11:21
31,Anna,Wilson,F,63,Sweden,Malmo,2:50:55
32,Mateo,Wiśniewski,M,47,United Kingdom,Birmingham,4:35:14
33,James,Miller,M,27,South Africa,Johannesburg,3:04:57
34,Isabela,Kuznetsov,F,43,Singapore,Singapore,4:29:12
35,Emma,Hernandez,F,44,Mexico,Monterrey,3:32:17
36,Zuzanna,Santos,F,25,Germany,Berlin,5:33:24
37,Jakub,Kaczmarek,M,56,Brazil,Sao Paulo,2:34:00
38,Mikhail,Anderson,M,25,United States,Los Angeles,2:40:24
39,Maria,Petrov,F,25,Romania,Bucharest,4:45:36
40,John,Santos,M,51,Spain,Valencia,3:33:11
41,Lucas,Petrov,M,33,Canada,Montreal,2:56:37
42,Henry,Gomes,M,58,Norway,Tromso,3:32:27
43,Daniel,Novak,M,30,Japan,Kyoto,3:19:29
44,Olivia,Garcia,F,40,Switzerland,Zurich,4:32:25
45,Piotr,Costa,M,29,Denmark,Aalborg,3:28:19
46,Chiara,Gomes,F,44,Sweden,Vasteras,5:20:33
47,Jack,Kaczmarek,M,39,Brazil,Sao Paulo,4:33:55
48,Yuki,Jones,F,49,Romania,Iasi,3:54:26
49,Anna,Harris,F,66,Australia,Sydney,4:07:24
50,Jakub,Nowak,M,44,Sweden,Vasteras,2:19:12
51,Olga,Silva,F,19,Russia,Kazan,5:59:18
52,Isabela,Bianchi,F,62,Russia,Yekaterinburg,3:27:06
53,Chiara,Anderson,F,50,Russia,Kazan,4:47:33
54,Maria,Davis,F,43,Austria,Linz,3:29:28
55,Alina,Garcia,F,45,Romania,Cluj-Napoca,5:27:17
56,Amelia,Garcia,F,36,India,Delhi,5:06:08
57,Piotr,Kowalczyk,M,60,China,Beijing,3:34:49
58,Harry,Gomes,M,22,Kenya,Mombasa,5:52:20
59,Lorenzo,Kowalczyk,M,50,South Africa,Durban,2:26:58
60,Lucas,Torres,M,37,Israel,Tel Aviv,2:07:01
61,Mateusz,Rodriguez,M,47,United Arab Emirates,Abu Dhabi,3:15:54
62,Jan,Harris,M,62,Spain,Madrid,5:23:39
63,Ingrid,Kowalczyk,F,25,Hungary,Miskolc,4:26:38
64,Liam,Martin,M,55,Ukraine,Odesa,5:27:54
65,Elijah,Nguyen,M,34,South Korea,Daegu,4:40:04
66,Hannah,Gonzalez,F,61,Singapore,Singapore,5:42:18
67,Jakub,Ramirez,M,18,United Kingdom,Manchester,5:47:29
68,Zuzanna,Kaczmarek,F,20,Turkey,Izmir,2:36:36
69,Mateusz,Bianchi,M,63,Slovakia,Presov,5:39:38
70,Evelyn,King,F,43,Kenya,Mombasa,3:44:36
71,Yuki,Nguyen,F,48,South Africa,Durban,4:18:26
72,Lucas,Miller,M,25,Canada,Toronto,4:27:17
73,Luis,Smith,M,60,Norway,Tromso,3:10:11
74,Hannah,Silva,F,63,Kenya,Mombasa,4:24:00
75,Sara,Lee,F,25,Ukraine,Dnipro,2:22:19
76,Abigail,Ferrari,F,52,Japan,Osaka,4:44:42
77,Alina,Romano,F,56,Finland,Espoo,3:10:04
78,Lucas,Young,M,45,Romania,Iasi,3:26:16
79,Giovanni,Martinez,M,68,Austria,Innsbruck,4:23:29
80,George,Jackson,M,21,Denmark,Odense,2:16:43
81,Abigail,Kowalczyk,F,33,Italy,Bologna,5:34:35
82,Ava,Murphy,F,30,Kenya,Mombasa,2:54:15
83,Jan,Martin,M,37,China,Shenzhen,3:36:10
84,David,Smirnov,M,68,United States,New York,3:52:20
85,Lucas,Moore,M,22,United Arab Emirates,Abu Dhabi,2:38:44
86,Jack,Walker,M,54,United States,New York,5:37:10
87,Giulia,Young,F,37,Australia,Brisbane,3:28:16
88,Alina,Kuznetsov,F,41,Finland,Vantaa,5:34:48
89,Julia,Brown,F,53,Finland,Tampere,3:54:29
90,Piotr,Martinez,M,51,Mexico,Mexico City,3:17:25
91,Hugo,Silva,M,62,Sweden,Gothenburg,4:54:09
92,Chiara,Smirnov,F,65,Mexico,Cancun,3:42:42
93,Sophia,Gomes,F,51,United Kingdom,Birmingham,3:38:54
94,Camila,Silva,F,36,Sweden,Gothenburg,5:41:13
95,Olivia,Popov,F,34,Israel,Beer Sheva,5:08:11
96,Luis,Martin,M,22,Turkey,Bursa,2:21:37
97,Sofia,Johnson,F,42,Japan,Nagoya,2:11:45
98,Thomas,Sanchez,M,35,Hungary,Debrecen,5:09:00
99,Piotr,Ramirez,M,70,South Africa,Durban,2:09:03
100,John,Thompson,M,67,India,Mumbai,4:17:47
101,Luis,Sanchez,M,25,Norway,Bergen,2:45:14
102,Isabella,King,F,44,India,Chennai,3:09:16
103,Nikolai,Jackson,M,32,Switzerland,Bern,3:49:23
104,Valentina,Smirnov,F,62,Poland,Gdansk,4:17:18
105,Olga,Sanchez,F,30,Australia,Adelaide,4:48:17
106,Benjamin,Rodriguez,M,33,Mexico,Puebla,4:28:44
107,Jan,Wiśniewski,M,39,Canada,Calgary,5:32:50
108,Maya,Costa,F,37,Argentina,Mendoza,5:54:32
109,Elijah,Silva,M,30,Russia,Kazan,5:08:18
110,Oleg,Robinson,M,37,Mexico,Guadalajara,2:24:01
111,Mateo,Torres,M,19,Argentina,Cordoba,3:13:46
112,Henry,Lewis,M,52,Israel,Nazareth,2:55:24
113,Emily,Jackson,F,64,China,Guangzhou,4:41:04
114,Abigail,Wilson,F,36,India,Delhi,5:51:24
115,Giulia,Bianchi,F,62,Spain,Madrid,4:01:47
116,Valentina,Kowalczyk,F,54,Denmark,Copenhagen,3:02:36
117,Olivia,White,F,23,South Korea,Busan,3:44:59
118,Jack,Miller,M,31,Denmark,Aarhus,3:14:57
119,Abigail,Harris,F,21,Denmark,Aalborg,4:39:47
120,Isabela,Ivanov,F,39,Romania,Constanta,3:42:04
121,Sofia,Gomes,F,68,Switzerland,Zurich,5:26:37
122,Sophia,Miller,F,56,Netherlands,Utrecht,3:57:46
123,Kacper,Walker,M,53,Slovakia,Nitra,2:52:32
124,Santiago,Brown,M,51,Romania,Constanta,2:45:55
125,Lucas,Allen,M,44,Turkey,Bursa,4:10:14
126,Piotr,Nguyen,M,24,United Kingdom,Glasgow,5:26:55
127,Isabela,Martinez,F,20,South Korea,Incheon,2:28:10
128,Laura,Thomas,F,64,Germany,Cologne,3:27:05
129,Oliver,Davis,M,50,Switzerland,Zurich,2:52:16
130,Anna,Sanchez,F,19,Russia,Moscow,2:15:17
131,Michael,Martin,M,59,Hungary,Pecs,5:04:48
132,George,Lopez,M,33,Singapore,Singapore,5:34:38
133,Jakub,Kaczmarek,M,42,China,Shenzhen,2:46:09
134,James,Kaczmarek,M,32,Slovakia,Bratislava,5:32:48
135,Sara,Costa,F,41,Portugal,Coimbra,2:50:02
136,Jakub,Moore,M,32,Ethiopia,Mekelle,3:49:17
137,María,White,F,48,Mexico,Guadalajara,5:50:49
138,Olivia,Davis,F,31,India,Hyderabad,4:20:05
139,Lucas,Garcia,M,31,Turkey,Istanbul,2:57:45
140,Amelia,Young,F,23,China,Shenzhen,4:25:51
141,Isabella,Anderson,F,31,Turkey,Antalya,5:14:30
142,Noah,Nguyen,M,34,China,Shanghai,4:59:43
143,Jack,Torres,M,35,Portugal,Braga,3:18:50
144,John,Moore,M,37,United Arab Emirates,Dubai,4:38:58
145,Benjamin,Rossi,M,68,Brazil,Brasilia,3:44:52
146,Harry,Lopez,M,34,South Korea,Daejeon,5:34:18
147,Julia,Walker,F,33,Singapore,Singapore,5:29:09
148,Isabela,Martin,F,57,Netherlands,Rotterdam,5:15:03
149,Jack,Rodriguez,M,56,Austria,Graz,3:54:57
150,Benjamin,Lee,M,69,Israel,Jerusalem,2:28:27
151,Isabella,Kuznetsov,F,49,Poland,Poznan,4:44:52
152,Daniel,Lopez,M,61,Canada,Calgary,4:38:21
153,Luis,Ferrari,M,26,Spain,Madrid,3:37:37
154,Noah,Sanchez,M,44,Israel,Nazareth,4:01:39
155,Olga,Ferrari,F,63,Hungary,Szeged,4:11:29
156,Daniel,Rossi,M,69,Argentina,Mendoza,3:01:46
157,Megan,Young,F,50,Italy,Rome,5:21:34
158,Isabella,King,F,27,Israel,Tel Aviv,3:40:00
159,Harry,Wright,M,34,Japan,Kyoto,4:20:27
160,Amelia,Wiśniewski,F,66,Czech Republic,Ostrava,3:15:27
161,Hugo,Petrov,M,66,Singapore,Singapore,5:08:27
162,Amelia,Lopez,F,53,Sweden,Stockholm,4:50:36
163,Yuki,Smirnov,F,34,Norway,Bergen,5:04:00
164,Camila,Smith,F,35,Sweden,Vasteras,2:30:45
165,Thomas,Lewis,M,69,Finland,Helsinki,4:06:47
166,Zuzanna,Davis,F,40,Sweden,Stockholm,4:20:32
167,Oliver,Rodriguez,M,51,Kenya,Nakuru,2:07:14
168,Jack,Wilson,M,25,Germany,Berlin,5:42:34
169,Mateo,Garcia,M,30,India,Chennai,2:52:39
170,Olga,Taylor,F,40,United States,Boston,5:19:30
171,Ava,Garcia,F,37,United Kingdom,Manchester,5:42:37
172,Lucas,Allen,M,39,Ethiopia,Mekelle,4:57:13
173,Daria,White,F,64,Slovakia,Zilina,3:45:03
174,Daniel,Hernandez,M,69,Romania,Cluj-Napoca,2:26:04
175,Isabela,Petrov,F,40,Germany,Hamburg,2:34:32
176,Liam,Thomas,M,58,Israel,Nazareth,2:07:44
177,Daria,Williams,F,52,Canada,Calgary,5:35:12
178,Robert,Santos,M,20,Hungary,Miskolc,5:11:19
179,Alina,Petrov,F,51,Japan,Osaka,4:31:51
180,Daniel,Lewis,M,50,Italy,Bologna,4:25:22
181,Henry,Torres,M,63,Japan,Osaka,3:57:05
182,Michael,Smirnov,M,34,Ukraine,Odesa,2:51:20
183,Zuzanna,King,F,62,India,Hyderabad,4:14:13
184,Katarzyna,Murphy,F,36,Hungary,Szeged,3:33:18
185,Daniel,Allen,M,47,Spain,Seville,5:14:03
186,Giulia,Smirnov,F,40,Austria,Linz,4:44:29
187,Charlotte,Petrov,F,32,Austria,Innsbruck,3:58:34
188,Ava,Thomas,F,31,Spain,Madrid,4:53:03
189,Ava,Gonzalez,F,19,Russia,Saint Petersburg,3:07:32
190,Alexander,Martin,M,56,Ethiopia,Bahir Dar,3:11:12
191,Hugo,Rodriguez,M,66,Italy,Rome,2:58:52
192,Yuki,Scott,F,35,South Africa,Durban,4:11:34
193,Giulia,Nguyen,F,23,United Kingdom,London,2:11:42
194,Katarzyna,Moore,F,49,Slovakia,Zilina,4:04:59
195,Henry,Popov,M,38,Denmark,Esbjerg,3:49:24
196,Arthur,Ramirez,M,57,Netherlands,Rotterdam,5:07:46
197,Isabella,Scott,F,45,Italy,Bologna,3:19:40
198,Maria,Taylor,F,44,Kenya,Mombasa,5:59:11
199,Julia,Nowak,F,19,Czech Republic,Prague,5:53:56
200,Sofia,Sanchez,F,50,Kenya,Nairobi,3:55:19
201,Sara,Garcia,F,33,United Kingdom,London,2:48:27
202,Alexander,Ivanov,M,56,Italy,Milan,4:41:22
203,Pedro,Smirnov,M,39,Finland,Helsinki,4:28:00
204,Abigail,Wright,F,60,Poland,Warsaw,3:01:44
205,Giulia,Jones,F,64,Singapore,Singapore,3:39:02
206,Mikhail,Novak,M,30,Spain,Madrid,4:51:05
207,Lorenzo,Kuznetsov,M,19,China,Chengdu,2:18:09
208,Magdalena,Torres,F,31,Italy,Milan,3:59:56
209,David,Murphy,M,55,Brazil,Brasilia,2:29:54
210,Mateo,Clark,M,58,Finland,Vantaa,2:50:51
211,Abigail,Lee,F,45,India,Mumbai,4:47:19
212,Isabela,Harris,F,24,Israel,Nazareth,3:56:50
213,Emma,Murphy,F,35,Germany,Munich,2:18:40
214,Ivan,Jones,M,58,Ukraine,Dnipro,3:30:40
215,Ekaterina,Davis,F,53,United Arab Emirates,Ras Al Khaimah,3:30:38
216,Daniel,Davis,M,58,Austria,Innsbruck,5:28:48
217,Thomas,Clark,M,53,Russia,Saint Petersburg,5:44:09
218,Isabella,Perez,F,61,Japan,Nagoya,4:46:11
219,Mia,White,F,21,Russia,Novosibirsk,2:44:29
220,Anna,Kaczmarek,F,47,Japan,Osaka,3:12:45
221,Ekaterina,Martinez,F,41,France,Paris,5:13:42
222,Chiara,Moore,F,37,Ukraine,Kyiv,5:59:42
223,Liam,Miller,M,63,Canada,Ottawa,2:29:23
224,Jakub,Anderson,M,48,Spain,Valencia,2:36:47
225,Jakub,Miller,M,41,Hungary,Miskolc,3:48:21
226,Lucas,Lopez,M,24,South Korea,Daegu,5:12:37
227,Megan,Popov,F,43,Austria,Innsbruck,4:16:35
228,Oleg,Nguyen,M,30,Spain,Madrid,5:22:17
229,Olivia,Miller,F,25,Israel,Tel Aviv,4:15:25
230,Megan,Thompson,F,22,Spain,Madrid,5:28:40
231,Ingrid,Costa,F,61,China,Guangzhou,3:11:05
232,Alina,Scott,F,30,Slovakia,Presov,5:42:18
233,Ekaterina,Murphy,F,46,Germany,Berlin,4:43:28
234,Benjamin,Santos,M,37,Argentina,Cordoba,2:08:01
235,Elijah,Hernandez,M,31,Slovakia,Kosice,3:45:00
236,Zuzanna,Wiśniewski,F,49,United States,Boston,5:05:46
237,Jakub,Lopez,M,67,Austria,Linz,4:05:45
238,Kacper,Bianchi,M,44,United Kingdom,Edinburgh,4:37:32
239,Hannah,Scott,F,42,Netherlands,Rotterdam,5:31:32
240,George,Oliveira,M,69,Romania,Iasi,5:51:12
241,Laura,Walker,F,21,Portugal,Porto,5:05:46
242,Maya,Rodriguez,F,38,Czech Republic,Ostrava,5:16:26
243,Maria,Smith,F,35,Ethiopia,Mekelle,2:21:29
244,David,Kuznetsov,M,56,Netherlands,Rotterdam,5:37:51
245,Alexander,Petrov,M,32,Brazil,Sao Paulo,4:50:17
246,Evelyn,Martinez,F,70,Singapore,Singapore,3:49:32
247,Jakub,Torres,M,55,Hungary,Pecs,2:16:46
248,Ekaterina,Brown,F,65,Norway,Oslo,3:55:52
249,Magdalena,Kuznetsov,F,69,Hungary,Budapest,5:30:07
250,Anna,Ivanov,F,41,Poland,Poznan,3:25:47
251,George,Clark,M,25,Ukraine,Kyiv,3:17:10
252,Giovanni,Lopez,M,45,South Africa,Cape Town,2:32:00
253,María,Thompson,F,38,Ukraine,Lviv,5:39:53
254,Giovanni,Allen,M,33,Czech Republic,Brno,3:22:29
255,Nikolai,Moore,M,33,France,Nice,5:18:33
256,Isabela,King,F,52,Germany,Frankfurt,3:54:56
257,Chiara,Martin,F,34,Switzerland,Lausanne,3:23:01
258,Mia,Martin,F,26,United Kingdom,Manchester,5:46:11
259,Lucia,Kaczmarek,F,52,Italy,Turin,4:19:04
260,Jan,Silva,M,69,Turkey,Istanbul,3:04:40
261,Mia,Novak,F,46,Hungary,Debrecen,5:57:18
262,Mia,Jones,F,56,Denmark,Aalborg,4:28:34
263,Ivan,Garcia,M,35,Hungary,Budapest,3:11:55
264,Sofia,Torres,F,29,South Africa,Pretoria,2:58:16
265,Sophia,Garcia,F,36,United States,Chicago,3:47:29
266,Alina,Scott,F,65,China,Guangzhou,3:20:53
267,Olivia,Bianchi,F,39,Sweden,Malmo,4:53:26
268,Olivia,Ramirez,F,66,Canada,Ottawa,5:04:53
269,David,Gomes,M,69,United Arab Emirates,Ras Al Khaimah,3:11:50
270,Henry,Walker,M,32,United States,Los Angeles,5:29:37
271,Olivia,Allen,F,18,Finland,Espoo,3:56:05
272,Hannah,Smirnov,F,19,Czech Republic,Brno,5:43:53
273,Amelia,Sanchez,F,25,Czech Republic,Ostrava,5:14:34
274,Olivia,Kowalski,F,39,Czech Republic,Brno,3:22:26
275,Valentina,Melo,F,42,Canada,Toronto,5:53:28
276,Olivia,Kuznetsov,F,19,Netherlands,Eindhoven,3:46:30
277,Isabela,Smirnov,F,68,South Africa,Port Elizabeth,3:07:30
278,Hannah,Kowalczyk,F,26,Czech Republic,Prague,4:55:50
279,Katarzyna,Thomas,F,26,Austria,Graz,4:48:57
280,Megan,Ivanov,F,30,Netherlands,Amsterdam,5:38:04
281,Yuki,Williams,F,23,United States,New York,5:12:59
282,George,Lewis,M,47,Sweden,Vasteras,5:08:04
283,Mateo,Ivanov,M,32,Netherlands,Utrecht,2:47:16
284,Robert,Santos,M,68,Germany,Cologne,2:59:19
285,Chiara,Lopez,F,70,France,Bordeaux,3:59:39
286,William,White,M,32,Romania,Cluj-Napoca,4:08:58
287,Henry,Allen,M,67,Finland,Helsinki,2:46:51
288,Katarzyna,Brown,F,24,Italy,Bologna,2:39:50
289,Pedro,Young,M,28,Norway,Oslo,3:22:14
290,Julia,Hernandez,F,57,Italy,Milan,2:14:27
291,Mateusz,Davis,M,55,Slovakia,Bratislava,2:07:00
292,Piotr,Melo,M,57,Turkey,Antalya,3:57:48
293,Anna,Romano,F,19,Israel,Tel Aviv,4:26:47
294,Daniel,Silva,M,68,Turkey,Ankara,5:48:46
295,Lucas,Jackson,M,65,Netherlands,Utrecht,2:15:20
296,Daria,Walker,F,56,Czech Republic,Prague,3:12:43
297,Alina,Taylor,F,27,South Korea,Daejeon,2:12:33
298,Hugo,Smith,M,61,Argentina,Cordoba,2:50:34
299,Ingrid,Sanchez,F,34,Finland,Oulu,5:06:03
300,Hugo,Gomes,M,24,Hungary,Pecs,5:39:59
301,Oleg,Gomes,M,57,United Kingdom,London,5:55:31
302,Isabella,Ferrari,F,56,Singapore,Singapore,2:20:58
303,Ava,Gomes,F,21,Israel,Beer Sheva,4:55:00
304,Sara,Santos,F,52,Romania,Constanta,5:40:34
305,Sunita,Silva,F,68,Ethiopia,Dire Dawa,2:17:42
306,Olivia,Brown,F,64,Ukraine,Dnipro,4:44:12
307,Katarzyna,Smith,F,53,United States,Chicago,3:17:15
308,Arthur,Robinson,M,48,Japan,Kyoto,5:53:17
309,Anna,Martin,F,42,Japan,Osaka,5:49:16
310,Kacper,Miller,M,58,Portugal,Coimbra,3:53:40
311,Liam,Thompson,M,30,Brazil,Rio de Janeiro,2:39:11
312,Santiago,Sanchez,M,35,Argentina,Rosario,4:01:29
313,Kacper,Smith,M,38,South Korea,Daegu,4:24:48
314,Charlotte,Ramirez,F,65,Austria,Salzburg,4:15:07
315,Olivia,Gonzalez,F,18,United States,Chicago,2:09:20
316,Mia,King,F,53,Ukraine,Kharkiv,3:57:26
317,David,Santos,M,67,Finland,Tampere,5:26:40
318,Alexander,Clark,M,25,Singapore,Singapore,3:43:10
319,Lucas,Melo,M,69,Japan,Tokyo,3:45:53
320,Michael,Smith,M,65,Denmark,Aalborg,5:31:21
321,Abigail,Kaczmarek,F,38,Japan,Sapporo,2:26:20
322,Maria,Anderson,F,60,Italy,Bologna,2:07:15
323,Emily,Sanchez,F,69,United Kingdom,London,3:46:39
324,Mateusz,Martin,M,70,Singapore,Singapore,4:16:17
325,Magdalena,Ramirez,F,70,Finland,Oulu,2:47:25
326,Camila,Wright,F,38,Israel,Jerusalem,5:49:49
327,Ekaterina,Miller,F,44,Kenya,Eldoret,5:51:15
328,María,Petrov,F,36,Israel,Haifa,5:19:37
329,Marco,Hernandez,M,40,Netherlands,Rotterdam,4:27:40
330,Henry,Thompson,M,68,Germany,Hamburg,5:45:23
331,Pedro,Smith,M,67,United Arab Emirates,Dubai,3:06:02
332,Katarzyna,Oliveira,F,68,Italy,Milan,5:42:35
333,Lorenzo,Davis,M,60,Singapore,Singapore,3:57:09
334,Lorenzo,Jackson,M,52,Argentina,Rosario,3:02:34
335,Oliver,Rodriguez,M,57,Switzerland,Geneva,5:41:00
336,Luis,Clark,M,69,Slovakia,Nitra,5:38:18
337,Anna,Santos,F,68,South Korea,Daejeon,3:25:08
338,Ava,Hernandez,F,59,Slovakia,Presov,4:19:08
339,Lorenzo,Walker,M,65,Slovakia,Zilina,5:43:27
340,Mikhail,Davis,M,22,Finland,Oulu,3:53:40
341,Carlos,Young,M,69,Slovakia,Bratislava,2:14:04
342,Thomas,Young,M,58,South Africa,Port Elizabeth,3:48:36
343,Henry,Lee,M,25,Norway,Trondheim,4:03:37
344,Luis,Allen,M,28,Argentina,Buenos Aires,3:21:39
345,Jakub,Rodriguez,M,33,Austria,Salzburg,3:02:03
346,Amelia,Miller,F,56,Portugal,Coimbra,5:43:12
347,Emma,Rodriguez,F,64,Austria,Vienna,3:25:05
348,Alexander,Thompson,M,41,Hungary,Budapest,5:01:04
349,David,Smith,M,38,Denmark,Esbjerg,3:19:43
350,Anna,Brown,F,69,Hungary,Debrecen,4:01:11
351,Anna,Ramirez,F,40,United Arab Emirates,Sharjah,5:33:47
352,Yuki,Kowalczyk,F,66,Denmark,Odense,4:03:39
353,Olivia,Ramirez,F,55,Germany,Cologne,2:23:17
354,John,Jackson,M,64,Italy,Milan,4:56:10
355,Nikolai,Young,M,25,Spain,Valencia,5:03:38
356,Mia,Wiśniewski,F,24,Ukraine,Lviv,3:59:20
357,Pedro,Thomas,M,19,Mexico,Monterrey,3:35:35
358,Sunita,Martinez,F,47,Slovakia,Zilina,5:30:55
359,Isabella,Lopez,F,30,United Kingdom,Edinburgh,5:23:23
360,Anna,Moore,F,40,Denmark,Odense,5:12:25
361,Lucas,Costa,M,46,Austria,Vienna,2:37:23
362,Maria,Smirnov,F,55,Czech Republic,Prague,2:33:39
363,Ivan,Petrov,M,54,Italy,Turin,3:41:08
364,Isabela,Gonzalez,F,37,Singapore,Singapore,4:26:22
365,Emily,Kuznetsov,F,50,Hungary,Budapest,5:23:01
366,Benjamin,Smirnov,M,46,Russia,Moscow,4:37:46
367,Isabella,Kowalski,F,67,Denmark,Odense,2:11:54
368,Camila,Gonzalez,F,32,United States,Boston,4:35:42
369,Harry,Novak,M,40,Czech Republic,Ostrava,4:03:25
370,Alexander,Anderson,M,59,Germany,Munich,5:24:29
371,Lucas,Rodriguez,M,20,Ukraine,Kharkiv,2:50:28
372,Luis,Williams,M,54,Australia,Adelaide,4:05:03
373,Mikhail,Gonzalez,M,46,Australia,Perth,3:22:21
374,Abigail,Ramirez,F,62,Czech Republic,Olomouc,5:27:32
375,Noah,Kowalski,M,25,Russia,Moscow,2:17:21
376,Lorenzo,Garcia,M,39,Canada,Toronto,2:14:51
377,Sophia,Harris,F,70,Portugal,Lisbon,2:17:29
378,Carlos,King,M,46,Germany,Munich,2:41:59
379,Daria,Smirnov,F,19,Sweden,Vasteras,4:35:29
380,Lucas,Anderson,M,58,Netherlands,Amsterdam,5:13:42
381,Piotr,Ramirez,M,66,France,Marseille,5:19:33
382,Emily,Brown,F,67,China,Chengdu,4:30:25
383,Isabella,Ramirez,F,62,Russia,Yekaterinburg,3:19:20
384,Sophia,Martin,F,18,Ukraine,Lviv,5:35:54
385,Amelia,Moore,F,61,Czech Republic,Pilsen,4:10:11
386,Magdalena,Moore,F,37,Israel,Jerusalem,4:51:05
387,Kacper,Kuznetsov,M,69,Mexico,Mexico City,5:00:35
388,Carlos,Thomas,M,38,South Korea,Incheon,4:10:08
389,Zuzanna,Santos,F,54,Netherlands,The Hague,2:49:13
390,Sophia,Lopez,F,25,Kenya,Nairobi,2:47:50
391,Ava,Smith,F,44,Portugal,Coimbra,3:40:48
392,Elijah,Petrov,M,64,Argentina,Cordoba,2:09:24
393,Jan,Wilson,M,52,Argentina,Cordoba,3:04:55
394,Alina,Walker,F,23,Switzerland,Zurich,5:47:29
395,Mikhail,Melo,M,62,France,Marseille,2:38:54
396,Yuki,Miller,F,61,France,Bordeaux,2:58:22
397,Isabela,Lopez,F,36,Argentina,Mendoza,4:27:53
398,Alexander,Young,M,35,Kenya,Eldoret,5:16:28
399,Magdalena,Perez,F,18,Turkey,Ankara,4:40:58
400,Daria,Davis,F,42,Sweden,Gothenburg,5:02:50
401,Benjamin,Petrov,M,44,Ukraine,Lviv,2:11:28
402,Olivia,Ivanov,F,24,United Arab Emirates,Abu Dhabi,3:48:17
403,Olga,Kaczmarek,F,61,Japan,Nagoya,2:39:31
404,Evelyn,Perez,F,59,Singapore,Singapore,4:28:06
405,Mateusz,Kowalczyk,M,46,Australia,Melbourne,4:15:40
406,Magdalena,Kowalczyk,F,48,South Korea,Incheon,5:46:10
407,Harry,King,M,61,United Arab Emirates,Ajman,5:22:29
408,George,White,M,60,Austria,Salzburg,2:59:16
409,Anna,Nowak,F,53,Switzerland,Basel,3:11:59
410,Mikhail,Wilson,M,36,Spain,Barcelona,4:58:51
411,Harry,Harris,M,23,Hungary,Budapest,3:45:58
412,Mia,Oliveira,F,42,United Arab Emirates,Ajman,3:55:30
413,Charlotte,Rodriguez,F,48,Hungary,Budapest,5:41:48
414,Yuki,Davis,F,26,Finland,Vantaa,2:52:39
415,Ava,Nguyen,F,37,Argentina,Cordoba,2:44:53
416,Lorenzo,Gonzalez,M,27,Turkey,Ankara,5:37:40
417,Marco,Gomes,M,54,United Arab Emirates,Ajman,3:58:39
418,Benjamin,Jones,M,44,Japan,Kyoto,5:59:51
419,Hannah,Kowalski,F,30,United States,Chicago,3:46:11
420,Anna,Martin,F,58,Ukraine,Lviv,2:39:10
421,Emily,Wiśniewski,F,19,Ethiopia,Bahir Dar,2:57:01
422,Valentina,Wright,F,67,Sweden,Stockholm,4:36:56
423,Alexander,Williams,M,38,Hungary,Debrecen,3:27:51
424,Henry,Gonzalez,M,50,Romania,Iasi,5:21:07
425,Carlos,Scott,M,41,Brazil,Brasilia,5:16:14
426,Maria,Santos,F,70,United States,Chicago,5:46:00
427,Thomas,Thompson,M,61,Ukraine,Kyiv,4:13:15
428,Magdalena,Lewis,F,59,Germany,Hamburg,5:24:03
429,Lucas,Melo,M,51,Kenya,Kisumu,3:00:54
430,Pedro,Jones,M,26,Japan,Sapporo,3:19:34
431,John,Clark,M,19,Germany,Frankfurt,3:01:37
432,Megan,Gomes,F,47,Italy,Bologna,3:35:17
433,Isabella,Rossi,F,39,China,Shenzhen,3:07:48
434,Noah,Hernandez,M,63,India,Delhi,3:49:41
435,George,Moore,M,28,United Kingdom,London,5:31:52
436,Evelyn,Jackson,F,60,Canada,Montreal,2:54:41
437,Oliver,Torres,M,34,Turkey,Ankara,3:37:01
438,Sophia,Rossi,F,53,Czech Republic,Olomouc,5:37:47
439,Valentina,Kowalczyk,F,30,United Kingdom,Birmingham,3:02:52
440,Luis,Young,M,24,United Arab Emirates,Dubai,2:48:37
441,Daniel,Costa,M,33,Mexico,Mexico City,3:36:21
442,Isabella,Jones,F,50,Austria,Linz,3:48:29
443,Mateo,Lewis,M,62,Argentina,Mendoza,3:03:19
444,David,Harris,M,18,Austria,Graz,4:01:35
445,Olga,Kaczmarek,F,28,Denmark,Odense,4:16:21
446,Julia,Sanchez,F,23,Czech Republic,Pilsen,3:04:52
447,Yuki,Moore,F,37,Switzerland,Bern,4:28:43
448,Giulia,Lopez,F,52,Czech Republic,Olomouc,3:45:54
449,Liam,Hernandez,M,61,Japan,Tokyo,4:06:12
450,Jack,Wilson,M,54,Turkey,Bursa,4:40:04
451,Maya,Smirnov,F,58,Ethiopia,Dire Dawa,3:23:16
452,Olivia,Oliveira,F,43,Sweden,Gothenburg,5:44:03
453,David,Robinson,M,29,Czech Republic,Ostrava,4:55:45
454,Isabella,Kuznetsov,F,47,Netherlands,Amsterdam,5:32:25
455,Robert,Taylor,M,45,Romania,Iasi,4:10:46
456,Oleg,Silva,M,44,Israel,Tel Aviv,3:52:53
457,Lucas,Jackson,M,59,Canada,Calgary,3:32:02
458,Mikhail,Scott,M,36,Ethiopia,Dire Dawa,5:33:30
459,Lucas,Hernandez,M,22,Hungary,Debrecen,2:45:49
460,Lucas,Williams,M,22,Japan,Kyoto,3:41:42
461,Daniel,Thomas,M,58,Ethiopia,Mekelle,2:14:04
462,Alina,Williams,F,44,United Arab Emirates,Dubai,3:55:52
463,Abigail,Oliveira,F,45,Finland,Tampere,3:50:27
464,Ekaterina,Gomes,F,43,Russia,Yekaterinburg,4:02:38
465,Evelyn,Moore,F,44,India,Bangalore,5:14:10
466,Elijah,Nowak,M,69,Denmark,Copenhagen,2:48:48
467,Ivan,Ferrari,M,66,Israel,Haifa,3:02:31
468,Giulia,Wright,F,59,Canada,Calgary,4:30:29
469,Lucas,Smith,M,38,Turkey,Izmir,2:28:56
470,Katarzyna,Novak,F,18,United Kingdom,Edinburgh,4:19:47
471,George,White,M,45,Romania,Timisoara,3:56:01
472,Zuzanna,Garcia,F,65,Sweden,Uppsala,5:08:27
473,Thomas,Taylor,M,32,Czech Republic,Ostrava,5:24:17
474,Evelyn,Clark,F,34,Turkey,Antalya,2:56:02
475,Sunita,Jackson,F,43,Denmark,Aarhus,2:09:19
476,Zuzanna,Brown,F,37,Italy,Milan,4:10:51
477,Liam,Ferrari,M,42,Poland,Wroclaw,5:43:33
478,Katarzyna,Anderson,F,30,United Arab Emirates,Ajman,3:18:31
479,Ekaterina,Lopez,F,50,India,Mumbai,3:25:41
480,Maria,Johnson,F,42,Russia,Yekaterinburg,4:17:41
481,Hannah,Petrov,F,25,Italy,Bologna,2:16:58
482,Maya,Miller,F,22,United States,Chicago,3:31:36
483,Jakub,Nowak,M,23,Canada,Ottawa,2:50:27
484,Maria,Costa,F,40,Italy,Bologna,5:09:53
485,Yuki,Scott,F,69,South Africa,Cape Town,4:10:46
486,Giulia,Ferrari,F,47,Ethiopia,Gondar,4:29:12
487,Marco,Anderson,M,31,Portugal,Coimbra,2:52:34
488,Jan,Moore,M,40,China,Shanghai,3:31:40
489,Giulia,Nguyen,F,28,Czech Republic,Pilsen,3:12:47
490,Laura,Martinez,F,48,Czech Republic,Olomouc,4:49:54
491,Marco,Anderson,M,23,Finland,Oulu,5:15:39
492,Isabela,White,F,28,Switzerland,Basel,2:54:37
493,Alexander,Santos,M,30,China,Guangzhou,5:53:14
494,John,Garcia,M,29,China,Guangzhou,4:51:46
495,Michael,Lopez,M,19,Hungary,Miskolc,3:03:00
496,Giovanni,Lopez,M,70,Romania,Cluj-Napoca,4:50:33
497,Camila,Gonzalez,F,52,South Africa,Port Elizabeth,5:46:01
498,Jack,Young,M,53,Ethiopia,Mekelle,5:45:09
499,Camila,Nowak,F,34,Canada,Vancouver,5:29:23
500,Alina,Johnson,F,45,United Kingdom,London,4:22:01
501,Daria,Hernandez,F,45,Kenya,Kisumu,3:03:13
502,Camila,Ferrari,F,39,Norway,Tromso,4:37:53
503,Luis,Ivanov,M,55,Israel,Nazareth,2:08:50
504,Yuki,Gonzalez,F,24,Japan,Kyoto,4:10:26
505,Isabella,Martinez,F,32,United Arab Emirates,Dubai,3:33:01
506,William,Ramirez,M,49,Ukraine,Lviv,5:07:48
507,Anna,Robinson,F,28,Canada,Montreal,2:25:51
508,Laura,Miller,F,41,Denmark,Aarhus,3:34:00
509,Megan,Rodriguez,F,20,United States,Boston,3:59:49
510,Olivia,Murphy,F,47,Canada,Vancouver,5:48:04
511,Charlotte,Harris,F,23,China,Beijing,5:36:26
512,Jakub,Johnson,M,19,Netherlands,Amsterdam,5:31:22
513,Amelia,Ferrari,F,31,Singapore,Singapore,2:37:43
514,Olivia,Wiśniewski,F,58,Portugal,Faro,5:37:42
515,Oliver,Rodriguez,M,35,China,Chengdu,2:57:46
516,Ivan,Kaczmarek,M,68,Argentina,Buenos Aires,2:34:38
517,James,Moore,M,61,Poland,Wroclaw,4:19:12
518,Abigail,Novak,F,48,Finland,Vantaa,3:26:10
519,Yuki,Smith,F,30,Poland,Poznan,2:24:07
520,Liam,Rossi,M,43,United States,Boston,2:52:27
521,Charlotte,Wright,F,61,South Africa,Pretoria,5:55:11
522,Piotr,Silva,M,29,Brazil,Salvador,3:09:10
523,Mia,Gonzalez,F,35,Japan,Nagoya,5:11:23
524,Evelyn,Walker,F,26,Spain,Barcelona,2:56:10
525,Ingrid,Santos,F,66,Finland,Espoo,2:15:20
526,Marco,Ferrari,M,38,Spain,Madrid,2:21:03
527,Mateo,Martin,M,65,Kenya,Nairobi,4:05:15
528,Piotr,Walker,M,66,Canada,Ottawa,5:09:12
529,Alexander,Thomas,M,70,Norway,Bergen,2:40:42
530,Sophia,Wright,F,57,South Africa,Johannesburg,4:46:32
531,Ekaterina,Novak,F,60,France,Bordeaux,5:14:41
532,Hannah,Davis,F,41,France,Nice,4:08:38
533,Emma,Ferrari,F,51,Argentina,Buenos Aires,2:27:06
534,Ava,Miller,F,25,Sweden,Vasteras,2:07:01
535,Hannah,Jackson,F,61,Portugal,Porto,3:16:53
536,Charlotte,Allen,F,70,United Kingdom,London,2:22:56
537,Lucia,Martinez,F,50,Germany,Frankfurt,5:14:49
538,Liam,Melo,M,40,Poland,Krakow,2:24:42
539,Lucas,Johnson,M,30,United Kingdom,Edinburgh,5:58:02
540,Lucas,Ramirez,M,70,Hungary,Pecs,2:18:14
541,Julia,Martinez,F,66,Japan,Sapporo,4:48:36
542,Katarzyna,Nowak,F,31,Mexico,Cancun,3:16:11
543,Nikolai,Anderson,M,31,Switzerland,Basel,4:26:23
544,Julia,Ivanov,F,33,China,Guangzhou,4:07:06
545,Amelia,Young,F,66,Hungary,Pecs,4:29:42
546,Mateo,Davis,M,55,India,Chennai,2:51:48
547,Lucas,Miller,M,56,Brazil,Salvador,3:02:08
548,Alina,Thompson,F,43,Denmark,Esbjerg,4:32:05
549,Isabella,Kowalski,F,43,Kenya,Nakuru,5:50:48
550,Anna,Davis,F,18,Slovakia,Kosice,3:03:19
551,Magdalena,Gomes,F,49,Austria,Innsbruck,2:41:12
552,Mia,Santos,F,32,Spain,Seville,5:17:58
553,Ava,Murphy,F,69,Italy,Naples,3:44:46
554,Abigail,Lopez,F,38,Portugal,Porto,3:10:07
555,Isabela,King,F,35,Turkey,Izmir,3:23:19
556,Piotr,Murphy,M,47,Romania,Constanta,4:03:01
557,Santiago,Ivanov,M,30,Netherlands,Utrecht,3:32:04
558,Pedro,Martinez,M,41,Mexico,Guadalajara,5:47:33
559,Daria,Kowalski,F,47,Poland,Gdansk,3:02:48
560,Alina,Thompson,F,19,Austria,Innsbruck,3:41:00
561,Charlotte,Moore,F,36,Spain,Madrid,5:54:31
562,Michael,Petrov,M,64,Brazil,Brasilia,2:13:10
563,Mateusz,Gomes,M,61,Australia,Melbourne,5:39:12
564,Alexander,Bianchi,M,64,Sweden,Malmo,3:16:03
565,William,Rossi,M,42,Turkey,Izmir,4:14:29
566,Olivia,Costa,F,67,Japan,Kyoto,4:34:10
567,Alexander,Kaczmarek,M,31,Switzerland,Bern,2:24:57
568,Alexander,Lee,M,23,Germany,Berlin,5:18:55
569,Abigail,Harris,F,29,Switzerland,Geneva,2:36:44
570,Marco,Popov,M,37,Turkey,Ankara,3:32:49
571,Emily,Ferrari,F,40,Switzerland,Geneva,2:32:30
572,Isabella,Davis,F,47,Japan,Nagoya,5:32:47
573,Jack,Ramirez,M,47,Russia,Saint Petersburg,2:58:11
574,Ekaterina,Martinez,F,55,Sweden,Gothenburg,2:05:27
575,Mia,Lee,F,47,United Arab Emirates,Dubai,3:49:20
576,Evelyn,Lopez,F,58,Denmark,Aalborg,2:50:50
577,Jakub,Thompson,M,47,Sweden,Uppsala,5:06:36
578,Zuzanna,Young,F,53,Turkey,Izmir,2:52:59
579,Pedro,Walker,M,66,South Korea,Daejeon,3:17:37
580,Carlos,Murphy,M,51,Canada,Ottawa,5:23:37
581,Piotr,Rodriguez,M,33,United Kingdom,Edinburgh,5:06:05
582,Anna,Harris,F,41,Spain,Madrid,2:52:12
583,Carlos,Scott,M,31,Czech Republic,Brno,2:56:49
584,Michael,Wright,M,43,Russia,Novosibirsk,5:33:04
585,Hannah,Young,F,25,Ethiopia,Mekelle,5:21:28
586,Daniel,Wright,M,31,Portugal,Braga,5:23:07
587,Lucas,Harris,M,48,Austria,Vienna,4:45:52
588,James,Nguyen,M,19,Germany,Cologne,3:40:58
589,Carlos,King,M,65,France,Nice,2:53:41
590,Jack,Kaczmarek,M,21,Kenya,Nakuru,2:28:53
591,Lucas,Smirnov,M,18,Ethiopia,Addis Ababa,3:18:48
592,Mia,Thomas,F,37,Australia,Brisbane,4:13:18
593,Mateusz,Smith,M,31,United Kingdom,Birmingham,4:20:11
594,Hugo,Silva,M,57,Brazil,Salvador,3:03:56
595,Emma,White,F,42,Turkey,Bursa,3:59:23
596,Thomas,Walker,M,42,Denmark,Esbjerg,2:24:41
597,Evelyn,Melo,F,20,Finland,Oulu,3:01:45
598,Lucas,Brown,M,22,South Korea,Daejeon,5:59:23
599,Kacper,White,M,55,China,Shanghai,5:31:06
600,Henry,Jackson,M,43,Netherlands,Utrecht,3:10:14
601,Giovanni,Martinez,M,57,Argentina,Cordoba,5:33:04
602,Thomas,Gomes,M,55,France,Marseille,5:14:43
603,Carlos,Thomas,M,55,Sweden,Uppsala,4:51:15
604,Hugo,Ferrari,M,21,Norway,Stavanger,3:07:02
605,Lucas,Brown,M,24,Canada,Toronto,5:33:33
606,Henry,Davis,M,47,Czech Republic,Pilsen,2:49:02
607,Alexander,Harris,M,47,Argentina,Rosario,4:11:17
608,Noah,Smirnov,M,36,Switzerland,Lausanne,5:55:49
609,Isabela,White,F,56,Israel,Jerusalem,3:06:51
610,Sophia,Smirnov,F,52,Romania,Iasi,2:54:20
611,Benjamin,Petrov,M,57,Slovakia,Kosice,3:25:30
612,Maya,Jones,F,50,United States,San Francisco,3:35:58
613,Emily,Romano,F,50,Argentina,La Plata,4:47:51
614,George,Costa,M,31,India,Delhi,2:31:59
615,Sofia,Johnson,F,55,Finland,Vantaa,3:47:18
616,Abigail,White,F,27,France,Bordeaux,5:10:58
617,Alexander,Garcia,M,45,United States,San Francisco,3:56:20
618,Ivan,Jones,M,31,Canada,Toronto,5:33:27
619,Olivia,Torres,F,53,Spain,Madrid,2:44:00
620,Lucia,Martinez,F,55,Italy,Turin,4:41:59
621,Santiago,Walker,M,33,Japan,Osaka,2:33:48
622,Henry,Kowalczyk,M,38,Czech Republic,Pilsen,3:04:45
623,Robert,Smirnov,M,45,Singapore,Singapore,2:08:21
624,Oleg,Walker,M,50,South Korea,Seoul,3:44:45
625,Lucia,Popov,F,23,Ethiopia,Gondar,3:47:55
626,Piotr,Lewis,M,58,Japan,Nagoya,2:57:40
627,Liam,Jackson,M,32,Israel,Haifa,5:16:05
628,Amelia,Martinez,F,61,Canada,Vancouver,2:33:33
629,Elijah,Oliveira,M,20,Russia,Novosibirsk,4:16:12
630,Oliver,Murphy,M,60,Portugal,Coimbra,4:15:39
631,Camila,Allen,F,64,Czech Republic,Ostrava,3:59:19
632,Sofia,Smith,F,52,Poland,Wroclaw,2:17:32
633,Laura,Romano,F,31,Brazil,Brasilia,5:46:44
634,Isabela,Ivanov,F,19,Ukraine,Kharkiv,2:06:54
635,Giovanni,Scott,M,46,Israel,Haifa,3:34:01
636,Alexander,Melo,M,21,United Arab Emirates,Dubai,3:11:20
637,Ingrid,Allen,F,43,United Kingdom,Edinburgh,3:50:25
638,Oleg,Kuznetsov,M,68,Romania,Bucharest,2:51:58
639,Lucas,Ramirez,M,29,Singapore,Singapore,2:12:48
640,Mateo,Moore,M,19,Japan,Kyoto,2:12:05
641,James,King,M,34,Finland,Espoo,4:20:41
642,Jakub,Rodriguez,M,52,France,Paris,2:31:15
643,Hugo,Sanchez,M,27,Czech Republic,Prague,4:52:37
644,Arthur,Brown,M,65,China,Beijing,2:18:53
645,Lucas,Sanchez,M,39,Austria,Salzburg,3:13:26
646,Camila,Ferrari,F,58,United Kingdom,Manchester,3:06:43
647,Olga,Murphy,F,60,Russia,Moscow,2:28:28
648,Isabella,Ferrari,F,38,Singapore,Singapore,3:03:01
649,Sara,Walker,F,32,Brazil,Rio de Janeiro,3:48:05
650,Jan,Nowak,M,52,Denmark,Aarhus,3:42:01
651,Luis,Ferrari,M,65,India,Hyderabad,4:57:42
652,Julia,Hernandez,F,38,Italy,Rome,3:59:04
653,Sophia,Bianchi,F,38,United Kingdom,Glasgow,3:51:35
654,Magdalena,Nowak,F,38,Turkey,Ankara,5:46:00
655,Pedro,Gonzalez,M,61,Netherlands,Utrecht,4:31:35
656,Mikhail,Miller,M,49,Denmark,Odense,2:08:32
657,Benjamin,Jones,M,22,Austria,Graz,5:26:33
658,Mateusz,Murphy,M,56,India,Mumbai,3:51:51
659,Anna,Johnson,F,26,South Africa,Port Elizabeth,5:23:50
660,Anna,Jackson,F,70,Australia,Adelaide,5:07:26
661,Mateo,Wright,M,35,South Korea,Seoul,5:38:47
662,Charlotte,Jones,F,38,Denmark,Aarhus,3:25:01
663,Giulia,Murphy,F,25,South Korea,Incheon,2:34:18
664,Liam,Wiśniewski,M,61,Norway,Oslo,3:41:20
665,Oleg,Gonzalez,M,69,Austria,Linz,5:49:06
666,Thomas,Gonzalez,M,51,United Arab Emirates,Dubai,5:38:05
667,Oliver,Thomas,M,27,Slovakia,Presov,5:12:40
668,Mikhail,Garcia,M,68,United Kingdom,Glasgow,4:34:33
669,Jack,Torres,M,58,Israel,Beer Sheva,5:31:53
670,Oliver,Torres,M,41,Czech Republic,Pilsen,5:18:42
671,John,Williams,M,57,Poland,Krakow,2:30:26
672,Sophia,Lee,F,41,South Korea,Seoul,2:19:00
673,James,Martin,M,49,Australia,Adelaide,5:46:10
674,Olivia,Thompson,F,50,Romania,Cluj-Napoca,2:27:21
675,Nikolai,Sanchez,M,55,Netherlands,Amsterdam,5:29:59
676,Isabella,Gonzalez,F,61,Ethiopia,Gondar,2:30:00
677,Jan,Wiśniewski,M,68,South Africa,Port Elizabeth,5:51:45
678,Luis,Popov,M,66,Japan,Tokyo,4:20:21
679,Katarzyna,Rodriguez,F,51,China,Chengdu,3:37:39
680,Charlotte,Perez,F,28,Portugal,Lisbon,3:43:46
681,Lucia,Santos,F,48,Portugal,Coimbra,4:30:07
682,David,Miller,M,35,United Arab Emirates,Ras Al Khaimah,5:19:14
683,David,Bianchi,M,40,Netherlands,Utrecht,5:58:11
684,Abigail,Johnson,F,39,Denmark,Odense,5:12:51
685,Maya,Rossi,F,60,South Korea,Seoul,4:12:55
686,Julia,Walker,F,35,United Kingdom,Glasgow,4:40:39
687,Maya,Costa,F,57,Australia,Brisbane,5:18:55
688,Oliver,Jackson,M,64,South Africa,Cape Town,3:52:37
689,Sofia,Martinez,F,58,Israel,Beer Sheva,2:59:16
690,Giovanni,Garcia,M,64,Hungary,Miskolc,2:48:14
691,James,Kuznetsov,M,56,Japan,Tokyo,3:05:56
692,Lucas,Oliveira,M,37,Romania,Iasi,4:47:20
693,Giulia,Bianchi,F,30,Turkey,Izmir,2:39:46
694,Alexander,Kaczmarek,M,62,Austria,Innsbruck,2:57:35
695,Mateo,Allen,M,18,Poland,Krakow,4:04:48
696,Megan,Popov,F,69,Kenya,Nakuru,3:51:36
697,George,Nowak,M,21,Romania,Cluj-Napoca,5:00:42
698,Megan,Gomes,F,41,Netherlands,Eindhoven,2:21:18
699,Piotr,Lewis,M,53,Denmark,Odense,4:59:57
700,Henry,Perez,M,53,Denmark,Esbjerg,5:26:15
701,Alina,White,F,62,Norway,Tromso,2:55:47
702,Arthur,Silva,M,19,Ukraine,Kharkiv,2:48:09
703,Pedro,Williams,M,45,Netherlands,Utrecht,2:38:26
704,Jakub,Thomas,M,43,Argentina,Mendoza,3:58:03
705,Hugo,Kowalski,M,40,China,Chengdu,3:44:02
706,Yuki,Jones,F,32,South Korea,Incheon,2:48:19
707,Alexander,Torres,M,53,Denmark,Odense,2:46:48
708,Olivia,Miller,F,44,United Arab Emirates,Abu Dhabi,5:33:31
709,Liam,Martinez,M,23,Russia,Moscow,4:57:11
710,Daria,Scott,F,52,Sweden,Malmo,4:26:11
711,Mia,Young,F,56,Germany,Frankfurt,2:24:53
712,Charlotte,Robinson,F,55,India,Mumbai,3:43:35
713,Jan,Hernandez,M,52,Romania,Iasi,4:50:49
714,Nikolai,Hernandez,M,53,South Africa,Port Elizabeth,2:39:05
715,William,Moore,M,27,Czech Republic,Olomouc,4:14:56
716,Ingrid,White,F,47,Romania,Iasi,4:25:39
717,Katarzyna,Garcia,F,70,Netherlands,The Hague,4:44:36
718,Isabella,Lopez,F,58,Kenya,Nairobi,4:44:24
719,Giovanni,Taylor,M,55,Australia,Perth,5:10:05
720,Emily,Taylor,F,46,Finland,Tampere,4:11:42
721,María,Nowak,F,69,Australia,Melbourne,3:06:12
722,Henry,Davis,M,60,Netherlands,Utrecht,4:04:41
723,Jack,Young,M,56,Turkey,Ankara,2:05:44
724,Ava,White,F,67,Canada,Montreal,2:39:45
725,Alina,Sanchez,F,21,Ethiopia,Gondar,3:20:11
726,Lucia,Silva,F,22,India,Bangalore,3:51:28
727,Arthur,Melo,M,21,Austria,Graz,5:03:52
728,Evelyn,Lewis,F,53,Ukraine,Dnipro,4:14:35
729,Mateusz,Allen,M,62,Spain,Valencia,5:01:02
730,Arthur,Lee,M,33,France,Bordeaux,3:34:31
731,Mateusz,Garcia,M,42,China,Beijing,5:03:27
732,Lucia,Allen,F,31,Germany,Cologne,5:47:52
733,María,Taylor,F,28,Denmark,Aarhus,4:17:28
734,Ava,Kowalski,F,46,South Korea,Seoul,5:48:50
735,Elijah,Kowalczyk,M,51,Poland,Krakow,5:31:14
736,Anna,Smirnov,F,39,Sweden,Uppsala,3:48:43
737,Thomas,Smith,M,31,Portugal,Faro,3:17:03
738,Abigail,Silva,F,41,Israel,Nazareth,3:55:26
739,Benjamin,Jackson,M,56,Singapore,Singapore,4:31:54
740,Jakub,Hernandez,M,43,Ukraine,Kharkiv,4:19:09
741,Jack,Sanchez,M,60,Ukraine,Kharkiv,5:17:53
742,William,Anderson,M,53,China,Guangzhou,5:56:34
743,Julia,Costa,F,56,Slovakia,Bratislava,4:03:11
744,Sara,Petrov,F,33,Canada,Toronto,4:29:36
745,James,Thompson,M,55,Kenya,Kisumu,5:09:39
746,Sara,Robinson,F,49,Netherlands,Rotterdam,4:21:56
747,Daniel,Santos,M,23,Sweden,Uppsala,4:51:46
748,Sara,Miller,F,51,Brazil,Rio de Janeiro,2:25:25
749,Mia,Lopez,F,25,Netherlands,The Hague,2:25:48
750,Charlotte,Melo,F,47,Canada,Calgary,4:34:30
751,Luis,Kaczmarek,M,44,Kenya,Kisumu,3:28:46
752,Isabela,Gonzalez,F,24,Australia,Perth,2:52:22
753,Laura,Perez,F,44,Israel,Nazareth,5:23:12
754,William,Lee,M,42,Slovakia,Zilina,3:39:58
755,Piotr,Murphy,M,63,Singapore,Singapore,2:31:22
756,Olivia,Wilson,F,58,Singapore,Singapore,3:25:48
757,Emily,Davis,F,32,Australia,Adelaide,4:50:05
758,Ekaterina,Robinson,F,42,Singapore,Singapore,5:21:23
759,Ava,Wright,F,39,France,Marseille,5:48:08
760,Abigail,Walker,F,35,United Arab Emirates,Ajman,5:36:53
761,Alexander,Novak,M,29,Germany,Hamburg,2:57:18
762,Hugo,Lee,M,40,France,Marseille,3:24:15
763,Jack,Williams,M,68,Sweden,Malmo,2:30:17
764,Yuki,Kaczmarek,F,62,Germany,Munich,5:07:04
765,Jakub,Brown,M,56,Japan,Tokyo,3:22:22
766,Magdalena,Rossi,F,42,Switzerland,Geneva,3:31:36
767,Isabela,Walker,F,27,Japan,Kyoto,5:10:55
768,Giulia,Brown,F,47,Canada,Toronto,5:25:55
769,Hugo,Costa,M,27,Netherlands,Eindhoven,3:07:48
770,Emma,Wiśniewski,F,51,Singapore,Singapore,3:48:18
771,Pedro,Moore,M,63,Kenya,Mombasa,4:19:32
772,Maria,Novak,F,30,South Africa,Johannesburg,4:46:28
773,Santiago,Garcia,M,46,South Korea,Daegu,5:23:39
774,Alexander,Jones,M,55,Spain,Valencia,3:37:38
775,Ekaterina,Sanchez,F,58,India,Chennai,4:50:27
776,James,Martin,M,62,Czech Republic,Olomouc,5:59:19
777,Marco,Costa,M,26,Portugal,Braga,2:27:23
778,Lucia,King,F,30,Ukraine,Odesa,4:59:19
779,Giulia,Petrov,F,54,Turkey,Istanbul,5:26:47
780,Maria,Lopez,F,31,Czech Republic,Brno,3:36:30
781,Sophia,Garcia,F,54,Russia,Kazan,3:33:55
782,Isabela,Perez,F,26,Brazil,Rio de Janeiro,2:05:48
783,Oleg,Hernandez,M,25,Romania,Timisoara,3:43:36
784,Lorenzo,Thompson,M,56,Denmark,Aarhus,2:46:50
785,Carlos,Walker,M,57,Denmark,Odense,3:48:45
786,Emily,Wright,F,20,Poland,Warsaw,5:17:06
787,Sofia,Smirnov,F,64,United States,San Francisco,3:06:00
788,Pedro,Thompson,M,57,Russia,Saint Petersburg,2:34:06
789,Jack,Harris,M,50,Norway,Trondheim,4:29:47
790,Olivia,Scott,F,49,United Arab Emirates,Dubai,4:21:10
791,George,Gonzalez,M,24,Argentina,Buenos Aires,2:15:33
792,Isabella,Popov,F,36,Kenya,Eldoret,4:01:20
793,Maya,Kowalski,F,51,China,Shenzhen,5:39:49
794,Abigail,Lee,F,31,Singapore,Singapore,5:08:29
795,Jan,Smith,M,67,Australia,Perth,2:50:20
796,Abigail,Santos,F,64,Mexico,Mexico City,2:07:55
797,Sara,Gomes,F,63,Canada,Toronto,5:14:12
798,Abigail,Young,F,36,Japan,Sapporo,4:32:10
799,Zuzanna,Davis,F,68,Singapore,Singapore,4:20:52
800,Lucia,Taylor,F,43,Denmark,Aalborg,3:00:57
801,Megan,Popov,F,34,Argentina,Mendoza,3:18:12
802,Liam,Lewis,M,45,South Korea,Daegu,3:34:39
803,Evelyn,Novak,F,36,Italy,Naples,3:44:30
804,María,Novak,F,44,Sweden,Gothenburg,4:29:26
805,Harry,Miller,M,65,Norway,Oslo,5:25:19
806,Ava,Wilson,F,69,Germany,Hamburg,4:48:58
807,Valentina,Clark,F,36,United Kingdom,Edinburgh,2:37:38
808,Hannah,Kaczmarek,F,50,United Arab Emirates,Dubai,3:56:19
809,Mateo,Murphy,M,68,Israel,Tel Aviv,5:47:28
810,Jakub,Wilson,M,24,Australia,Perth,4:07:28
811,Katarzyna,Wilson,F,46,Japan,Nagoya,3:43:04
812,Valentina,Ivanov,F,60,Czech Republic,Prague,5:30:12
813,Jack,Smith,M,22,Denmark,Esbjerg,4:27:20
814,Magdalena,Ferrari,F,47,Slovakia,Bratislava,4:32:08
815,Magdalena,Johnson,F,66,Hungary,Debrecen,3:05:14
816,Daria,Santos,F,60,Turkey,Ankara,3:08:40
817,Daria,Allen,F,25,Mexico,Cancun,3:17:02
818,Lucas,Smirnov,M,59,United States,Chicago,3:36:07
819,Michael,Nowak,M,29,Romania,Bucharest,5:30:25
820,Giovanni,Clark,M,59,Singapore,Singapore,3:36:42
821,Lucia,Thompson,F,30,Kenya,Nairobi,5:05:09
822,Kacper,Romano,M,43,Czech Republic,Olomouc,3:51:19
823,Daniel,Ramirez,M,35,Italy,Turin,2:25:04
824,Robert,Wiśniewski,M,59,Switzerland,Bern,4:57:33
825,Anna,Davis,F,68,Mexico,Cancun,3:52:29
826,Camila,Robinson,F,69,Mexico,Cancun,4:57:51
827,Pedro,White,M,66,India,Mumbai,4:27:19
828,Santiago,Scott,M,37,Netherlands,Eindhoven,2:25:03
829,Yuki,Hernandez,F,33,United States,Los Angeles,3:54:18
830,Daniel,Ramirez,M,54,Ethiopia,Mekelle,2:21:22
831,Jakub,Jackson,M,20,Canada,Ottawa,4:33:43
832,Pedro,Novak,M,44,Canada,Montreal,3:53:48
833,Nikolai,Smirnov,M,32,Sweden,Vasteras,3:55:55
834,Arthur,Gomes,M,51,Ukraine,Kharkiv,5:47:34
835,Benjamin,Garcia,M,62,Slovakia,Presov,3:38:19
836,Benjamin,Garcia,M,39,Ethiopia,Dire Dawa,5:48:49
837,Emma,Kowalski,F,57,Germany,Cologne,3:39:50
838,Carlos,Miller,M,40,Romania,Bucharest,5:04:52
839,Olivia,Kowalczyk,F,66,Japan,Sapporo,3:43:25
840,Sunita,Gomes,F,21,Kenya,Nairobi,3:50:31
841,Daniel,Miller,M,68,Ethiopia,Bahir Dar,4:29:04
842,María,Allen,F,58,Italy,Milan,3:12:53
843,Harry,Bianchi,M,40,United Kingdom,Birmingham,2:53:14
844,Ava,Petrov,F,64,China,Beijing,2:42:14
845,Nikolai,Silva,M,26,Slovakia,Kosice,4:12:11
846,Carlos,Wilson,M,41,Canada,Vancouver,3:42:39
847,Lucas,Kaczmarek,M,38,Slovakia,Kosice,4:24:15
848,Sara,Scott,F,58,Finland,Oulu,2:29:07
849,Julia,Davis,F,63,Singapore,Singapore,5:26:01
850,Valentina,Silva,F,70,Australia,Melbourne,2:06:41
851,John,Davis,M,33,Israel,Tel Aviv,5:29:06
852,Katarzyna,Rossi,F,42,United States,Los Angeles,4:08:54
853,Giovanni,Clark,M,43,Netherlands,Utrecht,5:23:19
854,Laura,Smith,F,66,Czech Republic,Olomouc,4:07:00
855,Mateusz,Rossi,M,62,Sweden,Uppsala,4:45:44
856,Lucas,Allen,M,26,South Africa,Durban,5:41:18
857,Nikolai,Moore,M,32,Ethiopia,Addis Ababa,5:53:58
858,Alexander,Martin,M,56,Russia,Saint Petersburg,5:05:50
859,Lucia,Ivanov,F,50,Norway,Trondheim,2:13:55
860,Ivan,Smith,M,18,Singapore,Singapore,4:10:00
861,Lucia,Williams,F,22,Germany,Frankfurt,2:33:20
862,Liam,Johnson,M,26,Poland,Warsaw,4:02:19
863,Abigail,Rossi,F,61,China,Shanghai,4:45:55
864,Mateusz,Romano,M,23,South Africa,Durban,5:56:57
865,Robert,Ferrari,M,45,Singapore,Singapore,4:03:34
866,Yuki,Lee,F,62,Norway,Stavanger,5:31:51
867,Piotr,Hernandez,M,43,Denmark,Copenhagen,4:09:29
868,Jack,Ramirez,M,45,Poland,Poznan,3:53:12
869,Anna,Scott,F,57,Slovakia,Kosice,3:17:24
870,Laura,Gonzalez,F,32,Netherlands,Rotterdam,2:37:51
871,Arthur,Nowak,M,23,France,Marseille,5:51:22
872,Luis,Romano,M,44,Hungary,Debrecen,4:45:44
873,Sophia,Bianchi,F,55,Sweden,Stockholm,4:48:05
874,Jack,Ramirez,M,21,United Kingdom,London,2:16:52
875,Henry,Novak,M,28,Turkey,Ankara,3:05:55
876,Jakub,Popov,M,38,Mexico,Monterrey,5:33:54
877,Camila,Sanchez,F,47,Italy,Bologna,5:37:48
878,Zuzanna,King,F,35,South Korea,Daejeon,3:49:01
879,Mateo,Ramirez,M,52,Netherlands,The Hague,3:52:52
880,Lucas,Miller,M,20,Kenya,Nakuru,5:29:36
881,Henry,Allen,M,29,Denmark,Copenhagen,4:14:20
882,Amelia,Novak,F,44,Portugal,Faro,4:45:40
883,Jack,Rossi,M,70,China,Shenzhen,3:05:48
884,Luis,Romano,M,47,Argentina,Mendoza,3:30:24
885,Maria,Romano,F,38,Mexico,Monterrey,4:55:05
886,Thomas,Hernandez,M,55,China,Chengdu,4:29:10
887,Zuzanna,Wilson,F,38,South Africa,Port Elizabeth,2:52:23
888,James,Garcia,M,55,Sweden,Uppsala,4:17:53
889,Noah,Ramirez,M,57,Netherlands,Utrecht,2:14:52
890,Liam,Novak,M,32,Japan,Tokyo,2:13:17
891,Maya,Martinez,F,35,Russia,Yekaterinburg,2:40:34
892,Emma,Kowalski,F,69,Netherlands,Amsterdam,2:45:49
893,Hannah,Melo,F,46,Denmark,Aalborg,3:35:12
894,James,Torres,M,65,Denmark,Odense,4:09:08
895,Julia,Johnson,F,55,Italy,Bologna,3:16:32
896,Henry,Robinson,M,38,South Africa,Durban,5:08:23
897,Kacper,Lopez,M,34,United Arab Emirates,Dubai,2:05:26
898,Anna,Nowak,F,58,Poland,Warsaw,5:26:48
899,Lucas,Martin,M,68,Spain,Barcelona,4:50:09
900,Lorenzo,Wright,M,35,United Kingdom,Glasgow,5:48:21
901,Ivan,Popov,M,54,United Kingdom,Glasgow,2:42:33
902,Jakub,Kaczmarek,M,55,Mexico,Mexico City,3:05:42
903,Alexander,Petrov,M,29,Finland,Tampere,3:05:55
904,Sophia,Moore,F,28,Kenya,Eldoret,5:53:46
905,James,Gomes,M,65,Italy,Rome,5:16:30
906,Abigail,Novak,F,69,Norway,Bergen,5:39:50
907,Emma,Novak,F,66,Netherlands,Utrecht,5:47:59
908,Harry,Costa,M,37,Israel,Nazareth,5:35:49
909,Benjamin,Davis,M,26,South Korea,Daegu,4:42:55
910,Giovanni,Gomes,M,18,Brazil,Brasilia,2:23:06
911,Yuki,Davis,F,20,Australia,Melbourne,4:18:42
912,Benjamin,Martinez,M,38,Austria,Linz,2:38:35
913,Alina,Taylor,F,40,Kenya,Nakuru,3:29:27
914,Santiago,Garcia,M,26,Portugal,Faro,4:50:07
915,Isabella,Young,F,36,Singapore,Singapore,4:03:43
916,Mateusz,Melo,M,62,Spain,Seville,5:57:14
917,Hugo,Sanchez,M,63,Austria,Graz,4:50:18
918,Charlotte,Young,F,69,Spain,Seville,4:03:04
919,Emma,Clark,F,36,South Africa,Durban,4:36:39
920,William,Young,M,40,Australia,Brisbane,3:02:43
921,Isabella,Wilson,F,44,China,Beijing,3:17:21
922,Carlos,Harris,M,44,Canada,Vancouver,3:52:01
923,Zuzanna,Novak,F,56,Germany,Hamburg,5:35:34
924,María,Bianchi,F,53,Hungary,Miskolc,3:19:27
925,Mateo,Lopez,M,29,Canada,Ottawa,4:35:00
926,Oleg,Smith,M,44,Denmark,Odense,2:53:16
927,Santiago,Petrov,M,63,Israel,Beer Sheva,4:57:42
928,Ingrid,Novak,F,51,Germany,Cologne,2:57:08
929,Yuki,Silva,F,50,Italy,Rome,3:15:55
930,Oliver,Davis,M,45,South Korea,Daegu,4:40:42
931,Piotr,Thompson,M,48,South Africa,Cape Town,3:59:40
932,Emily,Kowalski,F,49,Finland,Tampere,5:22:50
933,Yuki,Wright,F,67,Italy,Naples,2:27:14
934,Olivia,Hernandez,F,37,Ukraine,Odesa,4:30:09
935,Robert,Kowalczyk,M,57,Poland,Warsaw,4:02:58
936,Alexander,Gomes,M,52,United States,Los Angeles,2:26:28
937,Lucas,Gonzalez,M,48,China,Chengdu,4:33:57
938,Yuki,Johnson,F,48,South Africa,Cape Town,5:36:47
939,Daniel,Johnson,M,55,Canada,Calgary,5:27:39
940,Megan,Allen,F,39,Brazil,Salvador,3:39:07
941,Alexander,Wilson,M,62,Slovakia,Nitra,5:32:07
942,Magdalena,Davis,F,58,Ethiopia,Addis Ababa,3:43:48
943,Giulia,Johnson,F,26,Australia,Melbourne,3:25:02
944,Zuzanna,Rodriguez,F,69,Argentina,La Plata,2:16:37
945,Lucas,Garcia,M,26,Spain,Valencia,5:12:06
946,Henry,Moore,M,32,Netherlands,Eindhoven,2:12:54
947,Mikhail,Walker,M,30,Argentina,Mendoza,5:27:48
948,Valentina,Garcia,F,39,Netherlands,Utrecht,5:57:28
949,Katarzyna,Kuznetsov,F,33,South Korea,Seoul,4:13:16
950,Olga,Nowak,F,49,Russia,Saint Petersburg,3:53:52
951,Alina,Robinson,F,19,Portugal,Coimbra,4:30:02
952,Olivia,Ramirez,F,43,Romania,Constanta,4:30:29
953,David,Sanchez,M,31,Ukraine,Lviv,4:59:12
954,Valentina,Taylor,F,55,Romania,Timisoara,2:54:04
955,Santiago,Gonzalez,M,51,Brazil,Salvador,3:38:52
956,Mikhail,Sanchez,M,25,United Arab Emirates,Ajman,5:26:06
957,Charlotte,Nguyen,F,53,Netherlands,Amsterdam,3:34:44
958,Harry,Martin,M,38,Turkey,Istanbul,2:27:46
959,Mateo,Rossi,M,63,China,Chengdu,2:22:41
960,Giulia,Popov,F,60,United Kingdom,Manchester,5:33:40
961,Michael,Ramirez,M,45,Romania,Cluj-Napoca,2:43:27
962,María,Ramirez,F,63,Finland,Tampere,2:10:07
963,George,Kowalczyk,M,61,Argentina,La Plata,5:36:30
964,Mikhail,Ferrari,M,65,Singapore,Singapore,4:38:08
965,Jan,Kowalski,M,23,Sweden,Vasteras,4:42:56
966,Benjamin,Murphy,M,37,Portugal,Faro,5:54:47
967,Julia,Ramirez,F,48,India,Delhi,5:42:17
968,Lorenzo,Torres,M,50,India,Mumbai,4:40:21
969,Katarzyna,White,F,61,Austria,Vienna,2:10:03
970,William,Lewis,M,24,Norway,Stavanger,3:53:06
971,Sofia,Oliveira,F,25,Slovakia,Bratislava,3:37:46
972,Ava,Allen,F,26,Canada,Vancouver,3:30:57
973,Maria,Nguyen,F,19,Ukraine,Kharkiv,3:09:51
974,Carlos,Jackson,M,34,South Korea,Incheon,4:35:46
975,George,Ferrari,M,69,Switzerland,Bern,5:47:37
976,Robert,Thompson,M,62,South Africa,Durban,4:50:37
977,Laura,Johnson,F,54,Canada,Ottawa,3:40:24
978,Lucas,Lopez,M,59,Australia,Perth,3:49:40
979,Jan,Ramirez,M,61,United Arab Emirates,Ajman,3:34:10
980,Camila,Thompson,F,34,Kenya,Mombasa,4:35:09
981,Ivan,Jones,M,70,Switzerland,Lausanne,5:58:45
982,Giulia,Petrov,F,55,Mexico,Cancun,5:22:21
983,Mateusz,White,M,52,Poland,Krakow,4:37:44
984,Alexander,Kaczmarek,M,64,United States,Los Angeles,3:13:53
985,Zuzanna,Davis,F,56,Ukraine,Lviv,4:41:10
986,Liam,Lee,M,47,Slovakia,Zilina,2:06:44
987,Olivia,Kuznetsov,F,23,Hungary,Pecs,4:25:46
988,Piotr,Wilson,M,21,Hungary,Debrecen,4:11:11
989,Giovanni,Torres,M,68,France,Paris,5:03:47
990,Zuzanna,Santos,F,54,China,Shenzhen,3:55:01
991,Chiara,Scott,F,52,United States,Los Angeles,3:56:11
992,Isabella,Harris,F,26,Kenya,Kisumu,4:31:22
993,Nikolai,Murphy,M,23,Israel,Nazareth,4:30:16
994,Giulia,King,F,30,Turkey,Izmir,4:27:41
995,Hugo,Miller,M,39,Czech Republic,Prague,5:31:29
996,Thomas,Moore,M,45,Netherlands,The Hague,2:54:23
997,Yuki,Oliveira,F,47,Switzerland,Basel,4:32:35
998,William,Torres,M,69,Switzerland,Bern,2:16:29
999,Lucia,Ivanov,F,53,Spain,Bilbao,5:05:38
1000,Pedro,Lee,M,19,Singapore,Singapore,3:57:23
1001,Jan,Gonzalez,M,53,Slovakia,Kosice,2:48:08
1002,Valentina,Brown,F,25,South Africa,Pretoria,2:30:35
1003,Olivia,Young,F,62,Ethiopia,Dire Dawa,2:38:48
1004,Ava,Moore,F,59,Mexico,Puebla,5:45:18
1005,Lucia,Davis,F,67,Spain,Valencia,2:35:56
1006,Amelia,Lewis,F,26,Japan,Kyoto,2:58:06
1007,Sofia,Murphy,F,18,Sweden,Vasteras,2:51:09
1008,Zuzanna,Nguyen,F,30,Romania,Constanta,3:46:25
1009,Jakub,Thomas,M,67,Czech Republic,Pilsen,3:53:06
1010,Jack,Johnson,M,32,South Korea,Daegu,4:05:41
1011,Nikolai,Johnson,M,49,Mexico,Monterrey,2:54:47
1012,Ingrid,Smith,F,51,Austria,Salzburg,4:20:35
1013,Sara,Jackson,F,60,France,Lyon,5:46:05
1014,Henry,Romano,M,48,Kenya,Eldoret,3:46:30
1015,Laura,Williams,F,31,Denmark,Aalborg,5:36:07
1016,Hannah,Melo,F,64,Portugal,Porto,5:55:01
1017,Robert,Williams,M,31,Israel,Beer Sheva,4:40:40
1018,Anna,Nowak,F,65,India,Delhi,2:18:00
1019,Emma,Jones,F,46,Israel,Haifa,3:18:25
1020,John,Miller,M,64,Israel,Beer Sheva,2:40:53
1021,Lucia,Popov,F,36,Israel,Beer Sheva,4:30:47
1022,Oleg,Moore,M,44,Hungary,Miskolc,2:59:56
1023,Zuzanna,Wiśniewski,F,26,Japan,Osaka,3:00:13
1024,Katarzyna,Sanchez,F,54,Sweden,Uppsala,3:19:52
1025,Mia,Scott,F,54,United States,New York,3:49:56
1026,Jan,Young,M,60,Australia,Melbourne,2:48:03
1027,Sunita,Brown,F,45,Japan,Sapporo,5:23:19
1028,Laura,Martin,F,69,South Korea,Daejeon,5:26:00
1029,Giovanni,Young,M,41,Japan,Kyoto,2:55:43
1030,Amelia,Romano,F,45,Slovakia,Bratislava,5:11:45
1031,Mateusz,Kowalski,M,53,Singapore,Singapore,4:11:09
1032,Charlotte,Johnson,F,69,Netherlands,Amsterdam,3:44:39
1033,Lucas,Brown,M,35,China,Chengdu,5:25:36
1034,Liam,Rodriguez,M,42,Sweden,Uppsala,2:24:29
1035,Benjamin,Lee,M,52,Spain,Madrid,2:59:22
1036,Isabela,Anderson,F,21,Hungary,Debrecen,4:02:16
1037,Mateo,Garcia,M,31,Poland,Wroclaw,3:57:06
1038,Valentina,Popov,F,56,Portugal,Porto,3:12:02
1039,Mateusz,Ferrari,M,43,Poland,Warsaw,4:24:52
1040,Daniel,Smith,M,25,Ukraine,Kharkiv,2:36:30
1041,Sophia,Taylor,F,41,South Korea,Incheon,4:21:43
1042,Ava,Davis,F,33,Netherlands,The Hague,3:31:11
1043,Elijah,Martin,M,37,Italy,Bologna,4:54:28
1044,Isabella,Taylor,F,32,Denmark,Aalborg,4:43:37
1045,Anna,Smirnov,F,24,Czech Republic,Prague,5:17:43
1046,Sunita,Rossi,F,34,Turkey,Izmir,5:29:22
1047,Jakub,Moore,M,39,Singapore,Singapore,5:45:07
1048,Mateo,Gomes,M,39,Portugal,Coimbra,3:56:04
1049,Evelyn,Nguyen,F,29,Italy,Turin,4:06:47
1050,Giovanni,Davis,M,35,Ukraine,Dnipro,3:49:03
1051,Evelyn,Lee,F,63,Austria,Vienna,3:04:16
1052,Abigail,Wiśniewski,F,64,Singapore,Singapore,4:06:44
1053,Maya,Oliveira,F,32,India,Mumbai,3:27:46
1054,Lucia,Novak,F,54,Finland,Tampere,2:11:05
1055,María,Petrov,F,33,France,Lyon,4:19:11
1056,Lucas,King,M,22,Czech Republic,Prague,2:15:56
1057,Megan,Thomas,F,19,Germany,Frankfurt,4:24:12
1058,Jack,Walker,M,69,Brazil,Sao Paulo,4:24:26
1059,Michael,Moore,M,45,Singapore,Singapore,3:02:50
1060,Zuzanna,Kaczmarek,F,58,Slovakia,Nitra,3:12:40
1061,Emily,Anderson,F,44,Romania,Cluj-Napoca,3:38:19
1062,Mia,Taylor,F,48,Russia,Kazan,2:14:04
1063,Alina,Kuznetsov,F,58,Canada,Toronto,5:25:46
1064,James,Thompson,M,53,Israel,Tel Aviv,3:52:06
1065,Thomas,Romano,M,64,Brazil,Brasilia,2:34:21
1066,Anna,Petrov,F,60,Austria,Vienna,2:20:56
1067,Hugo,Smirnov,M,18,France,Marseille,4:29:03
1068,William,Jones,M,67,Denmark,Odense,4:21:16
1069,Michael,Brown,M,46,Austria,Graz,4:14:51
1070,Hugo,Smith,M,18,Kenya,Nakuru,4:22:53
1071,Hugo,Robinson,M,25,Canada,Vancouver,2:25:36
1072,Jakub,Gonzalez,M,33,Canada,Vancouver,3:26:51
1073,Michael,Miller,M,45,Netherlands,Eindhoven,3:49:37
1074,Piotr,Wilson,M,39,Singapore,Singapore,2:12:26
1075,Maya,Wiśniewski,F,35,South Korea,Daejeon,2:41:05
1076,Robert,Allen,M,39,Brazil,Rio de Janeiro,2:31:59
1077,Jan,Wiśniewski,M,58,United States,Boston,2:34:53
1078,Daria,Kuznetsov,F,29,Argentina,Cordoba,5:16:46
1079,Giovanni,Nowak,M,36,Germany,Berlin,5:42:16
1080,Abigail,Silva,F,42,Canada,Calgary,4:41:05
1081,Isabella,Miller,F,67,South Korea,Daegu,3:45:05
1082,Henry,Anderson,M,22,China,Chengdu,5:55:44
1083,Mateusz,Harris,M,51,Ukraine,Lviv,2:15:45
1084,María,Costa,F,56,Portugal,Faro,2:11:18
1085,Sunita,Allen,F,27,South Africa,Port Elizabeth,2:49:15
1086,Lorenzo,Kaczmarek,M,64,Czech Republic,Brno,4:03:29
1087,Laura,Gonzalez,F,24,Israel,Jerusalem,3:04:44
1088,William,Moore,M,54,Turkey,Bursa,5:23:45
1089,Isabela,Hernandez,F,64,Norway,Trondheim,2:24:00
1090,Oleg,Costa,M,69,Austria,Innsbruck,3:07:15
1091,Ingrid,Nowak,F,69,Poland,Gdansk,5:45:24
1092,Charlotte,Martinez,F,32,United Kingdom,London,4:55:05
1093,Sara,Oliveira,F,59,Israel,Beer Sheva,2:16:01
1094,Charlotte,Kowalczyk,F,41,Ukraine,Odesa,3:35:36
1095,Lucas,Thomas,M,43,Portugal,Braga,5:44:23
1096,Noah,Santos,M,43,India,Mumbai,4:21:43
1097,Giovanni,Lopez,M,63,Italy,Rome,3:31:49
1098,Mikhail,Johnson,M,43,Ethiopia,Mekelle,2:11:27
1099,Emily,Petrov,F,27,Brazil,Brasilia,2:55:23
1100,Robert,Lewis,M,34,Japan,Sapporo,5:25:25
1101,Kacper,Taylor,M,70,Brazil,Brasilia,4:53:31
1102,Amelia,Gomes,F,31,Australia,Perth,5:36:23
1103,Olga,Garcia,F,19,China,Shenzhen,5:04:44
1104,Katarzyna,Ramirez,F,65,Switzerland,Lausanne,5:06:40
1105,Giulia,Martinez,F,30,Australia,Brisbane,3:23:55
1106,Luis,Allen,M,44,Singapore,Singapore,4:23:11
1107,Pedro,Allen,M,26,Australia,Perth,5:37:24
1108,Anna,Brown,F,24,Brazil,Salvador,5:29:28
1109,María,Moore,F,65,South Africa,Cape Town,3:52:51
1110,Mateusz,Miller,M,27,Sweden,Gothenburg,2:51:11
1111,Sophia,Nowak,F,26,Hungary,Miskolc,3:14:29
1112,Jakub,Popov,M,39,France,Bordeaux,4:06:03
1113,Pedro,Gonzalez,M,40,Singapore,Singapore,3:48:55
1114,Alina,Gonzalez,F,24,France,Bordeaux,5:01:09
1115,Laura,Lopez,F,65,United Arab Emirates,Sharjah,4:52:35
1116,Yuki,Moore,F,26,South Korea,Incheon,3:11:59
1117,Robert,Murphy,M,44,Austria,Vienna,3:16:10
1118,Olivia,King,F,41,South Africa,Pretoria,3:42:36
1119,Pedro,Miller,M,46,Israel,Haifa,5:24:10
1120,Elijah,Nowak,M,34,Australia,Sydney,5:38:04
1121,Anna,Davis,F,37,China,Chengdu,5:51:20
1122,Chiara,Davis,F,24,Slovakia,Bratislava,5:36:55
1123,Sophia,Santos,F,60,Canada,Calgary,2:05:34
1124,Ava,Torres,F,57,United Kingdom,Edinburgh,4:57:38
1125,Ekaterina,Thomas,F,24,United Arab Emirates,Sharjah,5:53:02
1126,Isabella,Wright,F,45,Kenya,Mombasa,5:22:11
1127,Benjamin,Moore,M,36,Denmark,Esbjerg,5:27:44
1128,Lucas,Oliveira,M,37,Turkey,Izmir,4:11:58
1129,Arthur,Smirnov,M,61,China,Shanghai,3:01:20
1130,Luis,Sanchez,M,56,Singapore,Singapore,3:36:16
1131,Laura,Miller,F,57,China,Chengdu,4:10:43
1132,Lucas,Popov,M,24,Japan,Kyoto,2:57:56
1133,Mikhail,Young,M,23,Brazil,Rio de Janeiro,4:24:27
1134,Hugo,Hernandez,M,42,Poland,Warsaw,2:40:53
1135,Giulia,Thompson,F,58,United Arab Emirates,Dubai,3:23:07
1136,Nikolai,Kuznetsov,M,30,France,Marseille,5:49:34
1137,Yuki,Jackson,F,56,Germany,Frankfurt,5:45:01
1138,Liam,Miller,M,57,China,Beijing,5:51:18
1139,Santiago,Allen,M,39,Canada,Calgary,2:31:26
1140,Sunita,Walker,F,66,Australia,Brisbane,4:19:16
1141,Daria,Silva,F,34,Germany,Munich,5:51:30
1142,Ivan,Hernandez,M,65,Germany,Berlin,3:35:22
1143,Zuzanna,Ivanov,F,39,Denmark,Odense,3:05:58
1144,Isabella,Hernandez,F,51,India,Bangalore,5:11:34
1145,Santiago,Perez,M,25,Czech Republic,Pilsen,2:20:52
1146,Sara,Martinez,F,66,Czech Republic,Brno,5:44:08
1147,Olivia,Petrov,F,62,Netherlands,Rotterdam,3:49:30
1148,Emily,Ramirez,F,35,Singapore,Singapore,3:34:25
1149,Anna,Johnson,F,41,Israel,Nazareth,2:52:51
1150,Camila,Taylor,F,59,United Kingdom,Birmingham,5:33:41
1151,Isabella,Hernandez,F,19,United Arab Emirates,Ras Al Khaimah,5:06:46
1152,Olivia,Murphy,F,19,Spain,Bilbao,5:22:28
1153,Katarzyna,Walker,F,44,Denmark,Odense,2:54:38
1154,Maya,Smith,F,31,United States,Boston,5:54:10
1155,Olivia,Costa,F,65,United States,Chicago,4:51:41
1156,Anna,Walker,F,56,China,Guangzhou,5:08:18
1157,Lucas,Williams,M,70,France,Marseille,5:49:20
1158,Emma,Torres,F,70,Kenya,Kisumu,5:30:43
1159,Alina,Romano,F,29,Argentina,Buenos Aires,5:24:11
1160,Lucas,King,M,49,Romania,Iasi,5:17:00
1161,Isabella,Hernandez,F,45,South Africa,Cape Town,2:54:30
1162,Alexander,Kaczmarek,M,45,Ethiopia,Bahir Dar,3:26:48
1163,Benjamin,Miller,M,63,Czech Republic,Brno,5:13:46
1164,Daria,Bianchi,F,42,Sweden,Uppsala,2:37:39
1165,Piotr,Lewis,M,21,India,Chennai,3:31:22
1166,Olivia,Kowalczyk,F,43,Spain,Valencia,2:18:25
1167,Katarzyna,Wright,F,53,United Kingdom,London,2:56:40
1168,Maria,Petrov,F,67,Japan,Nagoya,2:31:15
1169,Michael,Taylor,M,20,Mexico,Mexico City,5:23:42
1170,Mateusz,Robinson,M,18,United States,Chicago,4:31:31
1171,Olivia,Ferrari,F,34,France,Bordeaux,2:48:35
1172,Katarzyna,Martin,F,24,Czech Republic,Prague,5:17:43
1173,Anna,Santos,F,65,Germany,Frankfurt,4:31:43
1174,Robert,Kaczmarek,M,22,Israel,Haifa,5:50:26
1175,Yuki,Walker,F,36,Norway,Trondheim,4:54:01
1176,Amelia,Moore,F,56,United Arab Emirates,Ras Al Khaimah,3:38:46
1177,Megan,Popov,F,63,Russia,Novosibirsk,4:30:52
1178,Noah,Martinez,M,51,Spain,Valencia,5:03:58
1179,Lucia,Silva,F,52,Israel,Tel Aviv,2:15:26
1180,Chiara,Petrov,F,66,Argentina,Cordoba,3:59:44
1181,Abigail,Thompson,F,33,South Africa,Pretoria,2:51:51
1182,Michael,Johnson,M,57,Israel,Tel Aviv,2:31:50
1183,Anna,Torres,F,67,Romania,Constanta,5:15:54
1184,Isabela,White,F,64,Singapore,Singapore,5:24:34
1185,Hugo,Kowalczyk,M,56,United Arab Emirates,Ras Al Khaimah,4:32:46
1186,Mia,Gonzalez,F,44,Ethiopia,Bahir Dar,5:23:34
1187,Julia,Novak,F,58,Romania,Bucharest,2:05:48
1188,Benjamin,Moore,M,55,China,Guangzhou,2:28:06
1189,Daniel,Santos,M,67,Turkey,Izmir,2:36:42
1190,María,Oliveira,F,67,Japan,Nagoya,3:23:42
1191,Robert,Lopez,M,42,Romania,Bucharest,5:20:59
1192,Maria,Melo,F,43,Singapore,Singapore,3:17:52
1193,Kacper,Oliveira,M,31,Switzerland,Zurich,4:56:26
1194,Anna,Sanchez,F,31,France,Paris,3:09:02
1195,Harry,Clark,M,31,United Arab Emirates,Sharjah,4:02:49
1196,Ekaterina,Martin,F,42,South Korea,Daegu,3:16:51
1197,Valentina,Williams,F,53,Mexico,Mexico City,4:25:21
1198,Maya,King,F,21,Kenya,Nairobi,4:15:06
1199,Anna,Romano,F,64,United States,Boston,3:52:46
1200,Arthur,Davis,M,32,Kenya,Eldoret,4:18:17
1201,Isabela,Rossi,F,49,Mexico,Guadalajara,5:19:44
1202,Giovanni,Torres,M,35,South Korea,Daegu,3:51:08
1203,Kacper,Jackson,M,31,Switzerland,Lausanne,2:33:05
1204,Lucas,Smith,M,18,Finland,Tampere,4:43:22
1205,Michael,Gomes,M,59,Russia,Yekaterinburg,5:30:33
1206,Abigail,Robinson,F,37,Australia,Perth,4:20:39
1207,Abigail,King,F,27,Argentina,La Plata,3:30:33
1208,Nikolai,Kowalski,M,27,Italy,Milan,4:32:04
1209,Thomas,Petrov,M,41,China,Guangzhou,2:45:22
1210,Sofia,Martin,F,51,Ethiopia,Addis Ababa,2:50:50
1211,Michael,Jackson,M,45,Switzerland,Lausanne,5:46:14
1212,William,Bianchi,M,44,Mexico,Cancun,4:27:04
1213,Nikolai,Smith,M,57,Germany,Frankfurt,4:52:51
1214,Sara,Williams,F,18,South Africa,Durban,3:50:09
1215,Giulia,Jackson,F,50,Finland,Helsinki,4:29:58
1216,Harry,Davis,M,21,Ethiopia,Gondar,3:15:12
1217,Elijah,Young,M,24,Poland,Krakow,2:20:42
1218,Daria,Smith,F,26,Finland,Vantaa,4:32:07
1219,Isabela,Thompson,F,33,Norway,Stavanger,4:48:01
1220,Liam,Brown,M,22,South Africa,Johannesburg,2:29:22
1221,Maria,Rodriguez,F,51,Norway,Trondheim,4:09:31
1222,Kacper,Oliveira,M,40,Netherlands,Amsterdam,2:38:11
1223,Nikolai,Rossi,M,60,Sweden,Malmo,5:44:16
1224,Isabella,Petrov,F,67,Sweden,Vasteras,3:34:50
1225,Thomas,Martinez,M,42,Slovakia,Presov,4:50:26
1226,Mia,Kuznetsov,F,68,Italy,Rome,4:59:15
1227,Mikhail,Martinez,M,30,Mexico,Puebla,2:06:52
1228,Lorenzo,Ramirez,M,41,Mexico,Monterrey,4:04:43
1229,Maya,Melo,F,28,Ukraine,Lviv,2:42:43
1230,James,Jackson,M,69,Netherlands,Amsterdam,4:28:38
1231,Chiara,Williams,F,68,Turkey,Bursa,3:32:34
1232,John,Gomes,M,34,South Africa,Cape Town,4:39:18
1233,Kacper,Thomas,M,54,Argentina,Cordoba,2:51:51
1234,Jakub,Ramirez,M,30,South Korea,Daejeon,5:34:31
1235,Laura,Santos,F,44,Switzerland,Zurich,2:18:53
1236,Benjamin,Santos,M,37,Australia,Sydney,4:05:27
1237,Maria,Melo,F,50,Singapore,Singapore,4:25:21
1238,Oleg,Murphy,M,59,Brazil,Rio de Janeiro,5:57:34
1239,Daria,Lopez,F,49,Hungary,Debrecen,5:36:12
1240,Jack,Ramirez,M,25,Switzerland,Bern,3:15:54
1241,Zuzanna,Bianchi,F,46,Portugal,Porto,4:35:15
1242,Maya,Rodriguez,F,57,Sweden,Stockholm,2:46:58
1243,Valentina,Taylor,F,36,Italy,Bologna,3:06:07
1244,Evelyn,Clark,F,23,Norway,Bergen,5:33:15
1245,Olga,Gonzalez,F,61,Switzerland,Bern,5:32:41
1246,Daria,Martin,F,56,Argentina,Cordoba,4:51:55
1247,James,Martin,M,65,Hungary,Debrecen,4:39:56
1248,Jack,Gomes,M,58,Turkey,Izmir,2:22:21
1249,Sara,Wright,F,38,South Korea,Busan,3:30:12
1250,Camila,Harris,F,39,Poland,Poznan,2:16:47
1251,Isabela,Miller,F,59,Mexico,Mexico City,4:09:18
1252,Henry,King,M,27,United Kingdom,Birmingham,2:28:03
1253,Marco,Smirnov,M,27,Russia,Saint Petersburg,4:53:03
1254,Jan,Allen,M,69,Portugal,Porto,2:26:42
1255,Katarzyna,Robinson,F,46,Singapore,Singapore,4:03:38
1256,Kacper,Ramirez,M,33,France,Lyon,5:11:53
1257,Giovanni,Clark,M,18,Japan,Tokyo,4:32:48
1258,Carlos,Robinson,M,34,Japan,Tokyo,2:47:44
1259,Noah,Melo,M,47,Denmark,Aarhus,5:16:54
1260,Olga,Johnson,F,43,Switzerland,Zurich,5:40:49
1261,Carlos,Garcia,M,70,Australia,Brisbane,4:47:35
1262,Evelyn,Kowalski,F,63,United States,Boston,2:26:00
1263,Oleg,Rossi,M,36,Portugal,Braga,2:58:23
1264,Ivan,Nguyen,M,70,Argentina,Rosario,5:00:45
1265,David,White,M,38,Argentina,Buenos Aires,2:10:57
1266,Henry,Kowalski,M,34,Finland,Espoo,3:35:04
1267,Daniel,Santos,M,63,United Arab Emirates,Sharjah,3:35:12
1268,Jack,Oliveira,M,57,Switzerland,Zurich,2:58:54
1269,Alina,Brown,F,38,Czech Republic,Brno,4:19:43
1270,Luis,Rodriguez,M,70,Austria,Innsbruck,2:11:58
1271,Laura,Petrov,F,58,Finland,Oulu,4:16:46
1272,Olivia,Robinson,F,57,India,Delhi,3:38:07
1273,Megan,Robinson,F,62,South Korea,Seoul,5:40:29
1274,Elijah,Garcia,M,66,United Kingdom,Edinburgh,3:10:55
1275,Elijah,Moore,M,36,Israel,Beer Sheva,2:31:33
1276,Benjamin,Perez,M,24,Australia,Brisbane,3:21:42
1277,George,Miller,M,34,South Africa,Port Elizabeth,5:57:49
1278,Alina,Torres,F,18,Australia,Adelaide,5:54:49
1279,John,Smirnov,M,54,India,Delhi,4:44:37
1280,Piotr,Costa,M,23,Poland,Wroclaw,5:34:59
1281,Sophia,Davis,F,43,Austria,Linz,5:57:25
1282,Maya,Ivanov,F,19,Argentina,Cordoba,5:07:23
1283,Isabella,Kowalczyk,F,49,Czech Republic,Olomouc,2:09:04
1284,Elijah,Smirnov,M,65,Norway,Oslo,3:21:12
1285,Hugo,King,M,22,Turkey,Antalya,2:15:14
1286,Abigail,Scott,F,54,Switzerland,Basel,2:09:09
1287,Michael,Rodriguez,M,48,Norway,Stavanger,5:13:05
1288,Lucas,Santos,M,29,Ukraine,Kyiv,3:55:20
1289,Alexander,Martin,M,52,India,Delhi,4:48:07
1290,Oleg,Popov,M,47,Spain,Seville,3:42:49
1291,Liam,Bianchi,M,65,India,Hyderabad,4:53:41
1292,Michael,Kowalski,M,23,Canada,Ottawa,3:44:31
1293,Valentina,Davis,F,32,Kenya,Nairobi,2:13:30
1294,Isabella,Smith,F,32,Brazil,Salvador,5:27:39
1295,Abigail,Murphy,F,33,France,Nice,5:57:37
1296,Lucas,King,M,37,Netherlands,Amsterdam,3:44:28
1297,Benjamin,Thomas,M,30,Hungary,Budapest,3:26:09
1298,Hugo,Miller,M,61,Finland,Tampere,4:44:17
1299,Emily,Johnson,F,59,Switzerland,Bern,4:10:05
1300,Isabella,Lewis,F,63,China,Shanghai,4:12:27
1301,Luis,Brown,M,48,Norway,Oslo,4:36:55
1302,Amelia,Martin,F,51,Sweden,Gothenburg,2:06:13
1303,Luis,Walker,M,46,Argentina,Rosario,4:35:00
1304,Camila,Ferrari,F,20,Argentina,La Plata,2:52:58
1305,Anna,Romano,F,26,Romania,Constanta,3:30:41
1306,Hannah,Taylor,F,28,Portugal,Braga,4:59:19
1307,Sunita,Ivanov,F,28,China,Shenzhen,2:40:26
1308,María,Silva,F,42,Ukraine,Kharkiv,5:33:42
1309,Arthur,Davis,M,39,Israel,Nazareth,2:41:44
1310,Isabela,Martinez,F,59,South Korea,Daejeon,3:52:50
1311,Noah,Lopez,M,63,Finland,Tampere,3:06:19
1312,Abigail,Ferrari,F,26,France,Nice,5:40:29
1313,Anna,Hernandez,F,37,France,Bordeaux,4:19:49
1314,Isabella,Kowalczyk,F,38,India,Chennai,5:40:08
1315,Daniel,Gonzalez,M,27,China,Guangzhou,5:22:30
1316,Emily,Walker,F,39,United Arab Emirates,Dubai,2:21:24
1317,Alina,Jackson,F,46,France,Paris,2:26:38
1318,Charlotte,Nguyen,F,26,United Kingdom,Glasgow,4:10:48
1319,Michael,White,M,22,United Kingdom,Manchester,4:04:47
1320,Mikhail,Sanchez,M,57,Ethiopia,Mekelle,5:23:56
1321,Jakub,Smirnov,M,28,Ethiopia,Mekelle,5:16:12
1322,Benjamin,Robinson,M,18,Ukraine,Lviv,3:10:55
1323,Lucia,Ferrari,F,70,Norway,Stavanger,5:05:45
1324,Pedro,Martinez,M,59,Norway,Trondheim,3:40:13
1325,Emma,Jackson,F,18,Ukraine,Kharkiv,3:06:27
1326,Giovanni,Davis,M,56,Hungary,Miskolc,5:59:43
1327,Jack,Harris,M,63,United Kingdom,Edinburgh,5:10:54
1328,Olivia,Nguyen,F,22,Switzerland,Zurich,5:10:38
1329,Daria,Williams,F,66,Slovakia,Presov,2:55:45
1330,Arthur,Lewis,M,39,Canada,Ottawa,4:35:51
1331,Ava,Melo,F,43,United Kingdom,Birmingham,3:56:56
1332,Katarzyna,Rodriguez,F,70,South Africa,Durban,2:39:45
1333,Giovanni,Oliveira,M,23,South Korea,Incheon,3:53:53
1334,Sara,Moore,F,49,Japan,Osaka,2:50:27
1335,Olivia,Hernandez,F,65,Spain,Seville,2:11:16
1336,Katarzyna,Allen,F,28,Portugal,Lisbon,4:01:32
1337,David,Wilson,M,27,Austria,Vienna,5:36:03
1338,Katarzyna,Santos,F,64,Denmark,Copenhagen,3:40:00
1339,Robert,Harris,M,56,France,Paris,3:23:10
1340,David,Jones,M,51,United States,Los Angeles,2:51:34
1341,Santiago,Nowak,M,48,Mexico,Mexico City,2:22:45
1342,Alexander,Thompson,M,29,Australia,Brisbane,3:06:22
1343,Ingrid,Perez,F,68,United Kingdom,Manchester,4:12:17
1344,Sara,Kuznetsov,F,61,Brazil,Fortaleza,4:54:59
1345,Evelyn,Moore,F,33,Ukraine,Kyiv,5:14:53
1346,Oleg,Gomes,M,55,Romania,Constanta,2:22:31
1347,Luis,Jones,M,20,Turkey,Antalya,4:32:00
1348,John,Harris,M,19,Ethiopia,Dire Dawa,4:19:40
1349,Emily,Murphy,F,69,Sweden,Malmo,2:44:33
1350,Santiago,Torres,M,22,Netherlands,Amsterdam,5:55:20
1351,Isabella,Kaczmarek,F,28,South Africa,Pretoria,3:57:42
1352,Megan,Taylor,F,42,Kenya,Kisumu,4:19:18
1353,Henry,Smirnov,M,52,South Korea,Daegu,3:52:48
1354,Zuzanna,Nguyen,F,52,Czech Republic,Prague,3:11:14
1355,Harry,Thompson,M,39,Russia,Kazan,4:41:15
1356,Maya,Kowalski,F,54,Finland,Oulu,3:55:59
1357,Laura,Jones,F,39,Austria,Graz,4:15:28
1358,Oliver,Johnson,M,28,Russia,Kazan,3:25:41
1359,Mateo,Anderson,M,49,Germany,Berlin,4:42:49
1360,Charlotte,Petrov,F,52,Israel,Nazareth,2:37:31
1361,Charlotte,Young,F,48,Russia,Yekaterinburg,3:10:21
1362,John,Lee,M,62,Ethiopia,Bahir Dar,3:02:04
1363,Chiara,Kaczmarek,F,70,Netherlands,Rotterdam,3:57:05
1364,Anna,Miller,F,25,Kenya,Nakuru,4:43:37
1365,Camila,Popov,F,37,France,Lyon,2:24:31
1366,Jakub,Wiśniewski,M,59,Poland,Warsaw,5:33:28
1367,Lucia,Gomes,F,51,Hungary,Szeged,3:07:49
1368,Isabella,Brown,F,21,Turkey,Antalya,4:52:43
1369,Arthur,Taylor,M,35,Denmark,Odense,3:05:31
1370,Lucas,Williams,M,68,Hungary,Budapest,2:43:30
1371,Isabella,Lewis,F,21,Poland,Gdansk,2:44:03
1372,Mateusz,Murphy,M,37,South Africa,Port Elizabeth,3:01:26
1373,Emma,Gomes,F,26,Netherlands,Rotterdam,2:56:07
1374,Santiago,Lee,M,33,Argentina,Mendoza,2:43:59
1375,Benjamin,Smirnov,M,43,Ukraine,Dnipro,2:16:23
1376,María,Harris,F,55,Spain,Bilbao,4:36:07
1377,Henry,Novak,M,42,Brazil,Fortaleza,2:22:34
1378,Ingrid,Scott,F,21,Finland,Oulu,5:24:05
1379,Lorenzo,Gonzalez,M,58,South Korea,Seoul,4:05:11
1380,Maria,Young,F,62,Japan,Sapporo,2:48:22
1381,Marco,Ivanov,M,58,Canada,Montreal,3:11:54
1382,Nikolai,Anderson,M,55,Ukraine,Kyiv,4:06:41
1383,Valentina,Kowalczyk,F,70,Finland,Espoo,2:10:48
1384,Mateo,Ramirez,M,36,Israel,Haifa,5:33:26
1385,Megan,Bianchi,F,31,Ethiopia,Gondar,2:22:02
1386,Lorenzo,Garcia,M,38,Netherlands,The Hague,4:29:01
1387,Maya,Johnson,F,32,Canada,Montreal,2:13:23
1388,Benjamin,Wilson,M,20,United Arab Emirates,Dubai,4:22:57
1389,Ava,Bianchi,F,54,Australia,Melbourne,5:16:54
1390,Henry,Santos,M,70,Ethiopia,Bahir Dar,5:51:16
1391,Liam,White,M,67,Czech Republic,Olomouc,2:13:42
1392,Carlos,Torres,M,63,Slovakia,Nitra,5:14:03
1393,Daniel,Costa,M,33,Denmark,Copenhagen,5:23:04
1394,Isabella,Perez,F,31,China,Shanghai,2:46:48
1395,Santiago,Ivanov,M,26,Netherlands,Amsterdam,4:32:01
1396,Megan,Young,F,64,Argentina,Buenos Aires,2:05:17
1397,Lorenzo,Romano,M,24,Ethiopia,Dire Dawa,4:08:43
1398,Hugo,Torres,M,31,Argentina,Cordoba,2:26:08
1399,Emily,Allen,F,23,Argentina,Mendoza,2:24:36
1400,Katarzyna,Thompson,F,38,France,Nice,2:32:12
1401,Arthur,Santos,M,32,China,Guangzhou,5:38:07
1402,Thomas,Silva,M,69,South Korea,Incheon,5:37:25
1403,Henry,Bianchi,M,25,Ukraine,Lviv,5:24:21
1404,Isabella,Lewis,F,51,Argentina,Rosario,3:05:13
1405,Isabela,Novak,F,57,Norway,Trondheim,2:06:54
1406,Jakub,Costa,M,18,Finland,Tampere,4:34:04
1407,Isabella,Torres,F,49,Poland,Poznan,5:42:36
1408,Mia,Rodriguez,F,66,Romania,Constanta,3:54:50
1409,Megan,Martin,F,68,Singapore,Singapore,2:45:00
1410,Charlotte,Davis,F,22,Czech Republic,Prague,3:57:48
1411,Michael,Anderson,M,47,Brazil,Rio de Janeiro,4:52:42
1412,Elijah,Murphy,M,39,Ukraine,Lviv,2:48:08
1413,Daniel,Perez,M,37,Israel,Nazareth,2:10:21
1414,Noah,Anderson,M,33,Poland,Warsaw,4:12:06
1415,Alina,Gomes,F,24,Spain,Madrid,5:33:33
1416,Maria,Harris,F,24,Hungary,Szeged,5:25:19
1417,Kacper,Jones,M,67,Israel,Beer Sheva,5:35:48
1418,Mateo,Jackson,M,67,Japan,Nagoya,5:55:42
1419,William,Wright,M,19,Russia,Novosibirsk,2:18:53
1420,Ingrid,Thomas,F,64,Canada,Calgary,5:31:39
1421,Robert,Gomes,M,31,Germany,Frankfurt,4:25:03
1422,Sunita,Allen,F,48,Germany,Frankfurt,4:42:28
1423,Oleg,Sanchez,M,67,South Africa,Durban,5:45:35
1424,Arthur,Brown,M,58,China,Shanghai,2:07:38
1425,Hannah,Smirnov,F,31,Japan,Sapporo,2:48:39
1426,Amelia,Nguyen,F,22,Slovakia,Bratislava,2:27:27
1427,John,Gomes,M,28,Poland,Gdansk,2:57:44
1428,Maria,Nowak,F,57,Netherlands,Utrecht,5:50:59
1429,Emma,Williams,F,22,Czech Republic,Prague,3:58:33
1430,Anna,Clark,F,46,India,Bangalore,5:15:04
1431,Alexander,Gonzalez,M,28,Australia,Adelaide,2:20:10
1432,Anna,Oliveira,F,22,Australia,Perth,4:04:26
1433,Elijah,Rodriguez,M,66,Poland,Poznan,2:45:51
1434,Giulia,Scott,F,49,United Arab Emirates,Sharjah,5:24:55
1435,Piotr,Gomes,M,53,Ukraine,Kyiv,2:11:43
1436,Elijah,Thomas,M,32,India,Mumbai,4:52:13
1437,Michael,Jones,M,36,Canada,Ottawa,5:05:40
1438,Ingrid,Santos,F,39,France,Bordeaux,2:33:10
1439,Arthur,Smirnov,M,51,Italy,Rome,3:03:05
1440,Ava,Thompson,F,34,United Kingdom,London,5:54:11
1441,Isabella,Clark,F,29,Kenya,Mombasa,4:42:28
1442,George,Kowalczyk,M,42,Argentina,Rosario,3:16:28
1443,Sunita,Gomes,F,34,Switzerland,Geneva,5:48:30
1444,James,Oliveira,M,27,Switzerland,Geneva,5:14:36
1445,Olga,Walker,F,45,India,Bangalore,4:48:54
1446,Henry,Moore,M,35,Switzerland,Basel,5:17:24
1447,Ava,Miller,F,68,France,Marseille,5:46:27
1448,Ava,Young,F,35,Argentina,Buenos Aires,4:20:16
1449,Isabella,Anderson,F,62,Spain,Madrid,5:58:47
1450,Katarzyna,Ramirez,F,49,Ukraine,Kharkiv,2:13:42
1451,John,Martin,M,31,Brazil,Salvador,3:19:05
1452,Chiara,Johnson,F,33,China,Shanghai,3:52:39
1453,Sophia,Johnson,F,67,Sweden,Gothenburg,5:58:48
1454,Valentina,Wright,F,35,Sweden,Uppsala,4:03:06
1455,George,Costa,M,33,Australia,Adelaide,2:37:24
1456,Julia,Ivanov,F,34,United States,Boston,3:04:31
1457,Emma,Scott,F,24,Turkey,Antalya,2:31:00
1458,Emily,Brown,F,29,Finland,Oulu,3:24:07
1459,Jakub,Kaczmarek,M,51,Switzerland,Basel,5:40:22
1460,Julia,Smirnov,F,27,Slovakia,Bratislava,4:04:14
1461,Henry,Ramirez,M,22,Israel,Beer Sheva,5:21:26
1462,Isabela,Scott,F,38,Netherlands,Amsterdam,5:59:49
1463,Henry,Davis,M,20,Ethiopia,Mekelle,2:14:52
1464,María,Davis,F,36,Ethiopia,Addis Ababa,5:26:25
1465,Sunita,Santos,F,62,Netherlands,Utrecht,5:06:00
1466,Mateusz,Thompson,M,61,Canada,Toronto,3:33:47
1467,Valentina,Perez,F,52,Hungary,Szeged,5:26:34
1468,Pedro,Melo,M,23,South Africa,Port Elizabeth,2:17:35
1469,Sophia,Thomas,F,31,Argentina,Mendoza,4:43:11
1470,Chiara,Garcia,F,21,South Korea,Daejeon,2:13:16
1471,Maya,Smith,F,62,Czech Republic,Pilsen,5:42:40
1472,Chiara,Clark,F,68,China,Guangzhou,2:45:21
1473,Hannah,Torres,F,35,Japan,Kyoto,2:31:38
1474,Oliver,Bianchi,M,46,United Arab Emirates,Dubai,5:32:51
1475,Liam,Costa,M,52,United Kingdom,Edinburgh,3:13:47
1476,Anna,Ferrari,F,69,Finland,Helsinki,5:34:30
1477,Sophia,Jones,F,55,France,Marseille,5:43:43
1478,Sophia,Rodriguez,F,33,Kenya,Mombasa,4:01:56
1479,María,Lopez,F,37,France,Bordeaux,3:37:31
1480,Nikolai,Williams,M,41,Ukraine,Kharkiv,3:04:50
1481,Zuzanna,Thompson,F,52,Russia,Kazan,5:41:13
1482,George,Nowak,M,61,Slovakia,Bratislava,2:12:41
1483,Anna,Jackson,F,68,Romania,Iasi,3:27:46
1484,Henry,Murphy,M,36,Sweden,Stockholm,4:27:39
1485,Luis,Walker,M,21,France,Lyon,5:06:37
1486,Lucas,Petrov,M,50,Poland,Wroclaw,5:16:55
1487,William,Jones,M,19,Mexico,Cancun,2:07:45
1488,Maria,Wright,F,30,China,Guangzhou,5:22:58
1489,Hugo,Young,M,62,United States,San Francisco,5:29:34
1490,Kacper,Santos,M,47,Singapore,Singapore,5:12:19
1491,Lucas,Lewis,M,51,Spain,Seville,2:33:48
1492,Oleg,White,M,47,Brazil,Brasilia,4:13:16
1493,Thomas,Jackson,M,68,United Kingdom,Birmingham,3:23:17
1494,Ivan,King,M,41,Russia,Saint Petersburg,5:22:41
1495,Ekaterina,Lee,F,65,United Arab Emirates,Sharjah,5:14:26
1496,Hannah,Allen,F,61,Japan,Osaka,2:41:13
1497,Charlotte,Brown,F,50,Portugal,Lisbon,2:05:37
1498,Kacper,Santos,M,58,China,Chengdu,3:19:03
1499,Carlos,Kuznetsov,M,66,Slovakia,Bratislava,5:50:24
1500,Sunita,Young,F,27,Australia,Adelaide,4:09:46
1501,Ekaterina,Garcia,F,35,Finland,Oulu,2:38:41
1502,Hugo,Melo,M,36,Australia,Melbourne,3:59:40
1503,Henry,Romano,M,24,Turkey,Izmir,4:33:45
1504,Robert,Anderson,M,36,United Kingdom,Birmingham,3:20:21
1505,Oleg,Kowalczyk,M,41,Argentina,Cordoba,5:50:58
1506,Thomas,Wilson,M,32,Finland,Espoo,4:32:19
1507,Amelia,White,F,58,Russia,Moscow,3:00:02
1508,Abigail,Williams,F,59,Romania,Cluj-Napoca,4:26:51
1509,Anna,Smirnov,F,40,Austria,Graz,3:21:47
1510,María,Nowak,F,69,South Korea,Busan,3:51:08
1511,Sara,Davis,F,69,United States,Boston,5:04:05
1512,Emma,Young,F,21,Kenya,Eldoret,5:14:30
1513,Ava,Moore,F,55,United States,Boston,4:50:14
1514,Mikhail,Nguyen,M,21,Italy,Rome,4:50:48
1515,Jakub,Martin,M,22,Italy,Milan,5:22:50
1516,James,Brown,M,58,South Korea,Daegu,5:24:30
1517,Ekaterina,Silva,F,61,Russia,Novosibirsk,3:42:53
1518,Sunita,Harris,F,40,China,Chengdu,4:09:58
1519,Michael,Johnson,M,57,Denmark,Esbjerg,4:04:32
1520,Julia,Harris,F,70,Finland,Vantaa,5:03:27
1521,Marco,Williams,M,54,South Korea,Daejeon,3:38:55
1522,Chiara,Wilson,F,28,Netherlands,Eindhoven,3:09:07
1523,Jakub,Lopez,M,28,Ethiopia,Gondar,4:37:09
1524,Pedro,Wright,M,30,United Kingdom,Birmingham,2:17:44
1525,Elijah,Petrov,M,31,Finland,Espoo,3:50:06
1526,Oleg,Williams,M,25,Israel,Beer Sheva,2:15:52
1527,Daniel,Wiśniewski,M,42,Japan,Tokyo,5:29:32
1528,Kacper,Gomes,M,35,Netherlands,Utrecht,4:02:24
1529,Emma,Melo,F,68,United States,Los Angeles,5:21:34
1530,Yuki,Wiśniewski,F,61,United Kingdom,Birmingham,4:57:01
1531,Piotr,Gomes,M,61,China,Shenzhen,5:37:48
1532,Maria,Bianchi,F,35,United Arab Emirates,Ras Al Khaimah,3:11:04
1533,Maya,Wilson,F,27,Argentina,Buenos Aires,3:21:51
1534,Noah,Perez,M,24,Austria,Graz,3:40:59
1535,Arthur,Ramirez,M,67,Netherlands,Eindhoven,4:24:38
1536,Pedro,Rossi,M,61,India,Delhi,2:07:25
1537,Elijah,Bianchi,M,31,Poland,Gdansk,3:30:01
1538,Charlotte,Scott,F,32,Mexico,Puebla,3:15:47
1539,Jakub,Popov,M,33,Ukraine,Kharkiv,4:44:38
1540,Alina,Silva,F,19,Mexico,Mexico City,3:14:48
1541,Hannah,Robinson,F,47,Denmark,Copenhagen,5:04:39
1542,Pedro,Torres,M,47,Singapore,Singapore,2:49:56
1543,Ingrid,Kaczmarek,F,35,Finland,Tampere,5:28:24
1544,Robert,Taylor,M,48,Russia,Moscow,5:39:49
1545,Sofia,Harris,F,61,Hungary,Budapest,4:22:20
1546,Giovanni,Kowalczyk,M,65,Russia,Yekaterinburg,3:00:29
1547,Anna,Rodriguez,F,30,Germany,Cologne,5:21:21
1548,Olivia,Moore,F,37,Brazil,Fortaleza,5:04:40
1549,Mikhail,Garcia,M,66,Sweden,Uppsala,3:03:01
1550,Anna,Kaczmarek,F,67,Singapore,Singapore,4:34:26
1551,Hannah,Jackson,F,52,Russia,Yekaterinburg,3:22:21
1552,Anna,Torres,F,40,Czech Republic,Olomouc,3:37:39
1553,Laura,Williams,F,59,Australia,Sydney,2:26:00
1554,Sunita,Moore,F,50,Czech Republic,Pilsen,2:15:49
1555,Mateusz,Moore,M,55,Australia,Adelaide,5:18:51
1556,Alexander,Rossi,M,52,South Africa,Johannesburg,2:55:48
1557,Yuki,Smith,F,68,South Africa,Durban,2:38:43
1558,Lucas,Martin,M,53,Czech Republic,Olomouc,4:39:32
1559,Ingrid,Petrov,F,37,United Kingdom,Edinburgh,3:16:10
1560,Zuzanna,Romano,F,20,Romania,Constanta,3:33:53
1561,Alexander,Silva,M,25,Ukraine,Lviv,2:39:34
1562,Santiago,Lewis,M,57,France,Paris,3:45:37
1563,Sara,Johnson,F,49,Netherlands,Utrecht,5:48:50
1564,Marco,Smith,M,46,South Korea,Seoul,5:32:14
1565,Sara,Williams,F,24,Switzerland,Basel,5:44:15
1566,Kacper,Walker,M,19,Ukraine,Kyiv,2:43:32
1567,Olga,Wilson,F,38,France,Bordeaux,3:02:54
1568,Carlos,Brown,M,23,Israel,Jerusalem,4:59:57
1569,Maya,Garcia,F,45,Norway,Oslo,2:59:20
1570,Mikhail,Santos,M,65,Kenya,Mombasa,5:09:26
1571,Sunita,Scott,F,59,Italy,Turin,3:25:38
1572,Jan,Jones,M,53,India,Hyderabad,3:38:38
1573,María,Lopez,F,49,Brazil,Fortaleza,5:41:37
1574,Maria,Kaczmarek,F,62,Ukraine,Dnipro,5:16:42
1575,Mikhail,Taylor,M,59,Austria,Linz,2:27:30
1576,Michael,Rodriguez,M,70,Germany,Munich,4:39:45
1577,Lucas,Novak,M,63,Austria,Graz,3:45:48
1578,Camila,Martinez,F,26,Czech Republic,Ostrava,4:17:11
1579,Sunita,Nowak,F,28,Ukraine,Odesa,4:20:41
1580,Sophia,Anderson,F,40,Netherlands,Utrecht,5:24:28
1581,Lucas,Nowak,M,67,Norway,Stavanger,5:13:08
1582,Oliver,Lopez,M,28,Portugal,Coimbra,5:56:33
1583,Isabella,Costa,F,66,Switzerland,Bern,4:07:03
1584,Marco,Nguyen,M,19,Kenya,Nairobi,3:41:17
1585,Zuzanna,Williams,F,20,Romania,Timisoara,2:35:54
1586,Thomas,Kuznetsov,M,28,Slovakia,Bratislava,2:42:46
1587,Chiara,Brown,F,67,Singapore,Singapore,2:14:20
1588,Alexander,Taylor,M,52,Israel,Tel Aviv,4:10:46
1589,Noah,Ivanov,M,32,Portugal,Braga,3:28:07
1590,Katarzyna,Wright,F,60,Romania,Iasi,4:05:07
1591,Ava,Murphy,F,28,Poland,Gdansk,5:39:44
1592,Anna,Thompson,F,48,Romania,Timisoara,3:53:06
1593,Benjamin,Jones,M,45,South Africa,Port Elizabeth,5:37:17
1594,David,Lewis,M,45,Kenya,Mombasa,2:44:43
1595,Amelia,Allen,F,49,Hungary,Szeged,3:47:27
1596,Isabella,Thomas,F,42,Spain,Madrid,4:51:57
1597,Hugo,Lee,M,37,United States,San Francisco,4:12:44
1598,Jack,White,M,45,Japan,Osaka,5:50:37
1599,Carlos,Jones,M,42,South Korea,Incheon,5:49:21
1600,Isabela,Oliveira,F,28,India,Bangalore,2:33:03
1601,Nikolai,Martinez,M,36,Norway,Stavanger,4:41:30
1602,Noah,Lee,M,45,Israel,Jerusalem,2:21:49
1603,George,Rossi,M,18,South Africa,Port Elizabeth,4:51:03
1604,Mateusz,Perez,M,22,Denmark,Copenhagen,4:49:59
1605,Carlos,Santos,M,27,Sweden,Malmo,5:37:07
1606,Magdalena,Walker,F,59,China,Chengdu,5:51:36
1607,Nikolai,Kowalski,M,63,Israel,Beer Sheva,2:42:52
1608,Emma,Hernandez,F,51,Sweden,Malmo,2:48:32
1609,Mateusz,Williams,M,53,Kenya,Mombasa,4:08:44
1610,Alina,Gomes,F,19,Spain,Bilbao,4:05:26
1611,Abigail,Melo,F,35,United Arab Emirates,Dubai,3:46:03
1612,Maya,Johnson,F,30,Brazil,Salvador,3:17:21
1613,Charlotte,Murphy,F,68,Ukraine,Dnipro,2:30:42
1614,Hugo,Bianchi,M,22,Italy,Naples,2:25:37
1615,Jan,Allen,M,37,United States,New York,5:11:07
1616,Isabella,Rossi,F,19,Singapore,Singapore,3:40:09
1617,Maya,Kuznetsov,F,28,Norway,Trondheim,4:50:16
1618,Katarzyna,Wilson,F,47,France,Lyon,5:45:40
1619,Julia,Romano,F,49,Netherlands,Rotterdam,2:42:43
1620,Maya,Williams,F,49,Hungary,Szeged,2:09:42
1621,Alexander,Harris,M,67,India,Hyderabad,4:18:18
1622,James,Jones,M,55,South Africa,Johannesburg,4:14:00
1623,Chiara,Torres,F,45,Switzerland,Geneva,5:05:12
1624,Isabella,Torres,F,27,United Kingdom,Manchester,2:59:46
1625,Thomas,Popov,M,39,Spain,Barcelona,4:24:23
1626,Lucia,Wright,F,34,Israel,Tel Aviv,5:50:32
1627,Lucas,Silva,M,39,Norway,Trondheim,5:19:08
1628,Megan,Bianchi,F,60,Israel,Tel Aviv,5:48:26
1629,Elijah,Murphy,M,36,Norway,Tromso,2:36:22
1630,John,Petrov,M,34,Portugal,Braga,3:48:07
1631,Megan,King,F,41,Portugal,Braga,2:42:55
1632,Marco,Lee,M,53,Netherlands,Amsterdam,5:05:13
1633,Ekaterina,Gonzalez,F,49,Sweden,Malmo,3:59:34
1634,Ingrid,Jackson,F,63,Kenya,Eldoret,4:10:02
1635,Anna,Perez,F,69,Slovakia,Kosice,4:31:32
1636,Ivan,Bianchi,M,53,Sweden,Vasteras,3:08:10
1637,Mateusz,Anderson,M,45,Australia,Perth,2:38:43
1638,Giovanni,Lee,M,31,Australia,Melbourne,2:12:46
1639,Amelia,Smirnov,F,53,Denmark,Aarhus,3:10:50
1640,Anna,Lewis,F,23,Slovakia,Kosice,3:09:49
1641,Lucia,White,F,26,Czech Republic,Olomouc,5:58:46
1642,Mia,Thompson,F,38,United Arab Emirates,Abu Dhabi,5:34:44
1643,Olga,Allen,F,29,Portugal,Faro,2:48:12
1644,Isabella,Melo,F,47,Switzerland,Zurich,3:55:32
1645,Mateusz,Nowak,M,48,United Arab Emirates,Ajman,4:38:31
1646,Emily,Murphy,F,57,Turkey,Izmir,3:50:58
1647,Lucas,Lewis,M,21,Spain,Barcelona,2:30:47
1648,Lucia,Anderson,F,48,China,Guangzhou,4:04:29
1649,Ingrid,Ferrari,F,44,Russia,Yekaterinburg,5:40:48
1650,Evelyn,Gomes,F,42,Austria,Graz,3:24:09
1651,Daniel,Thomas,M,22,Romania,Iasi,5:43:09
1652,Carlos,Ivanov,M,23,Israel,Jerusalem,3:18:56
1653,Harry,Petrov,M,22,China,Chengdu,2:16:43
1654,Henry,Murphy,M,68,Italy,Milan,3:54:10
1655,Alexander,Rossi,M,44,Switzerland,Basel,4:35:44
1656,Alina,Perez,F,25,Switzerland,Lausanne,4:26:37
1657,Zuzanna,Davis,F,26,France,Lyon,5:21:10
1658,James,Clark,M,32,Japan,Kyoto,4:53:45
1659,Carlos,Allen,M,53,Austria,Linz,4:12:16
1660,Alexander,Torres,M,58,Norway,Stavanger,4:51:19
1661,Olivia,Novak,F,24,Canada,Ottawa,5:24:39
1662,Valentina,Santos,F,49,United Kingdom,Birmingham,4:36:05
1663,Camila,Oliveira,F,25,China,Guangzhou,2:31:21
1664,Giovanni,Smith,M,64,Australia,Adelaide,3:10:57
1665,Sofia,Davis,F,68,Japan,Sapporo,3:21:30
1666,Lucia,Taylor,F,32,South Korea,Daegu,3:00:32
1667,Thomas,Kuznetsov,M,54,Spain,Barcelona,2:33:05
1668,Emily,Kowalczyk,F,36,South Africa,Johannesburg,4:48:17
1669,Benjamin,Rodriguez,M,56,Poland,Poznan,4:10:31
1670,Ava,Romano,F,23,Ukraine,Lviv,5:55:25
1671,Pedro,Johnson,M,36,Brazil,Brasilia,4:00:11
1672,Sofia,Jones,F,45,Mexico,Mexico City,3:40:31
1673,Evelyn,Allen,F,34,Poland,Wroclaw,2:19:55
1674,Megan,Melo,F,59,Russia,Kazan,5:49:15
1675,Julia,Santos,F,36,Canada,Calgary,5:15:55
1676,Pedro,Thompson,M,48,Switzerland,Zurich,4:18:52
1677,Henry,Sanchez,M,28,Czech Republic,Olomouc,5:18:36
1678,Thomas,Thomas,M,32,Singapore,Singapore,5:25:45
1679,Nikolai,Davis,M,27,United Arab Emirates,Sharjah,2:44:06
1680,Anna,Santos,F,60,Italy,Rome,3:03:51
1681,Piotr,Nguyen,M,40,Poland,Krakow,5:02:46
1682,Yuki,Kowalski,F,20,Ukraine,Odesa,2:36:01
1683,Charlotte,Popov,F,20,Germany,Frankfurt,5:07:35
1684,Ava,Jones,F,35,Australia,Adelaide,3:25:52
1685,Kacper,Lewis,M,42,United Arab Emirates,Abu Dhabi,2:05:30
1686,Lucia,Novak,F,60,Italy,Turin,5:28:19
1687,María,Kowalczyk,F,37,Sweden,Stockholm,5:19:07
1688,Pedro,Jackson,M,46,Australia,Melbourne,2:09:02
1689,Emily,Smirnov,F,39,Spain,Seville,4:00:18
1690,Evelyn,Popov,F,67,Slovakia,Presov,5:41:13
1691,Santiago,Popov,M,32,Denmark,Copenhagen,5:57:03
1692,Maya,Melo,F,56,Poland,Wroclaw,5:53:48
1693,David,Garcia,M,27,Canada,Toronto,4:46:30
1694,Alexander,Santos,M,38,United Arab Emirates,Ajman,3:36:51
1695,Liam,Nguyen,M,69,Sweden,Vasteras,3:36:48
1696,Harry,White,M,46,Slovakia,Presov,3:22:48
1697,Giovanni,Harris,M,49,Poland,Krakow,3:46:27
1698,Jan,Lewis,M,27,Argentina,Mendoza,4:01:55
1699,Camila,Allen,F,30,Netherlands,Amsterdam,4:12:16
1700,Maya,Moore,F,64,Israel,Haifa,5:53:39
1701,Charlotte,Anderson,F,40,France,Lyon,3:56:02
1702,Oleg,Young,M,67,Brazil,Sao Paulo,5:50:00
1703,Piotr,Brown,M,40,Canada,Montreal,5:18:34
1704,Ingrid,King,F,48,Kenya,Nairobi,3:11:43
1705,Robert,Nguyen,M,21,Spain,Valencia,4:49:11
1706,David,Silva,M,69,Australia,Melbourne,5:15:20
1707,Isabela,Jackson,F,66,Singapore,Singapore,2:14:58
1708,Jan,Harris,M,20,Portugal,Lisbon,2:41:35
1709,Zuzanna,Wiśniewski,F,38,Mexico,Monterrey,2:06:09
1710,Camila,Martinez,F,70,Australia,Perth,4:20:39
1711,Oliver,Ferrari,M,19,United States,Boston,4:44:45
1712,Hugo,Ramirez,M,21,United States,Los Angeles,3:05:59
1713,Megan,Moore,F,18,Argentina,Mendoza,4:49:01
1714,Jack,Oliveira,M,32,United States,San Francisco,3:38:54
1715,Arthur,Lee,M,50,Ethiopia,Addis Ababa,2:43:01
1716,Charlotte,Thompson,F,23,South Korea,Seoul,3:58:42
1717,Nikolai,Hernandez,M,24,Romania,Bucharest,3:06:22
1718,Amelia,Jackson,F,36,Brazil,Brasilia,2:49:43
1719,Ekaterina,Young,F,61,Hungary,Debrecen,3:21:02
1720,Marco,Anderson,M,18,Sweden,Gothenburg,3:22:32
1721,Mateo,Jackson,M,56,Switzerland,Bern,5:44:41
1722,Alexander,Murphy,M,36,Singapore,Singapore,3:27:11
1723,Benjamin,Gomes,M,62,France,Paris,4:43:22
1724,Lucas,Petrov,M,43,China,Shenzhen,3:23:33
1725,Ekaterina,Martinez,F,61,Canada,Vancouver,3:35:13
1726,Benjamin,Wilson,M,29,Netherlands,The Hague,3:38:20
1727,Olga,Romano,F,39,Japan,Tokyo,5:32:01
1728,Isabella,Wiśniewski,F,30,Singapore,Singapore,3:13:23
1729,Sofia,Johnson,F,45,India,Mumbai,2:39:35
1730,Yuki,Santos,F,31,Austria,Innsbruck,2:18:02
1731,Oliver,Santos,M,39,Turkey,Antalya,3:08:26
1732,Hannah,Wright,F,47,Germany,Frankfurt,4:43:45
1733,Valentina,Smith,F,61,Netherlands,Amsterdam,5:23:29
1734,Michael,Romano,M,37,Switzerland,Zurich,5:38:48
1735,Noah,White,M,61,Romania,Iasi,2:22:37
1736,Giulia,Jackson,F,44,Slovakia,Zilina,2:39:14
1737,Jack,Ramirez,M,55,Canada,Calgary,5:18:13
1738,Marco,King,M,59,United Arab Emirates,Dubai,5:44:56
1739,Henry,Romano,M,69,Norway,Tromso,2:40:09
1740,Giovanni,Jackson,M,58,Canada,Calgary,5:14:09
1741,Amelia,Kuznetsov,F,51,United States,Boston,5:24:48
1742,Amelia,Lewis,F,56,Australia,Melbourne,4:06:23
1743,Isabela,Young,F,58,Israel,Haifa,5:22:20
1744,Alexander,Garcia,M,61,Czech Republic,Pilsen,2:27:00
1745,Henry,Moore,M,54,Israel,Tel Aviv,4:15:49
1746,Lucas,Thompson,M,18,Ethiopia,Dire Dawa,3:18:37
1747,James,Kowalczyk,M,32,Hungary,Szeged,3:06:39
1748,Lucas,Popov,M,49,Netherlands,Rotterdam,2:17:12
1749,Isabella,Lee,F,25,United States,San Francisco,5:53:26
1750,Mateo,Allen,M,50,United Arab Emirates,Ajman,5:52:48
1751,Anna,Moore,F,35,India,Mumbai,5:22:05
1752,Giovanni,Novak,M,62,United States,New York,3:54:22
1753,David,Ivanov,M,46,Finland,Oulu,3:04:09
1754,William,Kuznetsov,M,49,France,Marseille,5:52:27
1755,Zuzanna,Santos,F,50,Sweden,Stockholm,5:22:34
1756,Ava,Ramirez,F,22,Turkey,Antalya,3:47:43
1757,Charlotte,Gomes,F,35,United Kingdom,Glasgow,3:54:15
1758,Robert,Lee,M,65,Ukraine,Dnipro,5:38:56
1759,Lorenzo,Romano,M,27,Ethiopia,Dire Dawa,3:34:38
1760,Olga,Petrov,F,53,Japan,Sapporo,4:31:36
1761,Oliver,Novak,M,50,Hungary,Budapest,2:33:42
1762,Olivia,Thomas,F,40,Austria,Innsbruck,5:01:36
1763,Henry,Nguyen,M,57,Ukraine,Kharkiv,5:19:34
1764,Jakub,Costa,M,22,Switzerland,Zurich,2:51:52
1765,Lucas,Ivanov,M,51,Netherlands,Utrecht,4:47:53
1766,Lorenzo,Taylor,M,41,Australia,Brisbane,4:10:37
1767,Emily,Martinez,F,34,United States,Chicago,2:42:58
1768,Michael,Ferrari,M,48,Brazil,Sao Paulo,2:44:10
1769,Santiago,Popov,M,24,Portugal,Coimbra,3:05:23
1770,Michael,Jackson,M,34,Germany,Berlin,3:53:50
1771,Henry,Gonzalez,M,45,Portugal,Coimbra,2:16:54
1772,Mia,King,F,55,Italy,Milan,2:20:24
1773,Giulia,Smith,F,39,Poland,Warsaw,2:57:42
1774,Isabela,Jones,F,32,Italy,Bologna,3:14:13
1775,Olivia,Scott,F,54,Sweden,Malmo,3:20:29
1776,Arthur,Wilson,M,32,Denmark,Aarhus,5:29:30
1777,Camila,Williams,F,67,Norway,Oslo,2:47:49
1778,Carlos,Smirnov,M,67,Portugal,Coimbra,2:51:55
1779,Alexander,Kowalski,M,42,Germany,Cologne,4:01:12
1780,Julia,Novak,F,70,Italy,Naples,5:59:32
1781,Harry,Thomas,M,38,United Arab Emirates,Abu Dhabi,3:21:18
1782,Katarzyna,Walker,F,55,Russia,Novosibirsk,3:19:22
1783,Robert,Petrov,M,19,South Korea,Daegu,2:19:48
1784,Camila,Oliveira,F,44,China,Shanghai,3:44:08
1785,Daria,Romano,F,66,Kenya,Mombasa,3:02:58
1786,Chiara,Oliveira,F,49,Sweden,Stockholm,3:04:49
1787,Alina,Petrov,F,38,Brazil,Salvador,5:52:22
1788,Olivia,Young,F,21,China,Beijing,2:33:43
1789,Luis,Murphy,M,61,China,Shenzhen,2:25:58
1790,Katarzyna,Wright,F,36,Sweden,Gothenburg,4:02:06
1791,John,Jackson,M,19,Portugal,Lisbon,4:28:22
1792,Charlotte,Anderson,F,43,Russia,Saint Petersburg,2:42:10
1793,Amelia,Oliveira,F,51,Argentina,Buenos Aires,4:09:14
1794,Alina,Clark,F,31,Canada,Montreal,5:14:46
1795,Marco,Lee,M,32,Spain,Valencia,4:58:17
1796,Ivan,Petrov,M,37,South Korea,Daejeon,2:39:20
1797,Isabela,Davis,F,51,Sweden,Uppsala,3:09:58
1798,Santiago,Robinson,M,53,Australia,Adelaide,2:48:33
1799,Jan,Petrov,M,36,Austria,Innsbruck,4:01:55
1800,Lucas,Thompson,M,26,Canada,Montreal,4:51:44
1801,Laura,Kuznetsov,F,24,United States,New York,3:56:38
1802,Evelyn,Kaczmarek,F,47,France,Lyon,2:35:02
1803,John,Romano,M,30,France,Marseille,5:26:38
1804,Michael,Murphy,M,44,India,Bangalore,2:16:17
1805,Carlos,Ivanov,M,61,Romania,Bucharest,5:10:02
1806,Anna,Johnson,F,52,Czech Republic,Ostrava,4:19:47
1807,Alina,Moore,F,30,Ethiopia,Gondar,3:23:33
1808,David,Wilson,M,32,Netherlands,Amsterdam,4:13:50
1809,Carlos,Brown,M,63,Ethiopia,Gondar,4:59:03
1810,Thomas,Kaczmarek,M,26,Hungary,Miskolc,2:55:04
1811,Zuzanna,Taylor,F,62,Italy,Turin,4:34:46
1812,Zuzanna,Clark,F,40,United States,Los Angeles,2:17:08
1813,Luis,Bianchi,M,53,United Arab Emirates,Ajman,4:49:45
1814,Marco,Ramirez,M,70,Germany,Hamburg,3:23:54
1815,Luis,Taylor,M,57,South Africa,Johannesburg,2:08:10
1816,Sophia,Moore,F,20,Hungary,Miskolc,5:59:49
1817,Michael,Popov,M,51,Germany,Frankfurt,3:28:14
1818,Chiara,Perez,F,36,Australia,Brisbane,4:54:48
1819,Ava,Martin,F,45,Finland,Oulu,4:56:39
1820,Marco,Clark,M,40,Czech Republic,Ostrava,3:09:26
1821,Lucas,Torres,M,57,Denmark,Copenhagen,4:46:21
1822,Mateo,Wright,M,66,South Korea,Daegu,5:53:10
1823,Giulia,Kaczmarek,F,62,Romania,Bucharest,5:54:00
1824,Amelia,Kowalski,F,24,Spain,Seville,4:56:41
1825,Sunita,Perez,F,58,Netherlands,Eindhoven,3:45:39
1826,Evelyn,Murphy,F,29,Sweden,Gothenburg,3:52:25
1827,Daniel,Johnson,M,31,Kenya,Eldoret,4:32:09
1828,Emma,Bianchi,F,63,United Arab Emirates,Sharjah,3:12:25
1829,Julia,Garcia,F,32,Slovakia,Presov,5:46:26
1830,Piotr,Melo,M,20,Kenya,Nairobi,3:50:15
1831,Katarzyna,Kaczmarek,F,32,Japan,Tokyo,3:38:44
1832,Olga,Jones,F,68,Ethiopia,Gondar,3:14:18
1833,Sophia,King,F,41,South Korea,Incheon,5:08:31
1834,Giulia,White,F,69,India,Bangalore,3:13:31
1835,Hannah,Gonzalez,F,63,Romania,Iasi,3:58:54
1836,Sofia,Romano,F,25,Poland,Poznan,4:35:33
1837,Daniel,Sanchez,M,22,Romania,Iasi,3:10:51
1838,Lucas,Jackson,M,68,China,Shanghai,3:32:00
1839,Sofia,Melo,F,21,Netherlands,Utrecht,3:12:38
1840,Mateusz,Perez,M,31,Poland,Gdansk,2:59:07
1841,Carlos,Wilson,M,33,Czech Republic,Pilsen,2:25:16
1842,Thomas,Popov,M,37,Brazil,Sao Paulo,3:46:32
1843,Ivan,Smith,M,41,India,Bangalore,4:18:00
1844,Ava,Silva,F,23,Switzerland,Bern,4:36:30
1845,Emma,Wiśniewski,F,48,Sweden,Uppsala,3:38:06
1846,Robert,Miller,M,23,Ethiopia,Gondar,4:02:56
1847,David,Sanchez,M,52,United Kingdom,London,4:17:20
1848,Michael,Williams,M,32,China,Beijing,2:42:02
1849,Sofia,Jackson,F,46,Finland,Vantaa,4:42:29
1850,Daria,Johnson,F,20,Mexico,Monterrey,4:17:59
1851,Lucas,Novak,M,28,United Kingdom,Glasgow,2:30:14
1852,Anna,Williams,F,20,Japan,Osaka,4:28:28
1853,Ekaterina,Kowalczyk,F,45,Romania,Bucharest,5:55:44
1854,Amelia,Ferrari,F,27,Argentina,Cordoba,5:37:18
1855,Julia,Nowak,F,67,Switzerland,Bern,2:53:03
1856,Luis,Rodriguez,M,50,Finland,Vantaa,3:08:46
1857,Ekaterina,Costa,F,65,Australia,Sydney,5:34:27
1858,James,Jones,M,33,Turkey,Ankara,3:17:19
1859,Isabella,Allen,F,27,Mexico,Mexico City,2:16:14
1860,Lucia,Johnson,F,50,United Kingdom,Manchester,3:49:49
1861,Olivia,Kowalczyk,F,53,Mexico,Monterrey,2:06:42
1862,Hannah,Murphy,F,20,Israel,Haifa,5:00:49
1863,Alexander,Miller,M,22,Italy,Turin,3:11:33
1864,Maya,Rossi,F,29,Finland,Oulu,5:28:39
1865,Laura,Gonzalez,F,61,Slovakia,Bratislava,3:06:48
1866,Yuki,Silva,F,30,Australia,Adelaide,5:31:44
1867,Oleg,Rossi,M,41,Sweden,Gothenburg,2:29:55
1868,Jan,Ramirez,M,61,Norway,Stavanger,5:42:30
1869,David,Kowalczyk,M,49,Ukraine,Odesa,3:01:32
1870,Emma,Martin,F,33,China,Shenzhen,5:19:58
1871,Ekaterina,Robinson,F,49,Kenya,Nakuru,4:10:37
1872,Lorenzo,Miller,M,62,Sweden,Stockholm,2:51:25
1873,Maria,Nowak,F,54,Norway,Tromso,3:41:59
1874,Ingrid,Walker,F,53,Finland,Espoo,4:58:46
1875,Julia,Jackson,F,38,India,Chennai,3:05:59
1876,Isabela,Garcia,F,64,Brazil,Brasilia,3:26:20
1877,Chiara,Clark,F,29,Singapore,Singapore,3:38:08
1878,Olga,Moore,F,68,Ukraine,Odesa,5:23:44
1879,John,Jackson,M,38,United Arab Emirates,Sharjah,3:25:02
1880,Hannah,Allen,F,68,Norway,Bergen,3:26:31
1881,Anna,Harris,F,38,India,Delhi,5:37:40
1882,Emma,Young,F,60,Argentina,Buenos Aires,3:03:45
1883,Laura,White,F,70,France,Lyon,3:03:37
1884,Hannah,Kuznetsov,F,23,India,Hyderabad,3:24:37
1885,Benjamin,Lewis,M,26,Austria,Linz,3:14:49
1886,Lucas,Torres,M,18,France,Nice,5:42:03
1887,Noah,Sanchez,M,29,Romania,Constanta,4:00:33
1888,Lucas,Lewis,M,31,Sweden,Stockholm,3:47:17
1889,Magdalena,Walker,F,23,United Arab Emirates,Sharjah,5:03:41
1890,Ingrid,Miller,F,18,United Arab Emirates,Sharjah,3:49:14
1891,Oleg,Perez,M,39,Israel,Beer Sheva,2:36:53
1892,Alexander,Bianchi,M,51,Romania,Cluj-Napoca,5:02:29
1893,Mia,Miller,F,28,Brazil,Fortaleza,4:07:15
1894,Thomas,Hernandez,M,20,Germany,Hamburg,5:56:17
1895,Giulia,Costa,F,59,Sweden,Uppsala,2:24:10
1896,Olivia,Nguyen,F,23,China,Shanghai,5:25:50
1897,Anna,Garcia,F,23,South Korea,Seoul,3:13:57
1898,Alexander,Sanchez,M,37,South Korea,Busan,3:13:56
1899,Arthur,Romano,M,38,Slovakia,Bratislava,4:13:49
1900,Emily,King,F,19,Romania,Iasi,2:30:10
1901,Ingrid,Wiśniewski,F,43,Russia,Saint Petersburg,5:27:42
1902,Lucas,Brown,M,48,Sweden,Uppsala,5:58:02
1903,Olivia,Taylor,F,43,Canada,Toronto,3:10:15
1904,Carlos,Martin,M,49,Romania,Timisoara,3:50:25
1905,Anna,Romano,F,27,Israel,Haifa,2:59:12
1906,Alexander,Williams,M,40,Switzerland,Zurich,5:24:01
1907,Zuzanna,Smirnov,F,23,Netherlands,Eindhoven,4:33:55
1908,Jack,Murphy,M,40,Japan,Sapporo,5:07:37
1909,Carlos,Costa,M,45,Ethiopia,Gondar,3:10:38
1910,Liam,Moore,M,66,Romania,Timisoara,2:46:51
1911,Hugo,Wiśniewski,M,47,Switzerland,Geneva,2:22:53
1912,Olga,Rossi,F,31,Romania,Cluj-Napoca,5:53:39
1913,Olivia,Wright,F,54,Turkey,Izmir,5:15:09
1914,Michael,Lee,M,49,Russia,Yekaterinburg,5:34:45
1915,Ivan,Lee,M,66,Australia,Melbourne,2:41:32
1916,Sara,Kuznetsov,F,51,South Africa,Cape Town,4:21:47
1917,Emily,Allen,F,58,Austria,Salzburg,4:08:03
1918,Olga,Silva,F,61,Argentina,Cordoba,5:20:45
1919,James,Melo,M,68,Poland,Krakow,3:31:11
1920,Benjamin,Ramirez,M,39,Singapore,Singapore,4:23:18
1921,Isabella,Harris,F,48,United Kingdom,London,3:16:54
1922,Henry,Wiśniewski,M,24,Mexico,Monterrey,3:53:00
1923,Olivia,Hernandez,F,58,Poland,Poznan,5:11:00
1924,Robert,Kowalczyk,M,38,United Arab Emirates,Ras Al Khaimah,5:35:58
1925,Amelia,Hernandez,F,33,Japan,Kyoto,5:12:17
1926,Lorenzo,Lewis,M,37,United States,Los Angeles,2:52:37
1927,Amelia,Williams,F,60,Israel,Nazareth,3:17:29
1928,Pedro,Young,M,61,Sweden,Gothenburg,2:28:48
1929,Sofia,Novak,F,64,Switzerland,Bern,3:57:03
1930,Robert,Young,M,67,South Africa,Cape Town,4:55:00
1931,Evelyn,Kowalczyk,F,36,Ethiopia,Addis Ababa,5:58:30
1932,Olga,Clark,F,65,Hungary,Szeged,3:57:59
1933,Laura,Smith,F,49,Australia,Perth,5:13:13
1934,Alina,Davis,F,32,Romania,Iasi,5:51:40
1935,Isabela,Jackson,F,22,China,Chengdu,5:46:12
1936,Ekaterina,King,F,28,Mexico,Puebla,5:22:08
1937,Jan,Kowalski,M,32,Switzerland,Lausanne,5:19:23
1938,Magdalena,Torres,F,46,Hungary,Pecs,4:15:56
1939,Mateo,Martinez,M,67,Israel,Tel Aviv,5:12:03
1940,Nikolai,King,M,62,Portugal,Porto,4:06:40
1941,Hugo,Bianchi,M,21,Turkey,Izmir,3:55:45
1942,Arthur,Kuznetsov,M,66,Kenya,Nairobi,4:12:50
1943,Magdalena,King,F,53,Denmark,Aalborg,2:53:41
1944,Yuki,Taylor,F,65,China,Guangzhou,4:21:06
1945,Emily,Robinson,F,40,United Kingdom,Glasgow,4:05:44
1946,Giulia,Gomes,F,32,France,Marseille,5:35:37
1947,Piotr,Gomes,M,63,Turkey,Ankara,5:54:26
1948,Henry,Hernandez,M,61,India,Chennai,2:19:38
1949,Robert,Kuznetsov,M,20,Spain,Bilbao,5:03:24
1950,John,Smith,M,49,Poland,Krakow,4:26:42
1951,Jan,Clark,M,27,Austria,Salzburg,4:40:06
1952,Santiago,Martinez,M,57,Russia,Novosibirsk,2:27:01
1953,Emily,Jones,F,55,Canada,Calgary,5:18:08
1954,Olivia,Martin,F,39,France,Paris,3:17:55
1955,Valentina,Gonzalez,F,31,Canada,Toronto,4:37:38
1956,Charlotte,Wright,F,34,Romania,Constanta,5:14:41
1957,Sara,Perez,F,38,Poland,Krakow,4:33:06
1958,Benjamin,Brown,M,68,Argentina,Rosario,3:28:25
1959,Sunita,Robinson,F,65,Brazil,Rio de Janeiro,5:05:06
1960,Yuki,Hernandez,F,32,Germany,Munich,4:26:02
1961,William,Thompson,M,32,Denmark,Odense,3:38:56
1962,Thomas,Oliveira,M,18,Poland,Krakow,3:32:00
1963,Chiara,Thompson,F,41,United States,Chicago,4:45:03
1964,Liam,Gomes,M,29,Romania,Constanta,5:51:37
1965,Valentina,Moore,F,27,Turkey,Izmir,2:55:27
1966,Alina,Ferrari,F,63,Japan,Tokyo,2:57:04
1967,Pedro,Nguyen,M,59,Spain,Valencia,2:34:13
1968,Oleg,White,M,59,Hungary,Debrecen,5:43:48
1969,Arthur,Kaczmarek,M,69,Ukraine,Dnipro,4:51:53
1970,Luis,Gomes,M,48,South Africa,Durban,4:21:26
1971,Alexander,Scott,M,28,China,Shanghai,3:29:59
1972,Hannah,Nowak,F,33,Finland,Tampere,3:17:15
1973,Lorenzo,Jones,M,26,Austria,Linz,2:59:45
1974,Maya,Martinez,F,64,South Africa,Port Elizabeth,5:57:07
1975,Benjamin,Popov,M,31,United Arab Emirates,Dubai,4:27:32
1976,Giulia,Moore,F,36,Japan,Sapporo,5:18:47
1977,Santiago,Taylor,M,48,Russia,Saint Petersburg,4:33:45
1978,Jack,Miller,M,26,United Arab Emirates,Ras Al Khaimah,2:19:11
1979,Evelyn,Bianchi,F,53,Poland,Poznan,2:19:19
1980,Megan,Nguyen,F,70,Hungary,Debrecen,5:41:28
1981,Jakub,Perez,M,56,Canada,Vancouver,2:27:30
1982,Ingrid,Kaczmarek,F,43,Brazil,Fortaleza,5:29:36
1983,Harry,Murphy,M,25,Slovakia,Zilina,5:09:35
1984,Mikhail,Bianchi,M,41,Spain,Valencia,5:20:39
1985,Arthur,Petrov,M,25,Denmark,Esbjerg,3:26:58
1986,John,Wilson,M,36,Switzerland,Zurich,3:40:30
1987,Sofia,Smith,F,64,United Kingdom,London,5:31:24
1988,Lucas,Wilson,M,65,United Arab Emirates,Dubai,2:10:26
1989,James,Gomes,M,47,South Africa,Cape Town,2:40:20
1990,Sunita,Martinez,F,39,Argentina,La Plata,2:21:33
1991,Abigail,Hernandez,F,26,Netherlands,The Hague,3:34:35
1992,John,Costa,M,61,Italy,Milan,2:34:26
1993,Olivia,Lee,F,65,South Africa,Port Elizabeth,5:46:21
1994,William,Santos,M,21,France,Nice,5:35:20
1995,Sophia,Rodriguez,F,54,South Africa,Port Elizabeth,4:41:12
1996,Isabella,Bianchi,F,25,Netherlands,Amsterdam,2:37:44
1997,María,Ramirez,F,18,United States,Los Angeles,3:55:01
1998,John,Lee,M,45,United States,San Francisco,2:51:21
1999,Oleg,Allen,M,23,Brazil,Brasilia,4:01:59
2000,Lucas,Thomas,M,64,United Kingdom,Birmingham,2:53:25
2001,Thomas,Sanchez,M,53,France,Nice,4:23:10
2002,Jakub,Kaczmarek,M,70,Netherlands,Rotterdam,5:07:51
2003,Julia,Kuznetsov,F,28,Italy,Turin,2:09:03
2004,John,Thompson,M,22,Turkey,Izmir,3:12:17
2005,Oleg,Romano,M,67,Czech Republic,Pilsen,4:17:18
2006,Megan,Lee,F,41,Italy,Rome,4:46:32
2007,Robert,Garcia,M,64,Australia,Sydney,5:54:12
2008,Yuki,Romano,F,35,Denmark,Aarhus,3:36:34
2009,Hugo,Hernandez,M,37,Singapore,Singapore,2:50:09
2010,Mikhail,Kuznetsov,M,45,Ethiopia,Mekelle,5:12:25
2011,Alexander,Romano,M,30,Norway,Stavanger,5:35:54
2012,Pedro,Scott,M,22,Kenya,Nakuru,5:15:18
2013,María,Young,F,47,Denmark,Aarhus,4:13:21
2014,Alexander,Ivanov,M,18,China,Shenzhen,5:54:29
2015,Amelia,Scott,F,39,Australia,Adelaide,4:14:55
2016,Pedro,Nowak,M,35,South Africa,Johannesburg,4:03:08
2017,Kacper,Lopez,M,63,Norway,Trondheim,2:22:27
2018,Emma,Costa,F,22,United Kingdom,Birmingham,3:17:58
2019,Mateusz,Silva,M,48,Germany,Hamburg,4:43:27
2020,Sara,Kaczmarek,F,23,Argentina,Mendoza,4:44:38
2021,Katarzyna,Popov,F,44,Turkey,Ankara,3:54:04
2022,Isabela,Wilson,F,42,India,Bangalore,3:56:51
2023,Sunita,Scott,F,46,Austria,Linz,4:05:21
2024,Lorenzo,Harris,M,45,Finland,Oulu,5:26:52
2025,Mateusz,Lopez,M,33,Italy,Rome,4:50:29
2026,Liam,Gonzalez,M,70,South Korea,Incheon,4:28:33
2027,María,White,F,29,Austria,Salzburg,4:01:32
2028,Megan,Gonzalez,F,37,Netherlands,Utrecht,4:19:22
2029,Liam,Nguyen,M,35,Portugal,Lisbon,3:08:21
2030,Daria,Perez,F,51,Turkey,Izmir,3:34:22
2031,Benjamin,Melo,M,70,United Kingdom,Edinburgh,3:36:13
2032,Magdalena,Melo,F,40,South Korea,Busan,4:45:03
2033,Alexander,Allen,M,62,Finland,Espoo,5:15:41
2034,Olivia,Murphy,F,44,Ethiopia,Addis Ababa,3:21:10
2035,Ekaterina,Williams,F,66,Romania,Bucharest,2:45:52
2036,Mikhail,Nowak,M,34,Israel,Haifa,2:39:43
2037,John,Sanchez,M,65,Russia,Novosibirsk,5:35:45
2038,Oliver,Smirnov,M,38,South Korea,Daejeon,5:39:05
2039,Alexander,Moore,M,67,Norway,Stavanger,5:22:50
2040,Elijah,Torres,M,57,Kenya,Mombasa,4:44:02
2041,Emma,Costa,F,48,Switzerland,Geneva,3:31:03
2042,Emily,Murphy,F,20,United Arab Emirates,Sharjah,5:00:59
2043,Sara,Young,F,34,Mexico,Cancun,3:25:33
2044,Santiago,Walker,M,67,Australia,Brisbane,3:58:21
2045,Hannah,Bianchi,F,43,Brazil,Rio de Janeiro,3:00:40
2046,Charlotte,Williams,F,40,France,Lyon,5:04:24
2047,Mateusz,Johnson,M,23,United Kingdom,Edinburgh,5:30:12
2048,Sunita,Santos,F,45,Austria,Linz,3:09:04
2049,Abigail,Kuznetsov,F,25,Denmark,Aalborg,2:15:39
2050,Santiago,Costa,M,62,Czech Republic,Pilsen,4:47:46
2051,Henry,Garcia,M,25,Norway,Trondheim,5:15:20
2052,Carlos,Romano,M,36,Romania,Iasi,5:49:56
2053,Lucas,Brown,M,55,Poland,Warsaw,5:32:41
2054,María,Novak,F,46,Denmark,Copenhagen,4:19:56
2055,Sophia,Lee,F,40,Singapore,Singapore,4:20:51
2056,Charlotte,Silva,F,64,Japan,Sapporo,5:53:25
2057,Daniel,Moore,M,49,India,Hyderabad,4:24:37
2058,Lorenzo,Nowak,M,27,Ukraine,Lviv,3:35:00
2059,Sunita,Kowalczyk,F,44,United Kingdom,Manchester,5:46:28
2060,Emma,Perez,F,66,Ukraine,Dnipro,2:26:58
2061,Jan,Santos,M,18,Netherlands,The Hague,4:30:19
2062,Sofia,Santos,F,56,Brazil,Sao Paulo,2:59:19
2063,Maya,Popov,F,46,China,Beijing,3:03:03
2064,Mateusz,King,M,62,United Arab Emirates,Sharjah,2:55:19
2065,Liam,Petrov,M,20,Kenya,Nakuru,3:24:39
2066,Laura,Clark,F,68,Israel,Nazareth,4:58:45
2067,Elijah,Jones,M,64,Portugal,Faro,4:47:39
2068,Lorenzo,Ferrari,M,54,Brazil,Brasilia,4:31:06
2069,David,Martinez,M,48,United States,San Francisco,4:55:26
2070,Mikhail,Garcia,M,28,United States,New York,2:27:04
2071,Camila,Lewis,F,39,Israel,Tel Aviv,3:18:24
2072,Ava,Moore,F,35,United Arab Emirates,Ajman,4:41:44
2073,George,Gonzalez,M,52,Germany,Munich,3:43:57
2074,Isabella,Clark,F,23,Argentina,Rosario,2:28:54
2075,Camila,Novak,F,20,Netherlands,The Hague,4:30:29
2076,Olivia,Martin,F,22,Poland,Wroclaw,4:10:54
2077,Mikhail,Scott,M,26,Ethiopia,Gondar,3:27:33
2078,Kacper,Davis,M,45,Denmark,Copenhagen,4:47:46
2079,Anna,Robinson,F,36,Sweden,Uppsala,4:24:44
2080,Ingrid,Romano,F,45,Slovakia,Bratislava,4:41:18
2081,James,Torres,M,44,South Korea,Daejeon,5:30:40
2082,Giovanni,Garcia,M,30,United Arab Emirates,Ras Al Khaimah,4:29:26
2083,Lucas,Melo,M,55,Denmark,Aarhus,3:16:09
2084,Mia,Lopez,F,60,Netherlands,The Hague,5:50:07
2085,Mia,Lopez,F,70,Singapore,Singapore,4:07:58
2086,Jan,Nguyen,M,38,Kenya,Nairobi,4:51:45
2087,Noah,Kaczmarek,M,44,United States,Los Angeles,5:41:27
2088,Sofia,Rossi,F,63,India,Chennai,2:45:37
2089,Olivia,Wilson,F,23,Ethiopia,Mekelle,5:17:51
2090,Mateusz,Robinson,M,55,Hungary,Pecs,3:20:52
2091,Mia,Oliveira,F,66,Brazil,Brasilia,2:27:34
2092,Anna,Martin,F,28,Israel,Nazareth,5:55:06
2093,Lorenzo,Kowalczyk,M,64,Japan,Sapporo,3:01:40
2094,Evelyn,Martin,F,58,Australia,Sydney,4:04:56
2095,Elijah,Harris,M,70,Czech Republic,Brno,3:07:34
2096,Alina,Lopez,F,34,Australia,Sydney,3:49:25
2097,Ekaterina,Rodriguez,F,56,Ethiopia,Mekelle,5:20:21
2098,Ingrid,Lee,F,24,Kenya,Kisumu,2:07:38
2099,Lucia,Anderson,F,47,Sweden,Malmo,3:57:21
2100,Lorenzo,Moore,M,38,Mexico,Cancun,2:35:37
2101,Valentina,Lopez,F,18,Sweden,Malmo,3:21:51
2102,Alina,Taylor,F,42,Ukraine,Lviv,2:22:05
2103,Marco,Taylor,M,49,Ukraine,Lviv,4:15:12
2104,Mia,Young,F,25,Poland,Poznan,4:05:46
2105,Katarzyna,Nguyen,F,22,Mexico,Cancun,2:15:58
2106,Mateusz,Thompson,M,47,Spain,Seville,2:16:17
2107,Megan,Lewis,F,68,Japan,Sapporo,5:35:02
2108,Sofia,Williams,F,25,Kenya,Nairobi,3:12:26
2109,Harry,Harris,M,66,Israel,Tel Aviv,3:08:41
2110,Abigail,Wright,F,36,Germany,Berlin,2:44:35
2111,Jack,Wilson,M,61,Italy,Milan,2:09:35
2112,Pedro,Thompson,M,47,Portugal,Coimbra,3:59:19
2113,Nikolai,Wilson,M,32,Australia,Perth,5:37:19
2114,Anna,Smirnov,F,53,Netherlands,Eindhoven,2:31:28
2115,Isabella,Scott,F,61,Czech Republic,Pilsen,3:21:21
2116,Mikhail,Garcia,M,44,France,Lyon,5:48:38
2117,David,Kaczmarek,M,30,China,Chengdu,5:39:14
2118,Giulia,Taylor,F,31,Mexico,Cancun,2:09:05
2119,Hugo,Robinson,M,54,Denmark,Aarhus,4:36:20
2120,Maria,Williams,F,65,Portugal,Coimbra,4:58:23
2121,Amelia,King,F,47,Brazil,Fortaleza,5:28:37
2122,Camila,Walker,F,56,Brazil,Brasilia,3:56:10
2123,Evelyn,Robinson,F,64,Romania,Cluj-Napoca,4:21:32
2124,Harry,Lee,M,30,Czech Republic,Pilsen,5:10:02
2125,Magdalena,Torres,F,33,Slovakia,Zilina,2:41:24
2126,Julia,Petrov,F,61,Israel,Haifa,5:32:18
2127,Maya,Santos,F,24,Hungary,Pecs,2:59:11
2128,Oliver,Lee,M,65,India,Bangalore,3:42:43
2129,Charlotte,Novak,F,44,Kenya,Eldoret,2:55:51
2130,Kacper,Costa,M,62,Norway,Tromso,4:46:42
2131,Liam,Hernandez,M,52,Norway,Tromso,3:07:51
2132,Carlos,Walker,M,32,Singapore,Singapore,5:50:36
2133,Anna,Perez,F,45,Israel,Nazareth,4:40:20
2134,Charlotte,Lopez,F,52,Mexico,Monterrey,5:46:26
2135,Katarzyna,Martin,F,24,Austria,Innsbruck,4:33:09
2136,Sofia,Robinson,F,67,South Korea,Seoul,4:39:40
2137,Daniel,Lopez,M,63,United States,Chicago,2:45:19
2138,Emma,Lewis,F,67,Kenya,Kisumu,5:50:18
2139,Arthur,Robinson,M,68,France,Paris,4:08:16
2140,Maya,Torres,F,63,Ukraine,Kharkiv,2:48:48
2141,Isabela,Popov,F,37,Romania,Constanta,4:06:49
2142,Laura,Walker,F,49,China,Shenzhen,5:24:41
2143,Anna,Taylor,F,55,United Kingdom,London,2:16:25
2144,Mateusz,Murphy,M,57,India,Chennai,2:50:56
2145,Piotr,Walker,M,49,South Korea,Daegu,3:28:43
2146,Laura,Martin,F,43,China,Shenzhen,4:52:14
2147,Oliver,Gomes,M,56,Italy,Bologna,4:50:24
2148,Lucas,Wiśniewski,M,37,Switzerland,Bern,3:25:35
2149,David,Miller,M,35,Finland,Espoo,5:34:18
2150,Lucia,Ramirez,F,67,South Korea,Seoul,2:37:52
2151,Mikhail,Torres,M,32,Finland,Oulu,2:16:50
2152,Luis,Nguyen,M,69,Spain,Seville,4:26:56
2153,Emma,Hernandez,F,39,Turkey,Ankara,3:29:45
2154,Isabella,Hernandez,F,68,Australia,Adelaide,3:39:06
2155,Oleg,Oliveira,M,39,South Africa,Port Elizabeth,3:26:33
2156,George,Smirnov,M,70,United Kingdom,Edinburgh,5:10:59
2157,Robert,Gonzalez,M,38,Israel,Jerusalem,5:24:51
2158,Jack,Wiśniewski,M,19,South Africa,Johannesburg,2:48:14
2159,Henry,Rodriguez,M,57,Japan,Tokyo,2:23:12
2160,Anna,Rossi,F,70,Slovakia,Zilina,2:54:15
2161,Sophia,Garcia,F,60,Argentina,Buenos Aires,4:25:03
2162,Daria,Rossi,F,35,Italy,Milan,4:47:53
2163,Alexander,Bianchi,M,40,South Africa,Cape Town,5:25:23
2164,Katarzyna,Robinson,F,30,Portugal,Faro,4:45:35
2165,Luis,Hernandez,M,58,South Africa,Durban,3:14:03
2166,Sara,Smith,F,26,Portugal,Faro,5:33:38
2167,Abigail,Gonzalez,F,66,Canada,Vancouver,4:31:10
2168,Santiago,Martin,M,24,United Arab Emirates,Ajman,4:12:24
2169,Daria,Garcia,F,58,Singapore,Singapore,2:54:57
2170,Santiago,Thomas,M,18,Czech Republic,Pilsen,3:31:48
2171,Giulia,Ramirez,F,19,Mexico,Cancun,4:50:46
2172,James,Popov,M,21,Singapore,Singapore,2:54:39
2173,Ivan,Martinez,M,31,China,Beijing,3:05:05
2174,Olga,Silva,F,49,Argentina,Cordoba,2:12:01
2175,Mateusz,Smith,M,53,Japan,Sapporo,2:15:10
2176,Emily,Hernandez,F,19,Singapore,Singapore,4:28:57
2177,Kacper,Miller,M,57,Austria,Linz,4:37:32
2178,Emily,Scott,F,67,Ethiopia,Gondar,2:07:10
2179,Laura,Smirnov,F,68,Romania,Iasi,2:49:07
2180,Giulia,Melo,F,31,Austria,Linz,5:57:39
2181,John,Petrov,M,37,Russia,Novosibirsk,5:29:31
2182,Jakub,Romano,M,42,United States,Chicago,3:56:13
2183,Giovanni,Kuznetsov,M,59,Czech Republic,Brno,5:02:06
2184,Ivan,Wiśniewski,M,66,France,Nice,3:07:09
2185,Charlotte,Harris,F,25,Ethiopia,Dire Dawa,3:18:51
2186,Evelyn,Lee,F,45,Slovakia,Presov,5:48:48
2187,Evelyn,Sanchez,F,63,Austria,Linz,2:22:04
2188,Zuzanna,Santos,F,38,United Kingdom,Birmingham,4:49:04
2189,Alina,Ferrari,F,40,Switzerland,Basel,4:02:19
2190,Isabela,Murphy,F,49,Kenya,Eldoret,2:13:57
2191,Luis,Wright,M,25,Italy,Turin,3:21:31
2192,Isabella,Thompson,F,48,South Africa,Johannesburg,2:56:23
2193,Olivia,Petrov,F,54,Japan,Osaka,2:13:27
2194,Maya,Johnson,F,33,Israel,Haifa,3:10:24
2195,Lucas,Oliveira,M,57,Japan,Sapporo,4:32:52
2196,George,Lopez,M,59,Portugal,Coimbra,2:48:32
2197,Ivan,White,M,44,Canada,Vancouver,3:26:16
2198,Magdalena,Perez,F,57,South Korea,Incheon,4:34:11
2199,Isabella,Ferrari,F,58,Netherlands,The Hague,3:15:23
2200,Liam,Kowalski,M,35,Romania,Cluj-Napoca,2:57:27
2201,Yuki,Wiśniewski,F,52,South Korea,Daegu,5:51:20
2202,Luis,Melo,M,66,Norway,Trondheim,2:41:33
2203,William,Nowak,M,69,Turkey,Bursa,4:19:42
2204,Lucas,Rodriguez,M,32,Netherlands,The Hague,2:47:26
2205,Olivia,Gonzalez,F,70,Slovakia,Zilina,3:29:21
2206,Ava,Wilson,F,44,Russia,Kazan,3:22:35
2207,Oleg,Ramirez,M,34,China,Shenzhen,2:25:22
2208,Mia,Perez,F,57,Spain,Madrid,4:14:10
2209,Jakub,Nowak,M,19,Hungary,Pecs,3:28:39
2210,Camila,Ramirez,F,66,Singapore,Singapore,3:04:34
2211,Abigail,Jackson,F,67,Norway,Stavanger,3:40:23
2212,Daria,Harris,F,48,Brazil,Brasilia,3:54:06
2213,John,Williams,M,54,Spain,Barcelona,2:55:23
2214,Maria,Clark,F,58,Russia,Kazan,2:59:40
2215,Camila,Hernandez,F,58,Romania,Bucharest,4:39:23
2216,Luis,Ivanov,M,51,Portugal,Coimbra,2:14:00
2217,Megan,Romano,F,51,Switzerland,Zurich,5:49:47
2218,Benjamin,Robinson,M,68,Argentina,Rosario,2:13:30
2219,Mia,Thompson,F,20,United States,Los Angeles,3:47:42
2220,Benjamin,Nowak,M,34,Poland,Gdansk,5:35:42
2221,Laura,Bianchi,F,31,Israel,Beer Sheva,3:56:42
2222,Olivia,Hernandez,F,31,Netherlands,Rotterdam,2:10:44
2223,Jan,Rodriguez,M,63,United States,Boston,3:31:19
2224,Jack,Allen,M,55,Japan,Sapporo,5:59:38
2225,Jakub,Ivanov,M,52,Germany,Hamburg,4:19:43
2226,Giovanni,Smith,M,18,Norway,Tromso,3:51:12
2227,Michael,Nowak,M,65,Slovakia,Presov,5:32:14
2228,Laura,Ramirez,F,46,Netherlands,Rotterdam,5:17:41
2229,Elijah,Martin,M,21,Ethiopia,Addis Ababa,5:25:14
2230,Pedro,Taylor,M,50,India,Chennai,5:01:11
2231,Amelia,Murphy,F,34,Russia,Yekaterinburg,2:46:20
2232,Marco,Allen,M,45,Ukraine,Lviv,4:28:10
2233,Magdalena,Kaczmarek,F,67,Sweden,Gothenburg,3:41:59
2234,Emily,Kuznetsov,F,43,Denmark,Copenhagen,5:18:18
2235,Anna,Silva,F,25,United Arab Emirates,Ras Al Khaimah,5:16:12
2236,Hannah,White,F,51,Denmark,Aarhus,5:53:42
2237,Amelia,Rossi,F,35,Ukraine,Lviv,5:39:34
2238,Santiago,Ramirez,M,48,Germany,Berlin,5:24:18
2239,Daniel,Wiśniewski,M,44,Australia,Sydney,3:57:22
2240,Jakub,Costa,M,33,Germany,Frankfurt,4:43:06
2241,Mia,Martinez,F,27,Italy,Naples,5:15:43
2242,Liam,Perez,M,57,Austria,Innsbruck,4:00:00
2243,Maya,Taylor,F,29,Slovakia,Bratislava,3:38:58
2244,Valentina,Allen,F,39,Ukraine,Lviv,3:43:20
2245,Sunita,Popov,F,33,Poland,Warsaw,5:20:01
2246,Sara,Ramirez,F,29,Slovakia,Zilina,4:55:27
2247,Elijah,Robinson,M,28,Hungary,Debrecen,3:37:03
2248,Alina,Williams,F,37,France,Nice,5:42:05
2249,Amelia,Costa,F,68,Denmark,Aalborg,3:09:09
2250,Michael,Robinson,M,18,United Arab Emirates,Ajman,2:34:37
2251,Mateusz,Brown,M,44,Denmark,Aarhus,4:27:51
2252,Yuki,Ivanov,F,20,Germany,Hamburg,3:07:43
2253,Magdalena,Taylor,F,29,Slovakia,Presov,5:49:51
2254,Isabela,Perez,F,47,Romania,Timisoara,4:49:13
2255,Alina,Kaczmarek,F,26,Hungary,Budapest,2:55:58
2256,Emma,Wright,F,70,South Africa,Cape Town,4:43:18
2257,Ekaterina,Lopez,F,54,South Africa,Port Elizabeth,2:46:05
2258,Nikolai,Thompson,M,18,Austria,Salzburg,3:19:11
2259,Carlos,Johnson,M,59,China,Chengdu,2:05:15
2260,Marco,Lee,M,66,India,Delhi,3:18:30
2261,Daria,Novak,F,21,Canada,Vancouver,2:48:00
2262,Ava,Murphy,F,32,Netherlands,Utrecht,3:30:35
2263,Amelia,Thompson,F,68,South Korea,Busan,5:54:34
2264,Oliver,Wright,M,44,United States,New York,4:17:28
2265,Laura,Thomas,F,25,Australia,Perth,2:48:12
2266,Camila,Garcia,F,40,Slovakia,Nitra,3:24:49
2267,Hannah,Miller,F,32,Italy,Milan,4:22:40
2268,Evelyn,Popov,F,44,United Arab Emirates,Sharjah,4:28:22
2269,Alexander,Novak,M,48,South Korea,Seoul,5:13:35
2270,Olivia,Ramirez,F,56,Portugal,Lisbon,4:05:32
2271,Mikhail,Thompson,M,64,Portugal,Coimbra,5:09:11
2272,Giovanni,Smirnov,M,25,Portugal,Braga,4:19:53
2273,Arthur,Thomas,M,47,Norway,Tromso,2:20:18
2274,Megan,Torres,F,59,Romania,Bucharest,3:25:35
2275,Sara,Williams,F,35,Turkey,Izmir,4:46:22
2276,Isabella,Lee,F,21,Romania,Timisoara,5:24:57
2277,Magdalena,Williams,F,64,India,Hyderabad,3:00:43
2278,Abigail,Murphy,F,60,Israel,Nazareth,2:46:26
2279,Charlotte,Harris,F,39,Japan,Sapporo,5:04:29
2280,David,Popov,M,20,United States,Los Angeles,3:59:33
2281,James,Perez,M,32,United Arab Emirates,Abu Dhabi,2:09:32
2282,Oleg,Ramirez,M,52,Norway,Tromso,3:20:54
2283,Luis,Johnson,M,64,Australia,Perth,2:18:39
2284,Santiago,Kowalczyk,M,55,South Korea,Incheon,3:33:12
2285,Alexander,Popov,M,50,Japan,Osaka,2:48:35
2286,James,Romano,M,31,Japan,Tokyo,5:44:08
2287,Isabela,Davis,F,65,China,Shenzhen,3:46:09
2288,Lorenzo,Torres,M,18,Singapore,Singapore,3:39:00
2289,Alexander,Martin,M,70,United States,Los Angeles,5:03:56
2290,Arthur,Allen,M,66,Slovakia,Presov,3:11:24
2291,Hannah,Silva,F,43,Romania,Cluj-Napoca,3:26:30
2292,Ivan,Smirnov,M,25,Mexico,Mexico City,5:43:12
2293,Elijah,White,M,67,Ethiopia,Gondar,4:13:21
2294,Ingrid,Walker,F,33,Israel,Haifa,3:31:31
2295,Hugo,Wiśniewski,M,55,Singapore,Singapore,2:54:41
2296,Pedro,Moore,M,27,Kenya,Mombasa,4:53:02
2297,Santiago,Moore,M,59,Portugal,Braga,2:55:39
2298,David,Petrov,M,54,Austria,Innsbruck,3:27:15
2299,Oliver,Murphy,M,43,Mexico,Puebla,5:06:14
2300,Luis,Melo,M,45,Slovakia,Zilina,2:15:02
2301,Camila,Ivanov,F,29,United Arab Emirates,Sharjah,4:09:19
2302,Alina,Moore,F,37,Spain,Madrid,5:27:09
2303,Olivia,Clark,F,66,Ethiopia,Mekelle,4:08:39
2304,Hugo,Johnson,M,31,United States,New York,4:45:24
2305,Lucia,Petrov,F,63,China,Shanghai,5:35:54
2306,Henry,Moore,M,52,Brazil,Rio de Janeiro,4:25:47
2307,Mikhail,Robinson,M,46,Portugal,Faro,4:13:12
2308,Yuki,Rossi,F,29,Japan,Kyoto,2:46:27
2309,Jan,Miller,M,69,Poland,Krakow,2:27:38
2310,Lucas,Anderson,M,35,Mexico,Mexico City,5:23:13
2311,Emma,Kuznetsov,F,61,Argentina,Rosario,5:02:54
2312,Zuzanna,Anderson,F,19,Finland,Vantaa,2:16:29
2313,William,Kowalski,M,19,France,Lyon,5:20:24
2314,Alina,Popov,F,34,Netherlands,Utrecht,4:26:39
2315,Yuki,Ferrari,F,27,Switzerland,Basel,3:47:11
2316,Giovanni,Nguyen,M,35,Japan,Kyoto,4:49:48
2317,Carlos,Novak,M,39,Romania,Timisoara,2:57:46
2318,George,Perez,M,36,Portugal,Braga,4:28:20
2319,Daniel,Harris,M,70,Ukraine,Dnipro,5:27:23
2320,John,Gomes,M,18,India,Delhi,2:18:45
2321,Olga,Smith,F,41,Norway,Trondheim,2:24:51
2322,Anna,Perez,F,53,Mexico,Monterrey,4:57:06
2323,Zuzanna,Thompson,F,42,Finland,Espoo,3:39:07
2324,Marco,Martinez,M,53,Japan,Tokyo,3:58:05
2325,Sara,Silva,F,48,Norway,Oslo,5:13:06
2326,Olivia,Wilson,F,48,South Africa,Pretoria,5:31:25
2327,Hannah,Smirnov,F,19,Austria,Graz,3:58:33
2328,Mateo,Ivanov,M,36,Hungary,Debrecen,4:51:06
2329,Julia,Taylor,F,70,Czech Republic,Pilsen,3:39:01
2330,Luis,Williams,M,29,United Kingdom,Glasgow,5:35:08
2331,Jack,Garcia,M,27,Japan,Kyoto,2:13:53
2332,Michael,Scott,M,48,Brazil,Sao Paulo,5:09:19
2333,Katarzyna,Garcia,F,62,Denmark,Odense,3:53:30
2334,Giulia,Kowalczyk,F,39,Ukraine,Odesa,2:25:07
2335,Robert,White,M,40,Switzerland,Bern,4:28:28
2336,Oleg,Jackson,M,69,Czech Republic,Brno,5:07:48
2337,Jan,Lewis,M,40,Germany,Munich,2:25:37
2338,Giovanni,Johnson,M,32,Mexico,Guadalajara,3:27:23
2339,Alexander,Kowalski,M,43,Portugal,Faro,3:24:25
2340,Harry,Hernandez,M,20,Russia,Saint Petersburg,4:53:55
2341,Sunita,Thompson,F,40,Portugal,Faro,4:57:52
2342,Jack,Ramirez,M,37,Argentina,La Plata,4:56:32
2343,Carlos,Wiśniewski,M,62,Kenya,Kisumu,3:25:36
2344,Noah,Wiśniewski,M,57,Norway,Stavanger,5:30:10
2345,Alina,Scott,F,56,Finland,Oulu,5:22:46
2346,Olivia,Thomas,F,25,Germany,Frankfurt,5:57:22
2347,Julia,Melo,F,35,Canada,Calgary,2:12:39
2348,Daniel,Rodriguez,M,58,Switzerland,Geneva,4:32:21
2349,Julia,Murphy,F,23,Switzerland,Geneva,5:37:49
2350,Lucas,Miller,M,44,Austria,Linz,2:06:59
2351,Laura,Wilson,F,53,China,Beijing,3:24:28
2352,Giulia,Davis,F,32,Argentina,La Plata,4:59:07
2353,Ingrid,Jackson,F,54,Portugal,Faro,3:44:40
2354,Camila,Costa,F,22,Poland,Poznan,4:26:49
2355,Sofia,Kaczmarek,F,56,Mexico,Monterrey,3:53:01
2356,Luis,Scott,M,26,Spain,Madrid,3:49:58
2357,Lucia,Thompson,F,24,Mexico,Cancun,4:35:59
2358,Hugo,Clark,M,58,China,Beijing,2:58:46
2359,Yuki,Moore,F,37,United States,New York,4:28:05
2360,Jan,Kaczmarek,M,27,Japan,Sapporo,2:47:32
2361,Mateusz,Novak,M,43,Germany,Cologne,5:45:58
2362,Benjamin,Petrov,M,21,South Korea,Busan,5:35:00
2363,Jan,Allen,M,55,Kenya,Eldoret,3:34:38
2364,Daniel,Wright,M,41,Austria,Linz,2:58:48
2365,Laura,Anderson,F,31,Australia,Melbourne,4:55:53
2366,Luis,Young,M,58,Brazil,Rio de Janeiro,2:06:16
2367,Giovanni,Jackson,M,18,Austria,Graz,3:01:50
2368,María,Hernandez,F,34,India,Chennai,2:11:48
2369,Santiago,Sanchez,M,62,Denmark,Aalborg,3:13:12
2370,Alina,Smith,F,41,Russia,Moscow,2:42:47
2371,Hannah,Romano,F,44,Russia,Saint Petersburg,4:33:55
2372,Anna,Wiśniewski,F,24,Czech Republic,Olomouc,3:20:28
2373,Sara,Nowak,F,26,Canada,Ottawa,5:09:05
2374,Santiago,Ivanov,M,60,Switzerland,Zurich,3:37:54
2375,Charlotte,Harris,F,52,Poland,Poznan,3:41:13
2376,Harry,Nowak,M,29,Brazil,Salvador,3:08:54
2377,Carlos,Clark,M,38,Italy,Rome,3:11:37
2378,Lucia,Gonzalez,F,20,Norway,Stavanger,4:52:03
2379,Noah,Kowalski,M,32,Singapore,Singapore,4:06:47
2380,Chiara,Rodriguez,F,38,Germany,Cologne,4:37:59
2381,Sunita,Kowalski,F,27,United Arab Emirates,Ajman,3:38:37
2382,Isabella,Garcia,F,50,Finland,Vantaa,2:50:01
2383,Yuki,Torres,F,63,Ukraine,Dnipro,3:06:52
2384,Carlos,Johnson,M,69,India,Delhi,3:10:07
2385,Jan,Kowalski,M,23,Netherlands,Eindhoven,5:09:16
2386,Anna,Hernandez,F,19,Turkey,Bursa,5:55:41
2387,Jack,Novak,M,46,United Kingdom,Birmingham,4:34:06
2388,Emily,Ivanov,F,57,Turkey,Istanbul,2:16:15
2389,Mia,White,F,50,Poland,Wroclaw,3:27:07
2390,Emma,Kowalczyk,F,21,Poland,Gdansk,5:48:27
2391,George,Oliveira,M,21,United Arab Emirates,Dubai,5:30:15
2392,Jakub,Scott,M,46,Ethiopia,Bahir Dar,3:34:09
2393,David,Costa,M,54,Austria,Linz,5:36:43
2394,Lorenzo,Silva,M,37,Finland,Helsinki,3:47:48
2395,Sofia,Robinson,F,58,Australia,Sydney,4:50:02
2396,Mateusz,Popov,M,40,Austria,Innsbruck,3:02:55
2397,Ivan,Lopez,M,62,Ethiopia,Gondar,3:58:36
2398,John,Gomes,M,35,Germany,Berlin,2:14:01
2399,Valentina,Lee,F,66,Turkey,Antalya,2:07:44
2400,Evelyn,Jackson,F,42,Italy,Rome,4:59:07
2401,William,Santos,M,18,United Arab Emirates,Dubai,4:03:12
2402,Noah,Wilson,M,32,Finland,Vantaa,2:21:24
2403,Jack,Robinson,M,51,Finland,Helsinki,2:49:21
2404,Giovanni,Thomas,M,65,Portugal,Coimbra,3:19:28
2405,Yuki,Lewis,F,37,Romania,Iasi,2:15:17
2406,Anna,Rossi,F,54,Mexico,Guadalajara,5:26:45
2407,Santiago,Robinson,M,44,Denmark,Aarhus,4:22:40
2408,David,Nowak,M,39,Canada,Ottawa,3:38:59
2409,Amelia,Bianchi,F,68,Sweden,Malmo,5:57:26
2410,George,Romano,M,22,Switzerland,Lausanne,5:18:36
2411,Anna,Costa,F,51,United States,Los Angeles,3:14:56
2412,Mateo,Thomas,M,56,Sweden,Uppsala,2:05:00
2413,Giovanni,Popov,M,20,Russia,Novosibirsk,5:01:30
2414,William,Smith,M,34,Norway,Oslo,4:55:46
2415,Ava,Ivanov,F,41,Slovakia,Zilina,5:35:05
2416,Lucia,Costa,F,41,Hungary,Debrecen,4:24:37
2417,Robert,Walker,M,20,Mexico,Monterrey,5:41:55
2418,Jakub,Jones,M,62,Singapore,Singapore,5:03:21
2419,Carlos,Taylor,M,24,Norway,Bergen,3:18:58
2420,Daniel,Davis,M,42,Sweden,Vasteras,3:25:08
2421,George,Nowak,M,20,Ukraine,Kharkiv,2:56:19
2422,Daniel,Kuznetsov,M,32,India,Chennai,3:56:59
2423,Emma,Lewis,F,46,United Kingdom,Manchester,4:23:47
2424,John,Ferrari,M,67,United Kingdom,Manchester,3:45:18
2425,Elijah,Jackson,M,46,United Kingdom,London,2:11:22
2426,Laura,Romano,F,27,Turkey,Istanbul,5:32:53
2427,Oliver,White,M,49,Argentina,Rosario,5:06:18
2428,Laura,Kuznetsov,F,40,Austria,Innsbruck,2:20:27
2429,David,Novak,M,56,Sweden,Vasteras,5:18:55
2430,María,Ramirez,F,26,Slovakia,Nitra,3:29:19
2431,Amelia,Miller,F,54,Slovakia,Zilina,2:14:20
2432,Abigail,Silva,F,69,South Africa,Pretoria,2:24:49
2433,Maria,Wiśniewski,F,57,Denmark,Aarhus,2:19:57
2434,Harry,Wiśniewski,M,31,Romania,Cluj-Napoca,2:44:28
2435,Amelia,Popov,F,21,France,Nice,5:58:20
2436,Mateo,White,M,37,Sweden,Malmo,4:50:30
2437,Carlos,Petrov,M,45,Switzerland,Geneva,5:49:28
2438,Piotr,Martinez,M,31,United States,Chicago,3:27:33
2439,Anna,Rossi,F,61,Sweden,Gothenburg,4:16:38
2440,John,Wilson,M,51,United Arab Emirates,Dubai,5:12:17
2441,Maria,Miller,F,30,Canada,Toronto,3:18:00
2442,Anna,Nowak,F,48,South Korea,Daegu,5:26:04
2443,Isabella,Robinson,F,50,Russia,Yekaterinburg,2:44:58
2444,Olivia,Wiśniewski,F,69,Austria,Vienna,3:48:46
2445,Ivan,Wiśniewski,M,56,Spain,Barcelona,3:40:43
2446,Alexander,Perez,M,45,France,Lyon,5:40:53
2447,Nikolai,Smirnov,M,42,Argentina,Buenos Aires,4:44:45
2448,Marco,Perez,M,49,South Korea,Seoul,2:48:08
2449,Marco,Smirnov,M,26,Ukraine,Dnipro,5:19:18
2450,Alexander,Torres,M,45,Spain,Madrid,4:55:16
2451,Mikhail,Murphy,M,48,Germany,Frankfurt,3:50:56
2452,Ava,Wiśniewski,F,34,Finland,Oulu,3:06:25
2453,Evelyn,Martinez,F,70,Austria,Vienna,4:37:01
2454,Robert,Jackson,M,40,Ethiopia,Bahir Dar,3:16:49
2455,Emma,Anderson,F,30,Italy,Rome,3:18:19
2456,Mateusz,Torres,M,27,Mexico,Puebla,2:58:46
2457,Mateusz,Kuznetsov,M,33,Portugal,Faro,2:28:23
2458,Alina,Martin,F,23,Australia,Melbourne,4:24:51
2459,Mateo,Torres,M,65,Kenya,Eldoret,5:24:03
2460,Oleg,Walker,M,28,Ukraine,Lviv,2:43:05
2461,María,Ivanov,F,69,Norway,Oslo,4:32:42
2462,Alina,Martinez,F,20,Argentina,Cordoba,2:33:48
2463,Evelyn,Martinez,F,45,Australia,Adelaide,5:15:30
2464,Yuki,Jackson,F,58,Portugal,Coimbra,2:25:49
2465,Julia,Taylor,F,32,Ethiopia,Bahir Dar,2:19:38
2466,Lucas,Johnson,M,30,United States,San Francisco,5:33:58
2467,Hugo,Nguyen,M,59,Slovakia,Presov,5:17:23
2468,Oleg,Martinez,M,69,Turkey,Antalya,2:47:03
2469,Harry,Smith,M,62,Netherlands,Eindhoven,2:13:17
2470,Maria,White,F,34,Poland,Gdansk,4:54:39
2471,David,Kowalczyk,M,24,Hungary,Debrecen,4:37:49
2472,Megan,Sanchez,F,45,Ethiopia,Gondar,4:13:22
2473,Emily,Kowalski,F,55,Czech Republic,Brno,5:12:16
2474,Sofia,Thompson,F,30,Austria,Linz,5:07:20
2475,Abigail,Nguyen,F,34,Mexico,Guadalajara,4:11:18
2476,Isabella,Lee,F,32,United States,Los Angeles,3:26:19
2477,Robert,White,M,53,Brazil,Brasilia,5:02:48
2478,Julia,Costa,F,45,Sweden,Malmo,2:13:58
2479,Michael,Nowak,M,32,Germany,Berlin,5:28:52
2480,Sofia,Costa,F,63,United Arab Emirates,Ras Al Khaimah,4:36:32
2481,Robert,Walker,M,70,Switzerland,Bern,2:29:26
2482,Camila,Walker,F,28,Ethiopia,Bahir Dar,5:11:47
2483,Julia,Smith,F,48,Denmark,Aalborg,5:33:17
2484,William,Perez,M,21,Germany,Cologne,4:13:34
2485,Lucas,Martin,M,52,South Korea,Daegu,2:33:53
2486,Giulia,Anderson,F,51,Spain,Madrid,2:13:10
2487,Alexander,Moore,M,69,Denmark,Odense,2:33:29
2488,Yuki,Kaczmarek,F,44,United Kingdom,Edinburgh,4:50:45
2489,Amelia,Nowak,F,27,Czech Republic,Olomouc,3:56:51
2490,Lorenzo,Thompson,M,47,United Kingdom,Birmingham,2:36:58
2491,Michael,Robinson,M,62,Denmark,Aalborg,4:55:26
2492,Jack,Melo,M,37,Italy,Turin,4:21:06
2493,Olivia,Romano,F,46,Australia,Melbourne,5:06:43
2494,Robert,Santos,M,70,United Arab Emirates,Sharjah,3:45:25
2495,Chiara,Kowalczyk,F,46,Sweden,Uppsala,4:46:18
2496,Lorenzo,White,M,40,Kenya,Mombasa,3:46:39
2497,Ava,Sanchez,F,67,India,Chennai,4:46:32
2498,Charlotte,Perez,F,38,Russia,Novosibirsk,2:08:17
2499,Isabella,Jones,F,65,Canada,Vancouver,4:54:19
2500,Mikhail,Scott,M,60,India,Mumbai,5:38:28
2501,Hannah,Silva,F,27,Australia,Brisbane,5:55:10
2502,Hannah,Costa,F,58,Austria,Salzburg,4:47:06
2503,Mia,Bianchi,F,29,Russia,Novosibirsk,2:33:33
2504,Sophia,Lewis,F,47,Mexico,Mexico City,4:44:00
2505,Jack,King,M,68,Poland,Poznan,3:24:43
2506,Ivan,Thomas,M,50,Kenya,Nakuru,4:20:02
2507,Maria,Bianchi,F,35,South Africa,Pretoria,5:37:34
2508,Santiago,Smirnov,M,31,Finland,Oulu,3:09:04
2509,Anna,Anderson,F,39,Turkey,Antalya,2:14:55
2510,Sara,Lopez,F,38,Turkey,Ankara,4:23:50
2511,Oliver,Murphy,M,18,United Arab Emirates,Ajman,2:21:54
2512,Ekaterina,Scott,F,66,United Arab Emirates,Abu Dhabi,2:09:01
2513,Mikhail,Garcia,M,60,Japan,Kyoto,2:44:23
2514,Valentina,Popov,F,69,Mexico,Guadalajara,2:17:12
2515,Isabella,Santos,F,32,Romania,Timisoara,2:07:14
2516,Evelyn,King,F,53,Ethiopia,Addis Ababa,5:15:51
2517,Oleg,Brown,M,64,Norway,Stavanger,3:07:41
2518,Hugo,Anderson,M,39,Denmark,Odense,2:48:46
2519,Anna,Nguyen,F,49,South Africa,Cape Town,5:13:52
2520,Maya,Walker,F,63,Germany,Cologne,5:02:58
2521,Sara,Miller,F,50,Poland,Krakow,4:56:56
2522,Daniel,Oliveira,M,58,Finland,Helsinki,4:04:39
2523,Elijah,Lee,M,56,Romania,Timisoara,2:30:10
2524,William,Gonzalez,M,40,South Korea,Daegu,4:51:50
2525,Emily,Davis,F,60,Mexico,Cancun,5:42:25
2526,Marco,Garcia,M,19,Mexico,Cancun,2:51:36
2527,John,Gonzalez,M,19,Kenya,Nairobi,4:00:07
2528,Charlotte,Wright,F,55,South Korea,Seoul,3:20:12
2529,Harry,Wilson,M,68,Switzerland,Geneva,3:16:42
2530,Yuki,Young,F,46,Netherlands,Eindhoven,2:32:23
2531,Daria,Torres,F,69,Kenya,Eldoret,5:07:40
2532,Olivia,Nguyen,F,63,Denmark,Aarhus,3:18:26
2533,Pedro,Costa,M,20,China,Guangzhou,5:51:59
2534,Lucas,Popov,M,56,Sweden,Gothenburg,3:01:04
2535,María,Kaczmarek,F,24,Argentina,Rosario,3:57:48
2536,Valentina,Nguyen,F,53,Spain,Valencia,4:44:51
2537,Sunita,Wiśniewski,F,46,Ethiopia,Addis Ababa,4:47:22
2538,Giovanni,Smith,M,54,Turkey,Ankara,3:01:51
2539,Maria,Wiśniewski,F,66,United Kingdom,Manchester,2:06:22
2540,Lucia,Murphy,F,53,France,Paris,3:39:56
2541,Ekaterina,Young,F,40,Austria,Innsbruck,5:54:23
2542,Camila,Perez,F,62,South Africa,Johannesburg,5:46:54
2543,Isabella,Walker,F,33,Austria,Linz,4:46:11
2544,Isabella,Jackson,F,65,Austria,Salzburg,5:10:12
2545,Oleg,Taylor,M,48,Portugal,Faro,4:59:35
2546,Daniel,Thomas,M,51,India,Mumbai,2:45:40
2547,Piotr,Moore,M,67,India,Chennai,3:41:00
2548,Thomas,Allen,M,18,Ethiopia,Gondar,2:34:42
2549,Oleg,Novak,M,35,Mexico,Monterrey,5:56:34
2550,Marco,Davis,M,57,South Africa,Pretoria,5:46:09
2551,Santiago,Young,M,60,Finland,Vantaa,4:31:36
2552,Liam,Lee,M,32,Mexico,Cancun,3:52:06
2553,Isabella,Walker,F,65,Czech Republic,Ostrava,5:33:45
2554,Olivia,Hernandez,F,66,Denmark,Odense,4:16:46
2555,Santiago,Jones,M,34,Argentina,Rosario,4:33:42
2556,Isabela,Ivanov,F,61,South Africa,Durban,5:52:10
2557,Daria,Miller,F,27,Slovakia,Zilina,2:27:40
2558,Marco,Perez,M,37,United Arab Emirates,Ajman,2:39:38
2559,Daniel,Ferrari,M,23,Germany,Frankfurt,2:21:17
2560,Camila,Gonzalez,F,25,Poland,Warsaw,5:45:02
2561,Charlotte,Wiśniewski,F,62,Israel,Beer Sheva,4:14:53
2562,Chiara,Wilson,F,51,Germany,Hamburg,2:32:17
2563,Oleg,Allen,M,49,Russia,Saint Petersburg,5:56:56
2564,Oleg,Lee,M,68,Kenya,Kisumu,4:54:33
2565,Robert,Walker,M,59,Ethiopia,Gondar,5:10:42
2566,Benjamin,Ivanov,M,21,Singapore,Singapore,3:00:00
2567,Oleg,Gomes,M,61,Mexico,Mexico City,3:11:44
2568,Arthur,Wilson,M,67,Italy,Bologna,2:14:42
2569,Ingrid,Ivanov,F,56,Turkey,Ankara,4:29:11
2570,Abigail,Lee,F,37,France,Lyon,4:23:47
2571,Mateo,Gonzalez,M,41,Ethiopia,Addis Ababa,4:54:28
2572,Laura,Rossi,F,41,Ukraine,Odesa,4:37:49
2573,Mateo,Silva,M,43,United Arab Emirates,Ras Al Khaimah,4:26:15
2574,Mateo,Kowalski,M,42,France,Bordeaux,5:09:49
2575,Mateo,Lee,M,53,Sweden,Vasteras,2:44:58
2576,Megan,Walker,F,24,Spain,Seville,3:13:32
2577,Yuki,Rossi,F,27,Kenya,Kisumu,2:25:38
2578,Lucia,Kaczmarek,F,64,Argentina,Cordoba,3:02:46
2579,Mikhail,Anderson,M,29,Italy,Milan,3:36:58
2580,Maria,Walker,F,18,South Africa,Durban,5:02:33
2581,Oleg,White,M,69,Germany,Munich,3:34:23
2582,Abigail,Martin,F,67,Netherlands,Utrecht,2:57:46
2583,Anna,Popov,F,42,Japan,Sapporo,5:23:16
2584,Kacper,Romano,M,33,Ukraine,Lviv,4:55:45
2585,Zuzanna,Lewis,F,22,Slovakia,Nitra,2:17:59
2586,Daria,Ramirez,F,36,Czech Republic,Olomouc,2:40:34
2587,Jack,Sanchez,M,21,Hungary,Szeged,2:42:16
2588,Lucia,Smith,F,23,Kenya,Kisumu,2:32:19
2589,Luis,Brown,M,43,Israel,Beer Sheva,4:28:31
2590,Lucia,Thompson,F,66,Italy,Turin,4:51:58
2591,Evelyn,Robinson,F,56,United States,Los Angeles,5:13:50
2592,Ekaterina,Johnson,F,56,Hungary,Debrecen,3:06:29
2593,Valentina,Wilson,F,26,France,Marseille,3:27:35
2594,Maria,Jackson,F,62,Mexico,Guadalajara,4:24:58
2595,Mateusz,Johnson,M,69,United Arab Emirates,Abu Dhabi,4:07:52
2596,Zuzanna,Ramirez,F,31,Portugal,Braga,3:01:30
2597,Jakub,Lee,M,65,Romania,Iasi,4:05:50
2598,Thomas,Scott,M,26,Turkey,Ankara,4:05:49
2599,Lorenzo,Bianchi,M,32,Mexico,Cancun,5:26:02
2600,Hugo,Kowalski,M,54,United States,New York,3:08:16
2601,Isabella,Lewis,F,67,Japan,Sapporo,2:47:14
2602,Mikhail,Miller,M,70,Israel,Tel Aviv,2:41:20
2603,Isabella,Thomas,F,37,Spain,Madrid,5:31:42
2604,Mateo,Lee,M,25,Switzerland,Zurich,3:16:46
2605,John,Popov,M,49,Singapore,Singapore,3:15:27
2606,Maya,Walker,F,64,Spain,Seville,4:44:49
2607,Oliver,Kaczmarek,M,38,Ukraine,Lviv,5:32:21
2608,Jakub,Smirnov,M,58,Austria,Salzburg,5:45:07
2609,Olivia,Thomas,F,36,Canada,Toronto,2:29:06
2610,Mikhail,Murphy,M,46,United Kingdom,Manchester,2:20:51
2611,Maya,Harris,F,48,United States,New York,3:12:01
2612,Elijah,Miller,M,23,Poland,Krakow,3:36:25
2613,Elijah,Novak,M,21,Australia,Adelaide,2:33:37
2614,Anna,Moore,F,60,South Korea,Daegu,3:15:42
2615,Daniel,White,M,46,Italy,Naples,3:08:25
2616,Marco,Gomes,M,59,South Korea,Seoul,3:43:33
2617,Nikolai,Davis,M,20,Norway,Tromso,5:14:50
2618,John,Rodriguez,M,18,Singapore,Singapore,4:09:35
2619,Isabella,Lee,F,61,China,Guangzhou,3:25:10
2620,Carlos,Ferrari,M,32,China,Beijing,2:31:36
2621,Abigail,Costa,F,64,Switzerland,Zurich,3:54:54
2622,Abigail,Nguyen,F,38,Russia,Yekaterinburg,5:55:11
2623,Oleg,Torres,M,63,United Kingdom,Glasgow,5:23:45
2624,Valentina,Scott,F,48,Ukraine,Kharkiv,2:58:36
2625,James,Lewis,M,24,United Arab Emirates,Dubai,4:36:38
2626,Anna,Lee,F,34,Poland,Warsaw,5:57:14
2627,Jack,Wright,M,36,Denmark,Esbjerg,5:24:02
2628,Maria,Scott,F,56,Ethiopia,Gondar,5:58:32
2629,Robert,Ferrari,M,20,South Korea,Daejeon,5:29:10
2630,Nikolai,Smirnov,M,47,Canada,Montreal,4:57:26
2631,Emma,Rodriguez,F,52,Czech Republic,Prague,3:40:55
2632,Isabella,Costa,F,46,Germany,Cologne,5:43:36
2633,Jan,Silva,M,67,Netherlands,Utrecht,3:49:43
2634,Mateusz,Santos,M,69,United States,Boston,2:27:17
2635,María,Kowalczyk,F,31,Austria,Vienna,5:29:58
2636,Giulia,Lopez,F,52,Portugal,Lisbon,5:03:07
2637,Zuzanna,Robinson,F,45,Turkey,Antalya,2:54:34
2638,Chiara,Robinson,F,47,Argentina,Cordoba,5:02:14
2639,Magdalena,Perez,F,43,France,Lyon,5:55:16
2640,Valentina,Ivanov,F,24,France,Lyon,3:19:33
2641,Alexander,Taylor,M,56,India,Chennai,4:27:32
2642,George,Kowalczyk,M,48,Portugal,Braga,3:58:46
2643,Emma,Rodriguez,F,22,Norway,Trondheim,5:12:36
2644,Amelia,Nowak,F,52,Singapore,Singapore,3:39:27
2645,Carlos,Ramirez,M,67,Czech Republic,Ostrava,5:40:29
2646,Luis,Bianchi,M,64,India,Hyderabad,4:31:04
2647,Olivia,Bianchi,F,69,United Kingdom,London,4:54:07
2648,Sophia,Romano,F,31,China,Shenzhen,4:18:33
2649,Robert,Brown,M,53,Turkey,Bursa,2:55:44
2650,David,White,M,44,Romania,Iasi,4:47:56
2651,Noah,Torres,M,41,Ukraine,Dnipro,3:28:38
2652,Pedro,Williams,M,57,China,Shanghai,2:42:13
2653,David,Costa,M,46,China,Shanghai,5:16:24
2654,Jan,Rossi,M,70,Hungary,Szeged,3:38:57
2655,Hannah,Young,F,62,United States,New York,4:09:27
2656,Nikolai,Torres,M,39,Czech Republic,Prague,2:59:06
2657,Anna,Novak,F,25,Germany,Berlin,4:51:46
2658,Isabella,Kowalczyk,F,32,Singapore,Singapore,3:12:21
2659,William,Torres,M,66,France,Nice,2:36:29
2660,Mia,Scott,F,22,Netherlands,Utrecht,4:12:56
2661,Lucas,Wright,M,69,Japan,Sapporo,4:53:11
2662,Sofia,Bianchi,F,21,Spain,Seville,5:50:15
2663,David,Silva,M,28,South Africa,Cape Town,2:49:15
2664,Mia,Torres,F,35,United Arab Emirates,Dubai,5:00:21
2665,Sara,Kowalski,F,59,Romania,Cluj-Napoca,3:06:58
2666,Lorenzo,Wiśniewski,M,66,Austria,Vienna,3:37:15
2667,William,Kaczmarek,M,47,Kenya,Nakuru,4:39:08
2668,Isabela,Ferrari,F,32,Hungary,Miskolc,2:40:29
2669,Ekaterina,Robinson,F,23,Mexico,Monterrey,4:46:38
2670,Marco,Oliveira,M,70,South Korea,Daejeon,2:32:10
2671,Abigail,Nowak,F,33,Finland,Helsinki,3:29:20
2672,Piotr,Jones,M,64,Mexico,Cancun,2:21:31
2673,Camila,Nowak,F,57,Portugal,Lisbon,3:21:30
2674,Jack,Perez,M,26,Canada,Vancouver,4:41:25
2675,Sara,King,F,60,United Kingdom,Manchester,3:59:26
2676,Pedro,Oliveira,M,51,Israel,Nazareth,5:27:40
2677,Noah,Sanchez,M,44,Singapore,Singapore,4:33:14
2678,Jack,Jackson,M,30,Denmark,Odense,4:38:42
2679,Liam,Kowalski,M,53,Switzerland,Zurich,5:53:11
2680,Julia,Johnson,F,44,Kenya,Nairobi,3:27:01
2681,Liam,Anderson,M,26,South Korea,Incheon,4:18:41
2682,Zuzanna,Ramirez,F,22,Netherlands,Eindhoven,2:46:21
2683,Alexander,Taylor,M,68,India,Chennai,5:47:25
2684,Lucas,Nguyen,M,39,Netherlands,Amsterdam,4:30:54
2685,Jan,Wright,M,48,Japan,Osaka,3:49:41
2686,Giovanni,Nowak,M,20,Ukraine,Odesa,4:27:38
2687,Lorenzo,Kaczmarek,M,47,Ukraine,Kyiv,3:49:09
2688,Jack,Gomes,M,38,Mexico,Guadalajara,2:18:13
2689,Kacper,Santos,M,52,Portugal,Braga,5:13:15
2690,Jack,Martinez,M,23,Portugal,Porto,3:23:51
2691,Valentina,Kaczmarek,F,45,Australia,Perth,5:58:13
2692,Abigail,Wilson,F,49,Turkey,Istanbul,2:21:26
2693,Oleg,Lopez,M,59,Italy,Naples,4:37:29
2694,Benjamin,Johnson,M,54,India,Mumbai,3:04:55
2695,Hannah,Murphy,F,42,Brazil,Fortaleza,2:19:14
2696,Ava,Kaczmarek,F,49,Romania,Cluj-Napoca,2:31:09
2697,Evelyn,Wright,F,52,Czech Republic,Olomouc,2:42:36
2698,Kacper,Jones,M,39,South Korea,Daegu,5:26:41
2699,Zuzanna,Costa,F,41,United Arab Emirates,Ras Al Khaimah,5:53:42
2700,Zuzanna,Gomes,F,56,India,Bangalore,3:13:23
2701,Chiara,Petrov,F,47,Hungary,Miskolc,5:42:04
2702,Giulia,Gonzalez,F,67,Norway,Bergen,4:58:34
2703,Oleg,Hernandez,M,49,Hungary,Budapest,3:14:36
2704,Pedro,Moore,M,48,United Kingdom,Glasgow,4:17:41
2705,Chiara,Gomes,F,40,Poland,Gdansk,3:32:34
2706,Giulia,Kaczmarek,F,57,United Kingdom,London,4:25:29
2707,Kacper,Johnson,M,50,South Africa,Cape Town,5:54:43
2708,Henry,Oliveira,M,42,Poland,Wroclaw,5:16:20
2709,Marco,Davis,M,53,Ethiopia,Bahir Dar,4:16:46
2710,Jakub,Johnson,M,41,Ethiopia,Addis Ababa,5:47:17
2711,María,Costa,F,48,Ethiopia,Gondar,5:32:54
2712,Giulia,Harris,F,56,Russia,Yekaterinburg,3:45:01
2713,Elijah,Lewis,M,63,Finland,Oulu,5:40:17
2714,Marco,Sanchez,M,30,Turkey,Antalya,2:33:52
2715,Lorenzo,Wilson,M,27,Netherlands,Utrecht,5:12:33
2716,Jakub,Nguyen,M,40,Italy,Naples,2:18:34
2717,Amelia,Garcia,F,35,Ethiopia,Addis Ababa,5:40:01
2718,Camila,Allen,F,49,Finland,Tampere,4:02:15
2719,Maya,Popov,F,50,Brazil,Salvador,2:24:46
2720,Robert,Davis,M,53,Japan,Nagoya,4:11:21
2721,Sofia,Wiśniewski,F,45,Romania,Cluj-Napoca,2:42:05
2722,Giulia,Davis,F,33,Turkey,Izmir,4:37:56
2723,Olivia,Kowalczyk,F,33,Brazil,Fortaleza,3:52:03
2724,George,Thompson,M,35,France,Nice,4:34:49
2725,Jan,Clark,M,25,Portugal,Faro,3:31:13
2726,Lorenzo,Wilson,M,59,Denmark,Aarhus,5:30:54
2727,James,Bianchi,M,33,Poland,Poznan,4:30:35
2728,David,White,M,28,Hungary,Miskolc,3:43:02
2729,John,Taylor,M,23,Hungary,Budapest,2:13:39
2730,David,Davis,M,18,Russia,Yekaterinburg,5:03:58
2731,Sara,Johnson,F,29,Canada,Montreal,3:29:01
2732,Liam,Harris,M,55,Japan,Osaka,2:29:14
2733,Carlos,Sanchez,M,45,Finland,Helsinki,3:59:30
2734,Charlotte,Thompson,F,62,France,Paris,4:05:13
2735,Magdalena,Martin,F,34,Kenya,Kisumu,4:14:19
2736,Isabella,Ramirez,F,18,Poland,Krakow,4:39:10
2737,Daria,Anderson,F,49,Hungary,Miskolc,4:58:48
2738,Mia,Nowak,F,25,Argentina,Cordoba,4:40:04
2739,Julia,Oliveira,F,57,Israel,Beer Sheva,3:01:46
2740,John,Johnson,M,60,Denmark,Odense,2:20:46
2741,Mikhail,Popov,M,63,Finland,Tampere,3:12:10
2742,Jan,Williams,M,41,Sweden,Stockholm,4:23:47
2743,Alexander,Silva,M,27,Russia,Moscow,5:04:45
2744,Ivan,Lopez,M,64,Austria,Vienna,2:18:12
2745,Ingrid,Smith,F,56,South Africa,Durban,2:23:56
2746,Evelyn,King,F,56,Australia,Perth,4:44:14
2747,Abigail,Rodriguez,F,27,South Africa,Durban,2:14:14
2748,John,Wiśniewski,M,53,Czech Republic,Ostrava,4:02:17
2749,Ava,Brown,F,42,Norway,Oslo,5:45:33
2750,Yuki,Bianchi,F,67,Russia,Saint Petersburg,5:04:24
2751,Hugo,Costa,M,27,Turkey,Istanbul,3:01:43
2752,Alina,White,F,36,Singapore,Singapore,2:42:34
2753,Arthur,Clark,M,63,United Kingdom,Edinburgh,2:27:46
2754,Mateo,Clark,M,62,South Africa,Pretoria,2:20:48
2755,Camila,Lopez,F,32,Poland,Poznan,4:23:15
2756,Robert,Martinez,M,33,Turkey,Antalya,4:15:09
2757,Santiago,White,M,19,Australia,Adelaide,4:05:07
2758,Amelia,Rossi,F,46,Netherlands,Utrecht,4:38:58
2759,Sofia,Johnson,F,21,India,Delhi,4:08:39
2760,Michael,Wilson,M,70,Portugal,Lisbon,3:12:06
2761,Oleg,Sanchez,M,67,Switzerland,Zurich,3:44:16
2762,Mateusz,Melo,M,46,Israel,Haifa,4:07:49
2763,Maria,Kowalski,F,48,South Korea,Daejeon,4:07:02
2764,Jan,Johnson,M,34,Ethiopia,Addis Ababa,2:48:34
2765,Noah,Perez,M,27,Switzerland,Bern,5:17:03
2766,Emma,Oliveira,F,44,Ukraine,Dnipro,4:37:35
2767,Emily,Williams,F,70,Germany,Hamburg,2:59:31
2768,Alexander,Melo,M,58,India,Hyderabad,4:35:29
2769,Lucia,Williams,F,32,Romania,Bucharest,4:08:04
2770,Hannah,Harris,F,61,Germany,Hamburg,5:02:30
2771,George,Popov,M,48,Israel,Beer Sheva,3:39:38
2772,Robert,Hernandez,M,38,Netherlands,Utrecht,2:19:41
2773,Sofia,Miller,F,58,Russia,Moscow,2:58:08
2774,Liam,Thompson,M,63,United Arab Emirates,Ras Al Khaimah,5:36:51
2775,Chiara,Garcia,F,62,Argentina,Cordoba,4:58:14
2776,Carlos,Jones,M,43,United States,San Francisco,3:00:34
2777,Lucas,Walker,M,55,Kenya,Eldoret,2:41:38
2778,Giovanni,Clark,M,68,Israel,Jerusalem,4:25:03
2779,Daniel,Lewis,M,53,Netherlands,Utrecht,4:41:47
2780,Henry,Silva,M,69,Israel,Jerusalem,4:36:12
2781,George,Bianchi,M,34,Portugal,Porto,2:17:34
2782,Olivia,Martin,F,68,Kenya,Kisumu,3:31:57
2783,Emily,Walker,F,20,Turkey,Izmir,4:33:12
2784,Maria,Rodriguez,F,31,Norway,Trondheim,4:58:31
2785,Zuzanna,Petrov,F,66,Mexico,Puebla,2:11:10
2786,Daniel,White,M,30,Austria,Salzburg,2:33:52
2787,Sunita,Petrov,F,58,Hungary,Budapest,3:32:39
2788,Benjamin,Walker,M,44,South Africa,Johannesburg,5:45:00
2789,Olivia,Kowalczyk,F,18,Netherlands,Utrecht,2:18:21
2790,Ingrid,Gonzalez,F,34,Italy,Naples,3:51:39
2791,Evelyn,Anderson,F,65,Austria,Innsbruck,4:38:01
2792,Isabella,Rodriguez,F,67,Singapore,Singapore,3:24:31
2793,Abigail,Anderson,F,51,Japan,Nagoya,4:01:47
2794,James,Kowalczyk,M,31,Switzerland,Zurich,2:11:55
2795,Benjamin,Kuznetsov,M,34,Australia,Brisbane,5:10:57
2796,Laura,Jackson,F,20,Mexico,Monterrey,3:00:37
2797,Arthur,Miller,M,51,Russia,Saint Petersburg,5:21:44
2798,Anna,Anderson,F,57,Sweden,Uppsala,3:32:38
2799,Maria,Lopez,F,42,Czech Republic,Olomouc,4:18:47
2800,Oleg,Perez,M,19,Spain,Bilbao,3:29:17
2801,Sara,Petrov,F,51,France,Lyon,4:01:07
2802,Maya,King,F,43,Romania,Iasi,2:32:00
2803,Megan,Torres,F,48,Argentina,Buenos Aires,4:47:07
2804,Ekaterina,Wiśniewski,F,26,Singapore,Singapore,5:33:56
2805,Evelyn,Lee,F,47,Japan,Kyoto,3:44:42
2806,Isabela,White,F,37,Canada,Toronto,4:18:13
2807,Abigail,Nguyen,F,38,South Korea,Daegu,2:51:32
2808,Oliver,Kowalczyk,M,46,Slovakia,Presov,4:31:04
2809,Jakub,Novak,M,42,Austria,Linz,5:59:56
2810,Sophia,Rossi,F,55,South Africa,Pretoria,4:08:06
2811,Lorenzo,Lopez,M,61,Ethiopia,Gondar,3:26:33
2812,Olivia,Martinez,F,42,Singapore,Singapore,3:29:56
2813,Ava,Romano,F,26,United Kingdom,Birmingham,3:25:56
2814,Ivan,Hernandez,M,56,Germany,Frankfurt,3:05:55
2815,Laura,Lee,F,61,United States,San Francisco,4:26:24
2816,Olivia,Torres,F,43,United Kingdom,Manchester,3:16:33
2817,John,Walker,M,54,Austria,Graz,2:06:19
2818,Kacper,Gonzalez,M,33,South Africa,Durban,5:53:16
2819,Jack,Sanchez,M,54,Poland,Poznan,5:32:04
2820,Marco,Wilson,M,29,Slovakia,Kosice,3:16:48
2821,Sara,Kowalski,F,41,Spain,Seville,2:36:02
2822,Alexander,Wright,M,43,Norway,Trondheim,2:15:18
2823,María,Davis,F,37,Japan,Osaka,2:20:59
2824,Mikhail,Nowak,M,26,China,Guangzhou,5:16:10
2825,David,Gomes,M,40,South Africa,Durban,3:07:15
2826,Anna,Perez,F,56,Switzerland,Basel,4:20:14
2827,Camila,Taylor,F,46,South Africa,Pretoria,4:58:25
2828,Piotr,Bianchi,M,48,Mexico,Cancun,5:21:06
2829,Michael,Kaczmarek,M,36,Spain,Barcelona,5:28:08
2830,Thomas,Robinson,M,37,Norway,Trondheim,5:02:49
2831,Benjamin,Petrov,M,40,Austria,Innsbruck,5:15:43
2832,Anna,Wiśniewski,F,60,Sweden,Malmo,2:41:08
2833,Robert,Taylor,M,44,Italy,Turin,2:59:05
2834,William,Rossi,M,47,Germany,Hamburg,5:01:10
2835,Mateusz,Ramirez,M,38,Romania,Bucharest,4:05:35
2836,Emma,Wright,F,61,Singapore,Singapore,4:50:14
2837,Evelyn,Miller,F,52,Italy,Bologna,2:24:21
2838,Lucas,Robinson,M,66,Italy,Bologna,4:53:01
2839,Amelia,Davis,F,24,Sweden,Gothenburg,2:39:00
2840,Thomas,Kuznetsov,M,39,Japan,Sapporo,5:27:43
2841,Nikolai,Rodriguez,M,27,Ethiopia,Addis Ababa,5:18:13
2842,Katarzyna,Martin,F,40,Italy,Turin,4:21:00
2843,María,Ramirez,F,32,Australia,Melbourne,5:16:41
2844,Olga,Garcia,F,47,Germany,Frankfurt,3:39:09
2845,Isabella,Lopez,F,51,Singapore,Singapore,4:39:51
2846,Luis,Ferrari,M,30,France,Paris,5:28:30
2847,Isabella,Gonzalez,F,21,Canada,Ottawa,4:06:58
2848,Alexander,Romano,M,35,Japan,Nagoya,4:49:40
2849,Chiara,Kaczmarek,F,40,Israel,Jerusalem,4:09:43
2850,Noah,Gonzalez,M,50,India,Bangalore,3:13:52
2851,Katarzyna,King,F,51,Argentina,Cordoba,2:19:04
2852,George,Kaczmarek,M,51,Netherlands,The Hague,3:41:17
2853,Alexander,Torres,M,53,Denmark,Aarhus,2:32:23
2854,Megan,King,F,52,Norway,Stavanger,5:00:25
2855,Elijah,Bianchi,M,34,France,Nice,2:26:03
2856,Hannah,White,F,45,Austria,Vienna,2:53:54
2857,Daniel,Anderson,M,31,South Africa,Pretoria,5:22:57
2858,Robert,Hernandez,M,51,Poland,Poznan,3:47:19
2859,Mateusz,Hernandez,M,65,Brazil,Salvador,4:04:34
2860,Benjamin,Ivanov,M,28,Ukraine,Dnipro,2:08:35
2861,Sofia,Novak,F,30,Mexico,Puebla,3:24:36
2862,Arthur,Anderson,M,50,Sweden,Vasteras,5:22:29
2863,Abigail,Wright,F,19,Finland,Oulu,2:44:00
2864,Sunita,Ramirez,F,51,Portugal,Faro,4:13:26
2865,Lorenzo,Moore,M,70,Kenya,Eldoret,6:00:00
2866,Sophia,Sanchez,F,46,Israel,Tel Aviv,4:46:39
2867,Alina,Harris,F,54,Sweden,Malmo,2:39:50
2868,Megan,Clark,F,21,Ethiopia,Dire Dawa,5:17:50
2869,John,Robinson,M,29,Germany,Cologne,2:23:36
2870,Jan,Rodriguez,M,43,Slovakia,Bratislava,4:14:10
2871,Daria,Smith,F,45,China,Beijing,5:51:20
2872,Isabella,Taylor,F,20,United States,Boston,5:57:12
2873,Olga,Petrov,F,37,Brazil,Brasilia,5:07:12
2874,Oleg,Wilson,M,27,Singapore,Singapore,3:33:54
2875,Sunita,Murphy,F,69,South Africa,Port Elizabeth,5:45:46
2876,William,Brown,M,35,Spain,Madrid,2:41:01
2877,Carlos,Rodriguez,M,70,Australia,Adelaide,2:59:16
2878,Alexander,Walker,M,70,Turkey,Bursa,5:11:00
2879,Sofia,Wiśniewski,F,70,France,Marseille,4:40:40
2880,Ivan,Sanchez,M,44,Poland,Wroclaw,2:57:56
2881,Mateo,Nowak,M,48,Mexico,Mexico City,3:51:20
2882,Lucia,Sanchez,F,44,Denmark,Copenhagen,5:32:25
2883,Harry,Gonzalez,M,59,Germany,Berlin,5:44:55
2884,Ivan,Romano,M,18,Italy,Naples,5:55:16
2885,Kacper,Jones,M,23,Netherlands,Rotterdam,3:00:45
2886,Chiara,Moore,F,28,Switzerland,Bern,5:27:33
2887,Evelyn,Santos,F,51,Brazil,Fortaleza,4:01:36
2888,Luis,Davis,M,56,Mexico,Cancun,4:40:32
2889,Maya,Ivanov,F,37,Ethiopia,Dire Dawa,2:53:53
2890,Abigail,Wilson,F,70,Denmark,Esbjerg,4:14:01
2891,Marco,Martinez,M,38,Netherlands,Rotterdam,3:39:15
2892,Ekaterina,Wiśniewski,F,38,Germany,Frankfurt,4:56:39
2893,Zuzanna,Smith,F,35,Switzerland,Basel,2:45:48
2894,Amelia,King,F,38,Japan,Nagoya,2:18:47
2895,Oleg,King,M,36,Czech Republic,Pilsen,3:43:16
2896,Charlotte,Kaczmarek,F,21,Spain,Bilbao,2:25:03
2897,Yuki,Walker,F,30,South Africa,Port Elizabeth,5:16:35
2898,Lucas,Petrov,M,35,Argentina,Cordoba,3:55:19
2899,Marco,Martin,M,69,United Arab Emirates,Sharjah,3:58:18
2900,Lucas,Wright,M,46,United Arab Emirates,Dubai,2:19:04
2901,Arthur,Robinson,M,42,Denmark,Aalborg,2:54:31
2902,Abigail,Jones,F,30,India,Delhi,2:26:08
2903,Piotr,Oliveira,M,44,Switzerland,Basel,5:40:25
2904,Mikhail,Williams,M,36,United Arab Emirates,Ajman,3:24:04
2905,Julia,Romano,F,66,Romania,Bucharest,4:13:55
2906,Alexander,Davis,M,18,Norway,Oslo,4:48:41
2907,Sara,Ramirez,F,55,Austria,Salzburg,3:03:50
2908,Harry,Hernandez,M,36,United Arab Emirates,Sharjah,3:29:45
2909,Michael,Wiśniewski,M,69,Poland,Gdansk,4:34:55
2910,Nikolai,Anderson,M,18,Brazil,Brasilia,4:23:39
2911,Robert,Miller,M,57,Canada,Ottawa,4:37:23
2912,James,Popov,M,34,United Arab Emirates,Abu Dhabi,2:42:44
2913,Yuki,Murphy,F,38,Czech Republic,Olomouc,2:05:19
2914,Magdalena,Thomas,F,39,Russia,Novosibirsk,5:22:10
2915,Michael,Romano,M,32,Turkey,Izmir,2:34:41
2916,Isabela,Clark,F,67,South Korea,Daegu,5:25:26
2917,Sophia,Novak,F,56,Switzerland,Zurich,5:13:43
2918,Charlotte,Costa,F,65,Israel,Beer Sheva,5:41:02
2919,Mikhail,Romano,M,56,Kenya,Nakuru,3:59:17
2920,Mikhail,Santos,M,49,Australia,Brisbane,3:25:34
2921,Alexander,Novak,M,66,Spain,Madrid,4:06:36
2922,Isabella,Perez,F,21,Brazil,Brasilia,4:30:48
2923,Lucia,Petrov,F,61,Sweden,Stockholm,2:42:24
2924,Alexander,Thompson,M,62,Argentina,Buenos Aires,2:54:43
2925,James,Smith,M,49,United Arab Emirates,Dubai,5:20:55
2926,Charlotte,Kuznetsov,F,21,Singapore,Singapore,2:50:25
2927,Olivia,Thomas,F,70,Singapore,Singapore,3:21:39
2928,Maya,Young,F,18,France,Lyon,3:34:26
2929,Chiara,Nguyen,F,50,United Kingdom,Manchester,5:42:05
2930,Pedro,Petrov,M,24,United Kingdom,Glasgow,3:26:27
2931,Ekaterina,Miller,F,26,Czech Republic,Brno,5:17:03
2932,Olivia,Scott,F,18,Spain,Bilbao,5:52:38
2933,George,Romano,M,33,Finland,Espoo,2:08:16
2934,Ingrid,Harris,F,35,Canada,Montreal,3:32:06
2935,Yuki,King,F,64,Hungary,Pecs,2:52:08
2936,Jakub,Williams,M,23,Poland,Wroclaw,5:42:11
2937,Yuki,Miller,F,19,China,Guangzhou,3:11:28
2938,Maya,Romano,F,26,Poland,Krakow,3:40:32
2939,Charlotte,Torres,F,21,Argentina,Mendoza,3:32:59
2940,Benjamin,Davis,M,62,Czech Republic,Brno,2:46:09
2941,Ivan,White,M,40,Poland,Krakow,2:32:10
2942,Maya,Ivanov,F,60,Russia,Novosibirsk,2:59:38
2943,George,Clark,M,62,United Arab Emirates,Ajman,2:38:58
2944,Laura,Kuznetsov,F,60,Norway,Oslo,3:35:32
2945,Ava,Thompson,F,68,Denmark,Esbjerg,5:02:51
2946,Marco,Silva,M,25,Singapore,Singapore,3:28:41
2947,Sara,Torres,F,56,Turkey,Bursa,3:17:10
2948,Megan,Williams,F,42,Portugal,Braga,3:52:50
2949,Luis,Ferrari,M,33,Kenya,Nakuru,4:02:57
2950,Isabela,Petrov,F,52,Ethiopia,Mekelle,5:37:46
2951,Emma,Wilson,F,34,Australia,Sydney,5:02:47
2952,Ingrid,Lopez,F,35,Australia,Melbourne,3:24:21
2953,Emma,Novak,F,44,Switzerland,Geneva,3:31:59
2954,Piotr,Miller,M,32,India,Bangalore,5:16:41
2955,Alina,Melo,F,34,Ethiopia,Addis Ababa,5:14:30
2956,Lucia,Bianchi,F,60,Germany,Cologne,4:01:41
2957,Emma,Popov,F,22,Israel,Tel Aviv,2:28:07
2958,Sara,Silva,F,33,Singapore,Singapore,2:15:41
2959,Alexander,Thompson,M,32,Netherlands,The Hague,3:38:32
2960,Katarzyna,Thompson,F,59,Portugal,Coimbra,4:05:10
2961,Ivan,Moore,M,63,Mexico,Guadalajara,2:14:34
2962,Marco,Rossi,M,51,South Africa,Pretoria,5:13:56
2963,Elijah,Lee,M,65,Czech Republic,Prague,4:50:13
2964,Sara,Smirnov,F,36,South Africa,Durban,4:38:30
2965,Maria,Kaczmarek,F,25,Romania,Iasi,4:14:56
2966,Sofia,Wilson,F,64,Poland,Poznan,5:51:55
2967,Olga,Kaczmarek,F,27,Ethiopia,Gondar,5:29:10
2968,Olga,Nowak,F,22,Turkey,Antalya,5:18:32
2969,Zuzanna,Kowalczyk,F,69,Ethiopia,Mekelle,4:28:11
2970,Luis,Wiśniewski,M,65,Sweden,Vasteras,3:23:10
2971,Kacper,Kaczmarek,M,70,Finland,Vantaa,2:29:16
2972,Santiago,Silva,M,43,Singapore,Singapore,2:31:35
2973,Olivia,Silva,F,39,Netherlands,The Hague,4:23:28
2974,Mia,Perez,F,61,Austria,Graz,4:18:06
2975,Kacper,Kowalski,M,40,Denmark,Aalborg,4:27:54
2976,Daniel,Kowalczyk,M,30,Norway,Tromso,5:44:06
2977,Chiara,Lee,F,26,Kenya,Mombasa,2:40:29
2978,Oleg,Miller,M,66,South Africa,Durban,4:52:22
2979,Mia,Novak,F,37,Japan,Sapporo,2:18:51
2980,Laura,Lee,F,45,Finland,Oulu,3:27:48
2981,Arthur,Young,M,61,South Africa,Cape Town,5:06:32
2982,Santiago,Wiśniewski,M,54,South Korea,Busan,5:07:53
2983,Julia,Gonzalez,F,41,Canada,Montreal,3:03:01
2984,Maria,Silva,F,61,Australia,Sydney,2:40:17
2985,Olivia,Thompson,F,50,France,Lyon,3:19:42
2986,Anna,Bianchi,F,37,Poland,Gdansk,2:38:26
2987,Marco,Santos,M,65,Turkey,Istanbul,5:04:23
2988,Magdalena,Wiśniewski,F,47,Kenya,Mombasa,4:26:28
2989,Sofia,Hernandez,F,61,Spain,Valencia,3:57:40
2990,Zuzanna,Johnson,F,26,Romania,Cluj-Napoca,4:33:30
2991,Lucas,Gonzalez,M,62,South Korea,Daejeon,5:13:48
2992,Maya,Martin,F,66,Kenya,Nakuru,3:39:54
2993,Isabella,Smirnov,F,34,Austria,Innsbruck,3:46:02
2994,Thomas,Jackson,M,53,Hungary,Pecs,2:56:19
2995,Thomas,Wright,M,31,Ukraine,Lviv,3:32:58
2996,Camila,Sanchez,F,36,Brazil,Fortaleza,2:05:10
2997,Arthur,Smirnov,M,24,Germany,Frankfurt,3:26:20
2998,William,Gonzalez,M,20,Netherlands,Utrecht,2:11:50
2999,James,Garcia,M,50,United States,Boston,5:10:31
3000,Yuki,Melo,F,61,Portugal,Faro,5:05:46
3001,Laura,Silva,F,49,France,Bordeaux,5:50:17
3002,Maria,Martinez,F,64,Slovakia,Kosice,5:14:38
3003,Piotr,Wright,M,28,Netherlands,Eindhoven,5:19:02
3004,Katarzyna,Sanchez,F,59,Kenya,Mombasa,2:14:58
3005,Evelyn,Melo,F,19,Japan,Nagoya,2:18:43
3006,Julia,Miller,F,43,Japan,Kyoto,4:16:16
3007,Alina,Kowalski,F,21,Singapore,Singapore,5:01:29
3008,Jack,Garcia,M,34,Finland,Espoo,3:31:57
3009,Zuzanna,Anderson,F,34,Mexico,Monterrey,4:03:06
3010,Marco,Ferrari,M,45,Denmark,Aalborg,5:30:06
3011,Ava,Thomas,F,47,India,Chennai,2:10:12
3012,Thomas,Martinez,M,57,Czech Republic,Prague,5:11:06
3013,Mikhail,Johnson,M,40,Ukraine,Odesa,3:56:11
3014,Michael,Anderson,M,63,Denmark,Copenhagen,3:56:40
3015,Chiara,Thomas,F,41,Argentina,Mendoza,5:23:50
3016,Lucas,Lewis,M,46,France,Lyon,2:46:32
3017,Giulia,Martinez,F,21,Kenya,Mombasa,4:53:57
3018,Liam,Jackson,M,55,Poland,Wroclaw,2:08:50
3019,Ivan,Johnson,M,46,Netherlands,Eindhoven,3:07:20
3020,Sunita,Walker,F,36,Israel,Nazareth,5:06:04
3021,Marco,Clark,M,44,Spain,Seville,5:19:06
3022,Thomas,Scott,M,46,Slovakia,Nitra,5:21:15
3023,Ingrid,Gonzalez,F,53,Argentina,Mendoza,2:05:43
3024,Carlos,Lopez,M,52,Canada,Ottawa,4:10:32
3025,Robert,Nguyen,M,69,China,Guangzhou,4:19:52
3026,Luis,Novak,M,23,Canada,Ottawa,5:10:16
3027,Ingrid,Oliveira,F,40,Argentina,Cordoba,5:23:05
3028,Julia,Kowalczyk,F,56,Hungary,Budapest,4:06:18
3029,Maria,Kuznetsov,F,63,Brazil,Fortaleza,4:59:22
3030,Magdalena,Bianchi,F,61,Poland,Warsaw,3:02:37
3031,Alexander,Ramirez,M,65,Denmark,Aarhus,5:10:41
3032,Mateusz,White,M,69,Hungary,Szeged,3:34:44
3033,Anna,Lee,F,25,Brazil,Sao Paulo,5:00:10
3034,Daniel,Thompson,M,19,Turkey,Izmir,3:38:35
3035,William,Smirnov,M,30,Brazil,Rio de Janeiro,5:17:57
3036,Henry,Lee,M,57,China,Chengdu,3:36:46
3037,Ivan,Rossi,M,38,Italy,Naples,4:59:46
3038,Hannah,Nguyen,F,48,Sweden,Gothenburg,2:54:55
3039,Henry,Miller,M,69,Denmark,Aalborg,3:05:38
3040,Isabella,Kuznetsov,F,65,Denmark,Esbjerg,5:43:28
3041,John,Wright,M,53,Kenya,Nakuru,4:10:17
3042,Zuzanna,Miller,F,65,Poland,Poznan,5:17:39
3043,George,Anderson,M,69,Sweden,Vasteras,2:59:44
3044,Kacper,Kuznetsov,M,55,France,Paris,5:00:34
3045,Olga,Ferrari,F,44,Turkey,Antalya,4:24:22
3046,Chiara,Robinson,F,53,Russia,Moscow,3:17:21
3047,Mikhail,Torres,M,65,Turkey,Izmir,5:49:12
3048,Elijah,Robinson,M,40,Ethiopia,Dire Dawa,4:48:51
3049,Arthur,Lewis,M,38,Mexico,Monterrey,2:15:16
3050,Michael,Nguyen,M,30,Poland,Poznan,2:08:59
3051,Pedro,Jones,M,54,Mexico,Mexico City,3:45:52
3052,Mateo,Johnson,M,64,South Korea,Daegu,3:52:34
3053,Thomas,Lewis,M,43,Canada,Calgary,5:53:47
3054,Thomas,Nowak,M,57,Austria,Salzburg,5:36:25
3055,Sophia,Santos,F,24,Norway,Stavanger,4:52:28
3056,Katarzyna,Walker,F,63,South Africa,Cape Town,4:36:54
3057,Abigail,Jones,F,56,Germany,Munich,3:26:27
3058,Kacper,Jones,M,39,Ethiopia,Gondar,2:36:44
3059,Mikhail,Torres,M,56,Canada,Toronto,3:47:45
3060,Maria,Santos,F,40,Israel,Beer Sheva,5:14:01
3061,Noah,Kuznetsov,M,47,Poland,Gdansk,2:18:32
3062,George,Young,M,35,Argentina,Rosario,3:28:19
3063,Isabela,Kuznetsov,F,59,Switzerland,Zurich,4:12:22
3064,Evelyn,Sanchez,F,35,Ukraine,Kharkiv,2:33:50
3065,Giulia,Petrov,F,63,Romania,Bucharest,4:35:23
3066,Marco,Martin,M,27,Japan,Osaka,3:02:04
3067,Daniel,Smirnov,M,56,Russia,Saint Petersburg,5:53:02
3068,Daria,Perez,F,47,China,Chengdu,3:46:02
3069,Lucas,Torres,M,43,Netherlands,The Hague,5:47:12
3070,Isabella,Clark,F,24,Argentina,La Plata,2:41:47
3071,Abigail,Kaczmarek,F,24,South Korea,Daegu,5:42:11
3072,Hannah,Ivanov,F,22,Norway,Bergen,5:18:44
3073,Harry,Lee,M,18,Singapore,Singapore,5:43:20
3074,Liam,Kowalski,M,63,Israel,Jerusalem,5:56:07
3075,Sophia,Kuznetsov,F,35,Kenya,Mombasa,3:01:08
3076,Katarzyna,Nguyen,F,30,Netherlands,Amsterdam,3:36:11
3077,Amelia,Kaczmarek,F,42,United Kingdom,Glasgow,2:42:07
3078,William,Kowalski,M,57,Ethiopia,Gondar,4:12:19
3079,William,King,M,25,Czech Republic,Olomouc,5:57:18
3080,Lucia,Popov,F,27,Japan,Kyoto,4:59:12
3081,Sofia,Popov,F,49,France,Bordeaux,5:38:37
3082,Valentina,Thomas,F,34,Austria,Linz,5:53:26
3083,George,Kaczmarek,M,55,Russia,Saint Petersburg,5:45:26
3084,Camila,Romano,F,32,Argentina,Rosario,5:10:09
3085,Camila,Johnson,F,32,Norway,Trondheim,5:20:12
3086,Olivia,Popov,F,65,Mexico,Monterrey,3:18:00
3087,Lucas,Perez,M,57,South Korea,Daejeon,5:06:40
3088,James,Miller,M,68,Switzerland,Basel,2:35:20
3089,Laura,Torres,F,37,Denmark,Esbjerg,4:32:20
3090,Jakub,Bianchi,M,32,Russia,Moscow,2:08:08
3091,Carlos,Harris,M,52,Slovakia,Kosice,5:58:33
3092,Emily,Rodriguez,F,23,Turkey,Bursa,4:41:54
3093,Piotr,Lopez,M,47,South Korea,Seoul,3:32:01
3094,Charlotte,Martin,F,25,Czech Republic,Ostrava,4:29:30
3095,Kacper,Lopez,M,48,France,Lyon,3:57:26
3096,Isabela,Oliveira,F,65,United Arab Emirates,Abu Dhabi,5:12:34
3097,Maria,Young,F,64,Denmark,Aarhus,4:55:17
3098,James,Lopez,M,49,France,Lyon,3:21:52
3099,Alexander,Sanchez,M,62,India,Bangalore,2:36:28
3100,Lorenzo,Anderson,M,69,Ukraine,Lviv,2:30:50
3101,Kacper,Nowak,M,32,Netherlands,Utrecht,5:55:28
3102,Mia,Perez,F,35,Russia,Novosibirsk,4:02:39
3103,María,Wiśniewski,F,30,Argentina,Cordoba,5:10:08
3104,Benjamin,King,M,41,Czech Republic,Olomouc,3:32:13
3105,Alexander,Johnson,M,57,South Africa,Durban,3:38:55
3106,George,Brown,M,31,United Arab Emirates,Ajman,5:15:47
3107,Olga,Brown,F,45,Hungary,Miskolc,5:58:56
3108,Mateusz,Miller,M,28,South Korea,Daegu,5:08:18
3109,Sofia,Smith,F,23,Japan,Tokyo,2:05:33
3110,Megan,Smith,F,42,France,Paris,4:26:27
3111,Olivia,Lee,F,18,South Africa,Pretoria,5:03:12
3112,Jakub,Martin,M,42,Romania,Constanta,5:24:31
3113,Emma,Bianchi,F,19,Turkey,Izmir,5:21:08
3114,Jack,Torres,M,49,Poland,Gdansk,2:28:49
3115,Mateusz,Silva,M,30,United Arab Emirates,Ajman,3:32:26
3116,Isabella,Lopez,F,50,Singapore,Singapore,4:58:01
3117,Valentina,Novak,F,49,Austria,Graz,2:38:07
3118,Arthur,Young,M,41,Finland,Oulu,5:40:35
3119,Santiago,Wright,M,44,Norway,Oslo,3:49:31
3120,Hugo,Thompson,M,21,Finland,Helsinki,2:53:02
3121,Benjamin,Costa,M,41,Austria,Innsbruck,4:50:01
3122,Alexander,Murphy,M,40,Brazil,Brasilia,5:07:49
3123,Mateusz,Torres,M,46,China,Beijing,5:23:09
3124,Santiago,Santos,M,51,France,Bordeaux,2:30:47
3125,María,Kuznetsov,F,38,Mexico,Puebla,2:12:42
3126,Camila,Allen,F,47,Spain,Barcelona,5:16:47
3127,Abigail,Ferrari,F,43,Ethiopia,Mekelle,3:56:47
3128,Marco,Johnson,M,37,Norway,Bergen,3:33:25
3129,Sunita,Williams,F,33,Japan,Nagoya,5:16:36
3130,Hannah,Oliveira,F,20,Ukraine,Odesa,2:13:33
3131,Amelia,Bianchi,F,66,United Kingdom,Birmingham,5:29:48
3132,Daria,Gomes,F,54,Mexico,Monterrey,5:50:50
3133,Alina,Miller,F,57,United States,Chicago,3:31:14
3134,Katarzyna,Ivanov,F,61,Argentina,La Plata,3:04:26
3135,Santiago,Nguyen,M,42,Denmark,Esbjerg,3:08:23
3136,Megan,Hernandez,F,40,India,Mumbai,5:22:59
3137,Charlotte,Young,F,61,Sweden,Vasteras,3:10:38
3138,Valentina,Murphy,F,18,Denmark,Aalborg,5:19:41
3139,Abigail,Kowalski,F,50,Australia,Brisbane,2:29:31
3140,Piotr,Robinson,M,32,United States,New York,4:18:23
3141,Thomas,Romano,M,34,Italy,Rome,2:10:37
3142,Julia,Rossi,F,51,Singapore,Singapore,4:02:31
3143,María,Davis,F,34,Singapore,Singapore,4:09:04
3144,Olga,Jones,F,69,Denmark,Copenhagen,5:12:53
3145,Piotr,Thomas,M,58,Turkey,Istanbul,3:01:52
3146,Mateusz,Martinez,M,61,Switzerland,Geneva,5:48:35
3147,Anna,Ferrari,F,21,Netherlands,Utrecht,2:44:52
3148,Olivia,Gonzalez,F,30,Switzerland,Lausanne,2:21:16
3149,Laura,Williams,F,21,South Africa,Cape Town,3:27:58
3150,Kacper,Brown,M,24,Austria,Innsbruck,4:58:57
3151,Emily,Bianchi,F,63,Norway,Bergen,5:47:05
3152,Harry,Miller,M,26,Poland,Krakow,3:12:48
3153,Megan,Garcia,F,40,Argentina,Rosario,4:49:55
3154,Jan,Melo,M,50,United States,Boston,2:19:31
3155,Robert,Torres,M,50,United Kingdom,Birmingham,3:01:49
3156,Ingrid,Smirnov,F,37,Poland,Warsaw,2:48:09
3157,Hannah,King,F,21,Portugal,Coimbra,5:37:24
3158,Luis,Wiśniewski,M,18,Russia,Kazan,2:30:49
3159,Hannah,Nowak,F,59,Denmark,Copenhagen,5:19:59
3160,Lorenzo,Jackson,M,51,Canada,Montreal,3:19:21
3161,Jan,Rodriguez,M,44,Sweden,Gothenburg,2:48:41
3162,Marco,Wiśniewski,M,38,Slovakia,Bratislava,2:47:09
3163,Lorenzo,Jackson,M,41,Mexico,Puebla,4:57:29
3164,Isabela,Sanchez,F,32,Czech Republic,Ostrava,4:04:22
3165,Pedro,Harris,M,52,Portugal,Porto,5:00:48
3166,James,Young,M,42,Ethiopia,Mekelle,4:24:11
3167,Emma,Young,F,26,United Arab Emirates,Dubai,5:43:51
3168,Benjamin,Lee,M,34,Czech Republic,Prague,4:56:34
3169,Olga,Walker,F,38,South Korea,Seoul,5:08:20
3170,Arthur,Harris,M,30,Netherlands,Rotterdam,4:54:51
3171,Daria,Young,F,20,Czech Republic,Pilsen,3:51:39
3172,Nikolai,Kaczmarek,M,21,United States,New York,2:48:01
3173,Elijah,King,M,21,Romania,Cluj-Napoca,3:54:25
3174,Oliver,Gonzalez,M,60,United Kingdom,Glasgow,5:11:25
3175,James,Martin,M,45,Netherlands,Rotterdam,5:57:06
3176,Harry,Kowalczyk,M,24,Turkey,Antalya,4:03:25
3177,Ingrid,Wright,F,43,Netherlands,Utrecht,4:00:56
3178,Camila,Nowak,F,28,United Arab Emirates,Dubai,2:53:54
3179,Zuzanna,Kowalczyk,F,41,Finland,Helsinki,2:43:31
3180,Sophia,Wright,F,60,Germany,Hamburg,2:51:35
3181,Noah,Brown,M,27,Brazil,Sao Paulo,3:17:08
3182,Oleg,Harris,M,54,Ethiopia,Mekelle,3:58:43
3183,Lorenzo,Thompson,M,30,India,Mumbai,3:17:08
3184,Daniel,Brown,M,61,Portugal,Faro,3:04:48
3185,Isabela,Kowalczyk,F,59,India,Delhi,2:56:56
3186,Isabella,King,F,56,Spain,Barcelona,3:22:33
3187,Santiago,Allen,M,36,Austria,Innsbruck,3:07:27
3188,Mateusz,Ivanov,M,68,Japan,Tokyo,3:58:44
3189,Ava,Melo,F,36,Turkey,Istanbul,4:54:01
3190,Giulia,Miller,F,29,India,Delhi,2:29:19
3191,Giovanni,Lopez,M,69,India,Bangalore,3:18:50
3192,Chiara,Kuznetsov,F,39,Spain,Valencia,2:45:51
3193,Zuzanna,Jones,F,64,United Arab Emirates,Sharjah,4:07:11
3194,Hugo,Young,M,54,Kenya,Mombasa,5:34:03
3195,Hugo,Torres,M,47,South Korea,Daegu,5:47:57
3196,Sunita,Smith,F,63,Singapore,Singapore,5:12:39
3197,Ava,Gomes,F,29,Australia,Melbourne,3:13:10
3198,Julia,Wilson,F,46,Denmark,Copenhagen,5:11:20
3199,Lucas,Gomes,M,38,Ukraine,Dnipro,4:34:23
3200,Nikolai,Smith,M,28,Kenya,Eldoret,3:29:01
3201,Anna,Petrov,F,54,India,Delhi,2:23:31
3202,Anna,Lopez,F,65,Netherlands,Eindhoven,5:16:43
3203,Jakub,Ferrari,M,35,Switzerland,Geneva,5:34:58
3204,Chiara,White,F,61,Austria,Innsbruck,4:48:06
3205,Laura,Williams,F,44,Argentina,Rosario,5:07:01
3206,Abigail,Martinez,F,54,Switzerland,Geneva,4:42:53
3207,Yuki,Thomas,F,65,Spain,Barcelona,5:56:09
3208,Sunita,Petrov,F,29,Sweden,Uppsala,3:04:45
3209,Alexander,Oliveira,M,40,Sweden,Vasteras,4:11:41
3210,Isabela,Ivanov,F,51,Sweden,Uppsala,5:08:40
3211,Jack,Kuznetsov,M,55,Ukraine,Lviv,2:44:33
3212,Daria,Wilson,F,40,Kenya,Nairobi,5:42:57
3213,Mikhail,Clark,M,70,Israel,Tel Aviv,3:59:02
3214,Olivia,Clark,F,42,Spain,Barcelona,4:27:13
3215,Carlos,Harris,M,21,China,Beijing,3:29:58
3216,Mikhail,Romano,M,47,Japan,Sapporo,5:43:45
3217,Lorenzo,Ferrari,M,47,Brazil,Salvador,3:23:43
3218,Michael,Taylor,M,30,Hungary,Szeged,2:51:58
3219,Yuki,Smith,F,59,Argentina,Mendoza,2:53:45
3220,Laura,Williams,F,66,Germany,Hamburg,4:42:44
3221,María,Rodriguez,F,31,Japan,Osaka,2:16:49
3222,Lucas,Jones,M,64,Portugal,Porto,4:01:32
3223,Lucas,Davis,M,25,Czech Republic,Ostrava,2:17:18
3224,Mateo,Santos,M,41,Poland,Warsaw,4:51:10
3225,Michael,Jones,M,35,Finland,Espoo,5:45:33
3226,Camila,Wright,F,52,Ukraine,Dnipro,3:21:30
3227,Jan,Hernandez,M,42,Kenya,Eldoret,5:30:22
3228,Alexander,Ivanov,M,34,Austria,Linz,5:53:38
3229,Luis,Jackson,M,49,United States,San Francisco,3:46:27
3230,Daniel,Jackson,M,41,France,Marseille,3:06:58
3231,Alina,Silva,F,24,Germany,Berlin,5:43:25
3232,Ingrid,Taylor,F,30,Denmark,Odense,4:21:41
3233,Benjamin,Wiśniewski,M,44,Czech Republic,Brno,3:29:41
3234,Lucas,Sanchez,M,65,Mexico,Cancun,4:50:29
3235,Lorenzo,Garcia,M,22,Italy,Bologna,2:47:58
3236,Thomas,Silva,M,53,Hungary,Pecs,2:30:58
3237,Michael,Gonzalez,M,43,Kenya,Mombasa,4:57:14
3238,Evelyn,King,F,59,Russia,Novosibirsk,5:05:15
3239,Ava,Walker,F,62,Spain,Valencia,3:11:40
3240,Emily,Miller,F,48,United Arab Emirates,Dubai,3:20:45
3241,Lucas,Anderson,M,27,Germany,Munich,3:33:59
3242,Oliver,Romano,M,63,Brazil,Salvador,4:57:15
3243,Julia,Lopez,F,43,Mexico,Puebla,4:35:56
3244,Mia,Wiśniewski,F,39,Brazil,Sao Paulo,4:51:32
3245,Isabella,Thomas,F,29,Italy,Milan,5:19:04
3246,Pedro,Kowalski,M,49,Italy,Turin,2:50:16
3247,Magdalena,Lewis,F,44,Hungary,Pecs,3:16:42
3248,Alexander,Lewis,M,50,Netherlands,Amsterdam,2:35:09
3249,Yuki,Kaczmarek,F,70,Germany,Cologne,5:43:57
3250,Ava,Petrov,F,69,Poland,Warsaw,5:33:53
3251,Isabella,Kaczmarek,F,37,Mexico,Monterrey,3:42:10
3252,Lorenzo,Kaczmarek,M,56,Romania,Timisoara,2:38:17
3253,Giulia,Popov,F,58,Austria,Salzburg,2:53:51
3254,Jan,Williams,M,57,Kenya,Nakuru,2:40:30
3255,Jack,Smith,M,30,Russia,Yekaterinburg,3:18:32
3256,Alexander,Perez,M,31,Russia,Novosibirsk,5:06:24
3257,Maria,Melo,F,61,France,Marseille,5:14:28
3258,Santiago,Thompson,M,57,China,Chengdu,3:53:33
3259,Giovanni,Gonzalez,M,70,Canada,Vancouver,2:51:36
3260,Sophia,Sanchez,F,39,Japan,Nagoya,4:14:08
3261,Jakub,Martinez,M,35,Slovakia,Bratislava,5:58:27
3262,Alina,Allen,F,65,Ethiopia,Addis Ababa,3:50:23
3263,William,Anderson,M,46,India,Chennai,5:59:54
3264,Santiago,Novak,M,60,Netherlands,Amsterdam,3:57:25
3265,Valentina,Perez,F,33,Ethiopia,Addis Ababa,5:39:47
3266,Marco,Johnson,M,63,Kenya,Kisumu,3:31:42
3267,Marco,Jones,M,52,Mexico,Guadalajara,2:30:55
3268,Anna,Murphy,F,70,Austria,Vienna,5:23:02
3269,Megan,Jackson,F,51,Switzerland,Zurich,5:43:48
3270,Olga,Hernandez,F,20,Switzerland,Lausanne,5:21:04
3271,Alexander,Scott,M,21,Turkey,Antalya,4:21:21
3272,Jan,Brown,M,22,Spain,Valencia,3:19:03
3273,Amelia,Ivanov,F,27,Portugal,Braga,5:51:23
3274,Isabella,Clark,F,69,Japan,Nagoya,4:27:02
3275,Megan,Wright,F,46,United Arab Emirates,Ajman,3:23:25
3276,Emma,Kowalski,F,49,Canada,Ottawa,4:53:56
3277,Sofia,Popov,F,48,Germany,Berlin,3:25:39
3278,Jan,White,M,19,Russia,Yekaterinburg,3:10:58
3279,Oliver,Martinez,M,29,Israel,Nazareth,3:22:44
3280,Charlotte,Ivanov,F,44,Japan,Sapporo,4:49:36
3281,Lucas,Smith,M,22,Argentina,Cordoba,5:02:08
3282,Jakub,Smith,M,54,Finland,Tampere,4:37:42
3283,Ingrid,Brown,F,44,Norway,Oslo,2:17:26
3284,Julia,Kaczmarek,F,40,Denmark,Odense,2:41:24
3285,Jack,Davis,M,50,Singapore,Singapore,4:17:26
3286,Lucas,Wiśniewski,M,21,France,Bordeaux,5:59:12
3287,Oliver,Torres,M,38,Switzerland,Geneva,4:44:36
3288,Hannah,Jones,F,41,Kenya,Mombasa,5:28:42
3289,Emma,Nowak,F,61,Israel,Nazareth,3:33:41
3290,John,Gomes,M,48,Ukraine,Odesa,4:38:30
3291,Jack,Nowak,M,61,Czech Republic,Pilsen,5:04:30
3292,Julia,Jackson,F,65,Portugal,Braga,5:30:03
3293,Arthur,Harris,M,41,Turkey,Istanbul,4:04:08
3294,María,Melo,F,66,Germany,Hamburg,5:39:15
3295,Anna,Ivanov,F,70,Portugal,Faro,5:27:12
3296,Michael,Kowalski,M,27,Netherlands,Rotterdam,2:38:44
3297,Maria,Thompson,F,66,Norway,Oslo,5:56:41
3298,Giovanni,Walker,M,66,Singapore,Singapore,3:47:53
3299,Alexander,Robinson,M,67,United Arab Emirates,Dubai,4:47:14
3300,Hannah,Oliveira,F,19,United Kingdom,Edinburgh,2:50:11
3301,Mateusz,Anderson,M,48,Denmark,Copenhagen,5:12:18
3302,Abigail,Jackson,F,42,Ethiopia,Mekelle,4:01:58
3303,Camila,Harris,F,21,Italy,Bologna,4:45:46
3304,Alexander,Oliveira,M,68,South Korea,Daejeon,4:04:57
3305,Mateo,White,M,28,Singapore,Singapore,5:11:35
3306,Noah,Ramirez,M,34,Australia,Brisbane,2:33:22
3307,Oleg,Martinez,M,61,Sweden,Gothenburg,3:37:09
3308,Oliver,Robinson,M,19,Sweden,Stockholm,4:05:16
3309,Carlos,Kuznetsov,M,23,Israel,Tel Aviv,5:35:12
3310,Daniel,Silva,M,26,France,Lyon,4:12:35
3311,Chiara,Sanchez,F,22,Slovakia,Bratislava,3:35:17
3312,Evelyn,Romano,F,37,Slovakia,Kosice,3:50:24
3313,Katarzyna,Wilson,F,46,Sweden,Uppsala,3:09:33
3314,Luis,Clark,M,38,France,Marseille,4:23:33
3315,Carlos,Robinson,M,26,Portugal,Braga,4:46:08
3316,María,Lewis,F,45,Brazil,Fortaleza,2:09:25
3317,Jakub,Robinson,M,25,United States,Chicago,4:21:59
3318,Mateusz,Perez,M,48,Czech Republic,Brno,3:34:38
3319,Zuzanna,Petrov,F,37,Czech Republic,Ostrava,2:40:24
3320,Laura,Rodriguez,F,44,China,Shanghai,2:12:11
3321,Megan,Wilson,F,25,Hungary,Szeged,3:27:54
3322,Ivan,Wilson,M,38,Canada,Toronto,3:07:57
3323,Valentina,Torres,F,45,Russia,Moscow,4:02:17
3324,Valentina,Costa,F,40,Brazil,Brasilia,5:47:26
3325,Sunita,White,F,23,Denmark,Aalborg,5:37:03
3326,Sara,Scott,F,20,Turkey,Izmir,2:23:05
3327,Lucia,White,F,22,South Africa,Port Elizabeth,3:48:15
3328,Daria,Wilson,F,26,Singapore,Singapore,3:49:19
3329,Luis,Martinez,M,24,South Korea,Incheon,4:56:26
3330,Emily,Miller,F,21,Slovakia,Zilina,2:46:25
3331,Hannah,Nowak,F,56,Norway,Oslo,4:23:12
3332,María,Martin,F,22,Sweden,Uppsala,3:34:58
3333,Arthur,Clark,M,28,Canada,Ottawa,4:57:26
3334,Elijah,Gonzalez,M,32,Russia,Yekaterinburg,3:29:38
3335,Giulia,Perez,F,51,Romania,Timisoara,4:05:02
3336,Olga,Oliveira,F,30,Hungary,Budapest,2:55:48
3337,Sofia,Petrov,F,65,South Korea,Daegu,3:53:22
3338,Julia,Gomes,F,24,Canada,Calgary,5:44:34
3339,Megan,Ramirez,F,57,Germany,Munich,2:18:19
3340,Camila,Lewis,F,23,Canada,Montreal,5:46:53
3341,Emma,Smirnov,F,56,Russia,Saint Petersburg,3:08:42
3342,Giulia,Harris,F,67,Czech Republic,Ostrava,3:38:31
3343,Ingrid,Petrov,F,47,Japan,Tokyo,3:45:09
3344,Santiago,Moore,M,39,Finland,Oulu,4:43:07
3345,Jack,Kaczmarek,M,42,Hungary,Budapest,3:32:43
3346,Abigail,Nowak,F,45,India,Mumbai,4:28:46
3347,Luis,Torres,M,37,Ethiopia,Dire Dawa,3:37:50
3348,Lorenzo,Martinez,M,56,France,Paris,5:24:56
3349,Carlos,Lee,M,20,Spain,Madrid,5:05:05
3350,Giovanni,Thomas,M,22,Slovakia,Bratislava,4:36:47
3351,Henry,Wiśniewski,M,18,Hungary,Debrecen,4:59:27
3352,Michael,Lee,M,32,India,Delhi,3:22:20
3353,Sunita,Gomes,F,43,Italy,Turin,3:33:53
3354,Sunita,King,F,20,Ethiopia,Gondar,4:32:19
3355,Oliver,Ivanov,M,57,France,Nice,2:43:15
3356,Benjamin,Rossi,M,58,Japan,Osaka,5:29:30
3357,Isabella,Garcia,F,64,China,Shanghai,2:28:51
3358,Noah,Smith,M,59,United Arab Emirates,Dubai,3:31:12
3359,Sophia,Perez,F,51,Poland,Poznan,5:56:27
3360,Mia,Lee,F,69,Mexico,Puebla,2:44:21
3361,Katarzyna,Gonzalez,F,22,Finland,Espoo,4:10:41
3362,Alexander,Wilson,M,48,Australia,Brisbane,5:30:24
3363,Daria,Romano,F,68,Australia,Melbourne,2:17:03
3364,William,White,M,30,France,Nice,2:30:47
3365,Sunita,Melo,F,60,Canada,Montreal,4:37:51
3366,Zuzanna,Nguyen,F,18,United Kingdom,Birmingham,4:22:55
3367,Marco,Walker,M,39,Sweden,Stockholm,5:48:25
3368,Piotr,Kuznetsov,M,32,Norway,Tromso,5:19:38
3369,Santiago,Jackson,M,43,Ukraine,Odesa,2:27:45
3370,Daria,Miller,F,35,Poland,Warsaw,5:41:46
3371,Thomas,Hernandez,M,65,Romania,Constanta,4:30:41
3372,Abigail,Hernandez,F,26,Denmark,Copenhagen,5:19:44
3373,Carlos,Davis,M,18,South Africa,Johannesburg,5:52:39
3374,Hannah,Melo,F,60,South Africa,Johannesburg,5:07:34
3375,Sunita,Clark,F,26,Israel,Nazareth,3:09:13
3376,Sofia,Scott,F,40,Denmark,Copenhagen,3:23:02
3377,Olga,Novak,F,60,Denmark,Aalborg,5:14:51
3378,John,Smirnov,M,62,Slovakia,Bratislava,3:44:20
3379,Mikhail,Smirnov,M,19,Ukraine,Kharkiv,4:24:03
3380,Anna,Davis,F,31,China,Shenzhen,4:13:09
3381,Alexander,Melo,M,55,United Kingdom,Birmingham,3:30:57
3382,Marco,Miller,M,57,Spain,Valencia,3:03:18
3383,Oliver,Rodriguez,M,35,Canada,Toronto,4:58:24
3384,Jakub,Walker,M,33,Mexico,Cancun,2:54:45
3385,Jakub,Walker,M,70,South Africa,Pretoria,5:29:46
3386,Sofia,Kaczmarek,F,46,Czech Republic,Prague,2:31:07
3387,Noah,Nguyen,M,61,Singapore,Singapore,4:25:03
3388,Magdalena,Gomes,F,28,Switzerland,Geneva,3:56:09
3389,Marco,Nguyen,M,23,United Arab Emirates,Sharjah,5:42:09
3390,Ingrid,Lopez,F,20,Canada,Calgary,4:57:51
3391,Marco,Santos,M,31,France,Marseille,5:15:15
3392,Emma,Young,F,19,Portugal,Braga,3:14:51
3393,Ingrid,Thompson,F,49,Hungary,Debrecen,4:46:58
3394,Piotr,Garcia,M,48,China,Guangzhou,4:04:16
3395,Magdalena,Jones,F,28,Canada,Montreal,4:30:13
3396,Camila,Rodriguez,F,39,Finland,Oulu,3:53:37
3397,Sunita,Martin,F,20,Portugal,Faro,5:27:18
3398,Laura,Melo,F,67,Japan,Osaka,3:30:35
3399,Alexander,Davis,M,48,Austria,Linz,4:49:54
3400,Valentina,Novak,F,50,Canada,Vancouver,3:57:31
3401,Jan,Jackson,M,41,Canada,Vancouver,4:21:49
3402,James,Thompson,M,18,Finland,Helsinki,5:19:32
3403,Yuki,Bianchi,F,61,Brazil,Salvador,4:04:34
3404,Michael,Johnson,M,32,Austria,Vienna,2:33:39
3405,Sunita,Santos,F,54,Switzerland,Geneva,4:19:21
3406,Maya,Clark,F,44,United Arab Emirates,Ras Al Khaimah,5:16:48
3407,Sofia,White,F,55,Poland,Gdansk,3:11:54
3408,Maria,Gonzalez,F,65,Slovakia,Bratislava,5:46:05
3409,David,Moore,M,44,Slovakia,Presov,2:19:38
3410,Robert,Santos,M,61,India,Delhi,4:31:25
3411,Noah,Young,M,29,South Korea,Daegu,5:40:30
3412,Jan,Santos,M,20,Romania,Timisoara,3:49:32
3413,Mateo,Brown,M,47,Israel,Tel Aviv,5:43:08
3414,Ivan,Smirnov,M,49,Czech Republic,Brno,5:37:22
3415,Daria,Taylor,F,40,Spain,Bilbao,2:31:49
3416,María,Ramirez,F,19,Sweden,Gothenburg,4:36:07
3417,Piotr,Williams,M,24,South Africa,Pretoria,3:56:54
3418,Ekaterina,Kowalczyk,F,51,South Africa,Pretoria,5:48:03
3419,Giovanni,Petrov,M,49,Japan,Tokyo,3:30:09
3420,James,Perez,M,70,Kenya,Mombasa,5:15:23
3421,Olga,Williams,F,56,Ukraine,Odesa,5:48:18
3422,Evelyn,Costa,F,49,Finland,Helsinki,2:45:48
3423,Sunita,Smith,F,60,Germany,Berlin,5:37:29
3424,Jack,Johnson,M,60,Singapore,Singapore,2:40:36
3425,Daria,Harris,F,31,Slovakia,Zilina,4:01:06
3426,Valentina,Santos,F,20,Ethiopia,Mekelle,2:39:13
3427,Emily,Harris,F,63,France,Marseille,4:14:23
3428,Julia,Williams,F,49,Israel,Beer Sheva,5:45:32
3429,Ekaterina,Smirnov,F,60,Slovakia,Bratislava,2:06:23
3430,Julia,Perez,F,53,Spain,Bilbao,4:45:31
3431,Magdalena,Bianchi,F,34,Finland,Helsinki,2:49:28
3432,Isabella,Silva,F,65,Singapore,Singapore,3:32:11
3433,Isabela,Clark,F,20,Mexico,Puebla,4:58:31
3434,Piotr,Rodriguez,M,27,Finland,Helsinki,4:33:10
3435,Katarzyna,Popov,F,70,Slovakia,Zilina,2:35:20
3436,Alexander,Scott,M,64,Mexico,Cancun,5:38:37
3437,Lorenzo,Young,M,57,United States,New York,3:18:34
3438,Alina,Moore,F,35,Japan,Nagoya,4:05:49
3439,Mia,Melo,F,20,Brazil,Rio de Janeiro,4:39:50
3440,María,Melo,F,56,Ukraine,Lviv,3:54:32
3441,James,Bianchi,M,27,South Korea,Incheon,4:12:07
3442,Zuzanna,Costa,F,69,South Korea,Incheon,2:53:14
3443,David,Santos,M,26,South Africa,Durban,3:01:57
3444,Amelia,Johnson,F,63,Spain,Seville,2:09:08
3445,Evelyn,Bianchi,F,63,Israel,Haifa,4:15:10
3446,Charlotte,Thomas,F,28,Germany,Hamburg,5:36:14
3447,Isabella,Lopez,F,50,France,Nice,4:54:09
3448,Magdalena,Jones,F,53,India,Bangalore,2:36:30
3449,Abigail,Torres,F,43,Finland,Espoo,4:16:20
3450,Ivan,Kaczmarek,M,44,Netherlands,Amsterdam,5:35:50
3451,James,Costa,M,55,China,Shanghai,5:17:39
3452,Isabella,Smith,F,39,Germany,Munich,2:40:15
3453,Olivia,Kowalczyk,F,43,Slovakia,Zilina,3:54:41
3454,Piotr,Costa,M,39,Brazil,Sao Paulo,2:56:03
3455,Sunita,Jones,F,22,United States,Boston,3:39:11
3456,Alexander,Nguyen,M,52,Ukraine,Kyiv,2:35:06
3457,Sara,Novak,F,19,Portugal,Porto,4:06:40
3458,Anna,Rossi,F,52,Sweden,Uppsala,4:26:27
3459,Charlotte,Kowalski,F,26,India,Hyderabad,2:49:54
3460,Amelia,Brown,F,68,Portugal,Coimbra,4:54:43
3461,Henry,Gonzalez,M,68,Mexico,Puebla,5:27:11
3462,James,Lopez,M,66,Japan,Tokyo,3:36:33
3463,Mia,Kuznetsov,F,35,Sweden,Vasteras,4:22:03
3464,Mia,Smith,F,60,Germany,Hamburg,3:22:30
3465,Pedro,Rossi,M,29,United Arab Emirates,Abu Dhabi,4:20:26
3466,Chiara,Wilson,F,20,Brazil,Salvador,5:26:07
3467,Elijah,Kuznetsov,M,35,Israel,Haifa,5:34:52
3468,Mia,Harris,F,55,Germany,Frankfurt,2:18:12
3469,Zuzanna,Novak,F,24,Switzerland,Basel,5:48:39
3470,Robert,Gonzalez,M,50,Austria,Vienna,3:14:51
3471,John,Ferrari,M,23,Poland,Warsaw,2:23:09
3472,Valentina,Kuznetsov,F,35,Romania,Cluj-Napoca,4:25:21
3473,Olivia,Murphy,F,62,Germany,Hamburg,2:51:20
3474,Camila,Walker,F,39,Japan,Sapporo,5:35:45
3475,Alina,Popov,F,68,Australia,Sydney,3:19:57
3476,Maya,Costa,F,56,Denmark,Aarhus,2:18:09
3477,Sophia,Lewis,F,68,United Kingdom,Birmingham,3:14:54
3478,Camila,Allen,F,26,Turkey,Ankara,5:34:18
3479,Liam,Garcia,M,52,Ethiopia,Addis Ababa,4:51:30
3480,Santiago,Gonzalez,M,40,Slovakia,Kosice,5:27:52
3481,Alexander,Martinez,M,29,Germany,Hamburg,3:19:17
3482,Hannah,Torres,F,69,Finland,Vantaa,5:49:35
3483,Lorenzo,Smirnov,M,41,Finland,Oulu,3:56:11
3484,Amelia,Smirnov,F,67,United Arab Emirates,Dubai,5:15:32
3485,Isabella,Gonzalez,F,57,Mexico,Monterrey,3:22:15
3486,Camila,Silva,F,26,Finland,Tampere,3:44:21
3487,Jan,Wiśniewski,M,30,Norway,Bergen,3:57:18
3488,Lucas,Hernandez,M,57,Switzerland,Zurich,5:25:48
3489,Luis,Novak,M,59,Israel,Beer Sheva,5:43:40
3490,Harry,Jackson,M,34,Australia,Perth,3:30:55
3491,George,Clark,M,24,United States,San Francisco,2:10:13
3492,Isabella,Novak,F,34,Kenya,Eldoret,3:55:33
3493,Alina,Wilson,F,67,Austria,Salzburg,5:51:27
3494,Isabela,Taylor,F,41,Brazil,Sao Paulo,2:08:52
3495,Katarzyna,Kowalczyk,F,19,Finland,Vantaa,3:40:35
3496,Ivan,King,M,52,Czech Republic,Prague,5:19:59
3497,Olivia,Nowak,F,45,Argentina,Cordoba,4:38:41
3498,Maria,Jackson,F,36,Slovakia,Bratislava,5:21:38
3499,Mateo,Jones,M,50,United States,New York,4:15:49
3500,Sophia,Jones,F,38,Mexico,Mexico City,2:50:11
3501,Michael,Thompson,M,70,Argentina,Cordoba,5:33:51
3502,Sophia,Kowalski,F,27,Sweden,Gothenburg,4:59:40
3503,Isabela,Garcia,F,70,Russia,Saint Petersburg,4:17:20
3504,Marco,Smith,M,63,Netherlands,Utrecht,5:28:11
3505,Mia,Lee,F,62,Poland,Gdansk,5:04:57
3506,Maya,Kaczmarek,F,26,France,Paris,3:00:44
3507,Magdalena,Smirnov,F,55,India,Chennai,2:40:22
3508,George,Ivanov,M,23,South Africa,Port Elizabeth,5:00:22
3509,Isabella,Torres,F,68,Turkey,Izmir,3:07:59
3510,Alexander,Popov,M,70,Canada,Toronto,3:39:14
3511,Jan,Lewis,M,59,Spain,Madrid,5:31:14
3512,Kacper,Kowalczyk,M,52,United Kingdom,London,4:36:12
3513,Emily,White,F,35,South Africa,Johannesburg,5:11:09
3514,Olivia,Martin,F,70,Germany,Frankfurt,2:24:32
3515,Olivia,Lee,F,36,Argentina,Cordoba,4:06:57
3516,Hannah,Kowalczyk,F,22,Netherlands,Amsterdam,4:14:04
3517,Lorenzo,Anderson,M,42,Singapore,Singapore,2:07:39
3518,Harry,Hernandez,M,28,United Kingdom,London,5:03:05
3519,Oliver,Smirnov,M,27,Denmark,Copenhagen,4:17:43
3520,Kacper,Clark,M,34,South Korea,Daegu,2:40:29
3521,Giovanni,Oliveira,M,53,Australia,Sydney,2:56:18
3522,Giovanni,Lee,M,43,Ukraine,Lviv,2:42:09
3523,Luis,Robinson,M,48,Spain,Bilbao,2:53:37
3524,Giovanni,Lewis,M,49,Canada,Ottawa,2:55:13
3525,Alexander,Martinez,M,38,India,Hyderabad,4:47:21
3526,Jakub,Clark,M,35,Australia,Perth,5:37:45
3527,Emma,Costa,F,35,Russia,Moscow,3:50:26
3528,Evelyn,Rossi,F,18,China,Guangzhou,5:17:57
3529,Zuzanna,Harris,F,31,France,Nice,2:31:19
3530,Alexander,Sanchez,M,25,China,Shanghai,5:17:43
3531,Mateusz,Smith,M,19,Kenya,Kisumu,2:37:40
3532,Isabela,Rossi,F,68,Netherlands,Rotterdam,4:16:42
3533,Santiago,Martinez,M,32,Kenya,Mombasa,3:55:57
3534,Harry,Lopez,M,51,Canada,Montreal,5:58:53
3535,Hugo,Miller,M,53,Israel,Haifa,3:09:04
3536,Noah,Sanchez,M,18,Israel,Beer Sheva,3:23:17
3537,John,Martinez,M,68,Hungary,Debrecen,2:44:50
3538,Mikhail,Perez,M,38,Brazil,Sao Paulo,2:28:39
3539,Valentina,Johnson,F,59,Hungary,Pecs,3:10:17
3540,Michael,Sanchez,M,18,United States,San Francisco,5:25:27
3541,Mateo,Martin,M,49,Germany,Cologne,5:35:20
3542,Olga,Moore,F,37,South Africa,Johannesburg,5:35:42
3543,Lucas,Gonzalez,M,64,Russia,Kazan,5:22:02
3544,Michael,Murphy,M,53,Ethiopia,Mekelle,3:27:22
3545,Olivia,Ramirez,F,56,Poland,Wroclaw,4:24:14
3546,Pedro,Silva,M,47,Romania,Constanta,4:23:27
3547,Mateo,Young,M,24,Australia,Perth,4:11:10
3548,Elijah,Thompson,M,39,Austria,Vienna,3:31:38
3549,Benjamin,Jones,M,67,Ethiopia,Addis Ababa,4:46:02
3550,Zuzanna,Kuznetsov,F,62,Denmark,Odense,3:45:02
3551,Emily,Murphy,F,27,Spain,Seville,5:12:51
3552,Nikolai,Martinez,M,25,Norway,Bergen,3:30:42
3553,Anna,King,F,44,Australia,Perth,3:09:12
3554,Olivia,Bianchi,F,27,Kenya,Mombasa,5:08:50
3555,Hugo,Clark,M,31,Switzerland,Bern,2:14:02
3556,Olivia,Smith,F,63,Sweden,Gothenburg,4:28:25
3557,Oleg,Novak,M,69,Kenya,Eldoret,4:32:53
3558,Mateo,Perez,M,28,Romania,Bucharest,4:32:13
3559,Oleg,Ivanov,M,23,Japan,Nagoya,3:11:18
3560,Arthur,Ramirez,M,38,Czech Republic,Ostrava,2:28:52
3561,Arthur,Davis,M,50,Singapore,Singapore,4:32:40
3562,Yuki,Rodriguez,F,36,Ethiopia,Dire Dawa,4:56:01
3563,Robert,Jackson,M,56,Kenya,Nakuru,4:15:05
3564,Piotr,Popov,M,41,Denmark,Odense,2:21:08
3565,Mateusz,Bianchi,M,35,South Africa,Port Elizabeth,3:41:40
3566,Evelyn,White,F,52,India,Chennai,4:15:45
3567,Ingrid,Walker,F,69,Ethiopia,Gondar,4:41:12
3568,Isabella,Johnson,F,60,India,Hyderabad,5:47:13
3569,María,White,F,54,Turkey,Izmir,3:38:11
3570,Lucia,Thomas,F,36,Ukraine,Lviv,3:34:43
3571,Hugo,Lee,M,70,Sweden,Stockholm,4:09:30
3572,Chiara,Melo,F,41,Hungary,Szeged,5:59:46
3573,Zuzanna,Novak,F,51,Turkey,Antalya,3:25:19
3574,Emily,Rossi,F,39,Czech Republic,Brno,4:12:12
3575,Ekaterina,Scott,F,21,Denmark,Copenhagen,2:58:55
3576,Piotr,Torres,M,27,Norway,Trondheim,3:32:35
3577,Piotr,Smirnov,M,19,Brazil,Sao Paulo,2:09:11
3578,Lorenzo,Santos,M,25,Brazil,Salvador,3:16:40
3579,Evelyn,Lee,F,50,Mexico,Cancun,4:08:29
3580,Jack,Melo,M,55,Netherlands,The Hague,5:09:31
3581,Lucas,Kuznetsov,M,60,Finland,Oulu,3:11:38
3582,Maya,Kowalski,F,45,Italy,Milan,4:34:42
3583,Ivan,Ferrari,M,27,Russia,Saint Petersburg,3:31:20
3584,Anna,Young,F,62,Germany,Berlin,5:37:32
3585,Jack,Walker,M,18,France,Lyon,3:35:21
3586,Noah,Lee,M,51,Japan,Osaka,2:29:55
3587,David,Oliveira,M,20,Brazil,Brasilia,4:17:58
3588,Charlotte,Harris,F,26,Norway,Tromso,5:36:21
3589,Alexander,Kowalski,M,22,Poland,Warsaw,5:56:58
3590,Jan,Garcia,M,59,Spain,Barcelona,5:12:40
3591,Megan,Young,F,27,Mexico,Cancun,5:06:39
3592,Giovanni,Murphy,M,29,Finland,Vantaa,5:44:59
3593,Ekaterina,Jones,F,35,Italy,Naples,4:20:41
3594,María,Harris,F,38,Norway,Bergen,3:34:38
3595,Lorenzo,Rossi,M,38,Kenya,Mombasa,2:47:57
3596,Ekaterina,Kuznetsov,F,18,India,Mumbai,3:33:26
3597,Alexander,White,M,20,Finland,Oulu,4:20:33
3598,Sophia,Walker,F,22,Romania,Timisoara,2:25:35
3599,Ivan,Anderson,M,42,Netherlands,The Hague,2:22:38
3600,Olivia,Lee,F,66,United Arab Emirates,Ras Al Khaimah,4:41:02
3601,Kacper,Ferrari,M,25,Brazil,Sao Paulo,5:21:50
3602,Sunita,Walker,F,34,South Africa,Durban,3:05:59
3603,Thomas,Martinez,M,26,Sweden,Vasteras,5:22:27
3604,Mikhail,Lee,M,49,United Arab Emirates,Ras Al Khaimah,3:34:28
3605,Michael,Lee,M,23,Canada,Vancouver,2:05:56
3606,George,Oliveira,M,66,Japan,Sapporo,4:53:04
3607,Hannah,Gonzalez,F,57,Denmark,Aarhus,4:09:32
3608,Lorenzo,Gomes,M,38,Canada,Ottawa,2:47:49
3609,Yuki,Murphy,F,24,Argentina,La Plata,5:58:56
3610,Amelia,Jackson,F,24,Canada,Montreal,3:13:00
3611,Sophia,Kowalczyk,F,64,Slovakia,Kosice,5:35:48
3612,Lorenzo,King,M,56,Canada,Ottawa,3:51:17
3613,David,Jackson,M,44,Mexico,Mexico City,2:37:28
3614,Anna,Rossi,F,25,Japan,Tokyo,2:08:42
3615,Jakub,Ramirez,M,26,Sweden,Stockholm,4:48:51
3616,Liam,Martin,M,45,Turkey,Ankara,5:35:14
3617,Maria,Wilson,F,32,Italy,Bologna,3:31:57
3618,Abigail,Jackson,F,19,Czech Republic,Brno,5:50:37
3619,Emma,Johnson,F,24,Japan,Tokyo,4:50:49
3620,Carlos,Garcia,M,64,Netherlands,Eindhoven,4:35:27
3621,Magdalena,Robinson,F,35,United Arab Emirates,Ajman,2:47:16
3622,Alexander,Lewis,M,39,Japan,Tokyo,2:47:05
3623,Jakub,Scott,M,67,Spain,Valencia,4:37:56
3624,Sofia,Murphy,F,27,Germany,Cologne,2:27:37
3625,Marco,Wiśniewski,M,67,Denmark,Aarhus,3:26:27
3626,Jan,Miller,M,50,Norway,Bergen,4:13:42
3627,Mikhail,Robinson,M,24,Portugal,Coimbra,3:44:42
3628,Ekaterina,Gonzalez,F,20,Sweden,Gothenburg,5:12:32
3629,Yuki,Robinson,F,31,United Arab Emirates,Sharjah,3:19:37
3630,Alina,Hernandez,F,61,Denmark,Copenhagen,4:45:38
3631,Maya,Rodriguez,F,63,China,Beijing,2:27:51
3632,Jan,Johnson,M,53,Brazil,Rio de Janeiro,2:58:44
3633,Lucas,Brown,M,30,France,Bordeaux,2:36:14
3634,Jan,Scott,M,33,Kenya,Mombasa,5:03:11
3635,John,White,M,33,Czech Republic,Prague,3:01:01
3636,Alexander,Lee,M,22,India,Chennai,3:46:44
3637,Julia,Scott,F,69,Finland,Tampere,2:24:02
3638,Noah,Novak,M,42,Japan,Tokyo,3:16:49
3639,Pedro,Nowak,M,55,Denmark,Odense,4:30:56
3640,Jan,Sanchez,M,55,Ethiopia,Mekelle,5:41:59
3641,Santiago,Lee,M,67,Israel,Nazareth,5:37:06
3642,Sunita,Romano,F,55,Spain,Madrid,3:59:58
3643,Oliver,Nowak,M,56,France,Marseille,2:31:28
3644,Nikolai,Lee,M,65,Netherlands,The Hague,5:27:57
3645,Ingrid,Wiśniewski,F,58,Czech Republic,Ostrava,5:40:16
3646,Jack,Williams,M,43,Singapore,Singapore,3:28:18
3647,David,Brown,M,30,Switzerland,Geneva,4:46:02
3648,Henry,Young,M,61,Spain,Seville,5:26:46
3649,Isabella,Gomes,F,68,Czech Republic,Pilsen,5:13:25
3650,Isabella,Rodriguez,F,43,India,Bangalore,5:36:22
3651,Abigail,Miller,F,18,Singapore,Singapore,3:17:22
3652,Robert,Hernandez,M,25,Austria,Linz,3:01:02
3653,Anna,Garcia,F,21,Canada,Calgary,2:32:16
3654,Mateusz,Thompson,M,38,United States,Chicago,5:10:04
3655,Piotr,Garcia,M,39,Netherlands,Rotterdam,4:46:04
3656,Carlos,Perez,M,68,Spain,Bilbao,3:48:47
3657,William,Young,M,70,Norway,Bergen,2:25:44
3658,Laura,Wright,F,54,United States,Los Angeles,5:23:49
3659,Sophia,King,F,66,Slovakia,Presov,4:56:30
3660,Lucia,Nowak,F,20,Norway,Trondheim,5:04:49
3661,Laura,Smirnov,F,36,Brazil,Rio de Janeiro,4:00:14
3662,Abigail,Scott,F,18,China,Shanghai,5:46:08
3663,James,Ferrari,M,46,Turkey,Istanbul,3:33:26
3664,Hugo,Lewis,M,40,Ethiopia,Dire Dawa,5:55:36
3665,Sofia,Davis,F,50,Czech Republic,Pilsen,5:03:24
3666,Alexander,Anderson,M,69,Finland,Oulu,3:20:14
3667,Anna,Brown,F,58,China,Beijing,4:25:50
3668,Thomas,Johnson,M,40,Turkey,Ankara,2:44:18
3669,Elijah,Nowak,M,22,South Korea,Daejeon,5:18:05
3670,Lucas,Walker,M,24,Ethiopia,Gondar,5:24:30
3671,Oliver,Williams,M,23,Argentina,La Plata,5:18:23
3672,Lucas,Wiśniewski,M,66,Singapore,Singapore,3:38:35
3673,Chiara,Martinez,F,39,Denmark,Esbjerg,2:26:08
3674,Henry,Allen,M,66,South Korea,Seoul,4:37:11
3675,Zuzanna,Lee,F,30,Germany,Frankfurt,2:44:36
3676,Jakub,Wiśniewski,M,29,Germany,Munich,5:27:23
3677,Luis,Johnson,M,21,United Kingdom,Birmingham,4:24:47
3678,David,Wiśniewski,M,25,South Africa,Cape Town,5:30:49
3679,Alina,Young,F,54,Argentina,Cordoba,2:56:36
3680,Noah,Petrov,M,48,India,Bangalore,3:05:35
3681,Lucia,Scott,F,54,United States,Chicago,2:14:21
3682,William,Williams,M,62,South Korea,Busan,5:19:01
3683,Valentina,Nguyen,F,43,Canada,Toronto,5:17:38
3684,Oliver,Wilson,M,60,Norway,Trondheim,5:13:35
3685,Chiara,Nguyen,F,25,Argentina,Mendoza,5:09:43
3686,Olivia,Smith,F,57,Israel,Tel Aviv,4:22:11
3687,Katarzyna,Smirnov,F,50,Mexico,Monterrey,4:50:59
3688,James,Nguyen,M,62,United Kingdom,Manchester,4:13:59
3689,Mateusz,Allen,M,46,Hungary,Debrecen,3:59:31
3690,Mateo,Sanchez,M,22,India,Delhi,2:46:44
3691,Giulia,Martinez,F,45,South Korea,Incheon,4:02:01
3692,Hannah,Smith,F,70,South Africa,Durban,3:44:31
3693,Sunita,Jackson,F,57,United States,New York,4:16:16
3694,Mikhail,Scott,M,34,Australia,Sydney,4:34:39
3695,Mateusz,Allen,M,40,Sweden,Stockholm,4:52:48
3696,Jakub,Hernandez,M,62,Ethiopia,Mekelle,3:13:17
3697,Valentina,Wiśniewski,F,26,Romania,Iasi,4:46:24
3698,Yuki,Taylor,F,19,China,Guangzhou,4:40:21
3699,Anna,Gonzalez,F,49,Mexico,Guadalajara,4:59:15
3700,Jan,Santos,M,68,China,Guangzhou,5:42:44
3701,Maria,Sanchez,F,69,United Kingdom,Edinburgh,3:58:42
3702,Amelia,Nowak,F,66,Australia,Perth,3:42:58
3703,Nikolai,Lewis,M,48,Romania,Timisoara,3:20:09
3704,Emma,Lewis,F,24,Germany,Cologne,5:28:33
3705,Yuki,Nowak,F,47,Finland,Vantaa,5:33:17
3706,Isabella,Kaczmarek,F,20,Singapore,Singapore,3:48:06
3707,Laura,Wilson,F,68,Norway,Stavanger,4:57:57
3708,Santiago,Davis,M,68,United Arab Emirates,Ras Al Khaimah,4:48:56
3709,Oliver,Harris,M,26,Germany,Munich,3:04:20
3710,Charlotte,Kowalczyk,F,27,Singapore,Singapore,3:39:39
3711,Hugo,Gonzalez,M,63,Kenya,Nakuru,2:49:45
3712,Ingrid,Kowalczyk,F,67,Turkey,Istanbul,3:55:12
3713,Daria,Romano,F,64,Australia,Sydney,3:25:21
3714,Giulia,Oliveira,F,43,Ukraine,Odesa,4:15:07
3715,Maya,Ferrari,F,18,Ukraine,Kyiv,2:28:32
3716,Oleg,White,M,47,Denmark,Odense,2:25:21
3717,Giovanni,Brown,M,55,United Kingdom,Birmingham,2:42:29
3718,Lucas,Torres,M,32,Slovakia,Bratislava,2:42:19
3719,Alexander,Wilson,M,42,Finland,Helsinki,3:15:02
3720,David,Johnson,M,23,Australia,Brisbane,4:16:13
3721,Oleg,Smith,M,35,Norway,Bergen,5:35:14
3722,Giulia,Romano,F,18,Portugal,Faro,3:59:53
3723,Camila,Costa,F,20,India,Mumbai,4:32:15
3724,Piotr,Wilson,M,34,France,Paris,5:35:44
3725,Michael,Popov,M,65,Argentina,La Plata,5:04:00
3726,Julia,Popov,F,25,Brazil,Sao Paulo,3:35:03
3727,Jan,Robinson,M,66,Canada,Montreal,5:38:15
3728,Luis,Murphy,M,57,Kenya,Eldoret,5:24:57
3729,Mateo,Melo,M,34,Mexico,Cancun,3:31:25
3730,Olivia,Walker,F,42,Slovakia,Nitra,3:16:30
3731,Thomas,Murphy,M,58,Ethiopia,Addis Ababa,5:49:59
3732,Alina,Rossi,F,29,Italy,Turin,3:14:02
3733,Ivan,Jones,M,46,Portugal,Porto,4:44:37
3734,Sunita,Miller,F,42,Argentina,La Plata,4:04:12
3735,Liam,Silva,M,68,Russia,Novosibirsk,2:48:04
3736,Noah,Kowalski,M,53,China,Shanghai,2:31:41
3737,Sophia,Silva,F,70,Canada,Toronto,5:54:58
3738,Olivia,Moore,F,42,Italy,Rome,3:27:22
3739,Olivia,Martin,F,46,Ethiopia,Gondar,3:39:58
3740,María,Harris,F,28,Slovakia,Kosice,5:41:36
3741,Ingrid,Hernandez,F,21,United Arab Emirates,Abu Dhabi,5:16:49
3742,Charlotte,Brown,F,31,Italy,Turin,2:18:27
3743,Magdalena,Wilson,F,63,Poland,Poznan,5:05:51
3744,Lorenzo,Ramirez,M,55,Argentina,La Plata,4:07:25
3745,Mateusz,Jones,M,34,Italy,Naples,4:23:26
3746,Mikhail,Clark,M,19,Romania,Timisoara,2:50:27
3747,Emma,Martin,F,25,Portugal,Coimbra,5:40:18
3748,Oliver,Santos,M,53,Israel,Jerusalem,4:59:18
3749,Lucas,Martin,M,27,France,Paris,5:33:04
3750,Abigail,Taylor,F,24,Denmark,Copenhagen,5:36:28
3751,Sara,Gomes,F,53,Romania,Iasi,5:26:33
3752,Giulia,Davis,F,33,Switzerland,Bern,4:21:05
3753,Noah,Oliveira,M,31,Netherlands,Eindhoven,5:07:00
3754,Emily,Lopez,F,33,Denmark,Aalborg,3:14:31
3755,Liam,Davis,M,42,Hungary,Debrecen,4:45:41
3756,James,Popov,M,58,Norway,Oslo,5:34:34
3757,Ivan,Robinson,M,21,Finland,Tampere,2:31:08
3758,Harry,Smirnov,M,46,Poland,Warsaw,4:43:34
3759,Thomas,Moore,M,23,South Africa,Pretoria,4:35:52
3760,Ekaterina,Johnson,F,18,Czech Republic,Prague,2:17:21
3761,Jack,Walker,M,56,Norway,Trondheim,4:50:22
3762,Isabella,Popov,F,18,Australia,Adelaide,3:52:17
3763,Abigail,Wilson,F,68,United Kingdom,Edinburgh,3:26:44
3764,William,Sanchez,M,57,Finland,Espoo,2:53:53
3765,Jakub,Johnson,M,20,Turkey,Istanbul,5:20:10
3766,Oliver,Young,M,18,Singapore,Singapore,3:20:09
3767,Isabela,Romano,F,18,Turkey,Ankara,3:20:26
3768,Giovanni,Clark,M,56,Japan,Osaka,3:43:29
3769,Santiago,Smith,M,38,Denmark,Odense,3:34:09
3770,Jack,Santos,M,62,United Kingdom,London,2:57:47
3771,Ava,Petrov,F,47,India,Hyderabad,4:53:30
3772,Isabella,Kaczmarek,F,49,France,Paris,4:11:46
3773,Mikhail,Kuznetsov,M,50,Israel,Haifa,2:41:58
3774,Alina,Popov,F,65,Spain,Seville,2:27:20
3775,Emily,Gonzalez,F,39,United Arab Emirates,Ajman,4:18:29
3776,Ekaterina,Johnson,F,47,Canada,Ottawa,3:22:19
3777,Ekaterina,Costa,F,63,India,Bangalore,2:30:14
3778,Valentina,Thomas,F,21,Argentina,Buenos Aires,2:28:31
3779,María,Bianchi,F,40,Czech Republic,Olomouc,5:12:08
3780,Olivia,Nowak,F,61,Mexico,Puebla,4:13:44
3781,Oliver,Costa,M,42,Argentina,Cordoba,3:14:27
3782,Jack,Romano,M,29,Ukraine,Odesa,2:22:02
3783,Pedro,Scott,M,34,Canada,Ottawa,5:38:39
3784,Olivia,Rossi,F,70,India,Bangalore,4:59:38
3785,Chiara,Kuznetsov,F,32,France,Lyon,2:50:58
3786,Elijah,Jackson,M,27,India,Hyderabad,5:39:24
3787,Magdalena,Garcia,F,52,Austria,Vienna,5:24:23
3788,George,White,M,69,Ethiopia,Gondar,4:40:04
3789,Giovanni,Ferrari,M,69,Netherlands,Utrecht,4:53:57
3790,Emily,Wright,F,46,Japan,Nagoya,3:25:08
3791,Mateo,White,M,29,China,Shenzhen,4:47:30
3792,Mateusz,Popov,M,18,United Arab Emirates,Abu Dhabi,5:26:11
3793,Olga,Wright,F,18,Brazil,Brasilia,4:32:13
3794,Abigail,Lee,F,27,Finland,Oulu,3:57:13
3795,Kacper,Clark,M,35,Spain,Madrid,4:58:49
3796,Camila,Nguyen,F,64,United Arab Emirates,Abu Dhabi,3:26:47
3797,Laura,White,F,19,France,Paris,5:19:38
3798,Giovanni,Thompson,M,66,Singapore,Singapore,2:58:45
3799,Nikolai,Martinez,M,25,France,Marseille,2:21:54
3800,Olivia,Ivanov,F,39,France,Bordeaux,3:57:48
3801,Daniel,Clark,M,39,Denmark,Aalborg,3:35:58
3802,Magdalena,Ramirez,F,43,France,Bordeaux,2:38:41
3803,Mia,Murphy,F,43,Switzerland,Geneva,2:49:36
3804,Maria,Oliveira,F,26,Sweden,Vasteras,4:47:12
3805,Henry,Perez,M,38,Brazil,Sao Paulo,5:10:28
3806,Katarzyna,Nowak,F,48,Brazil,Salvador,2:56:46
3807,Giovanni,Lewis,M,69,Austria,Linz,4:34:35
3808,Daniel,Costa,M,60,India,Hyderabad,4:32:42
3809,Mateo,Oliveira,M,23,Hungary,Pecs,5:07:41
3810,Oliver,Perez,M,31,India,Hyderabad,5:04:25
3811,Isabella,Melo,F,50,Portugal,Braga,2:48:04
3812,Alexander,Murphy,M,24,United States,Boston,3:27:22
3813,Piotr,Wright,M,41,South Africa,Pretoria,5:50:29
3814,Sofia,Silva,F,26,Israel,Haifa,2:26:17
3815,Jack,Rodriguez,M,28,Portugal,Lisbon,2:55:43
3816,Giulia,Ferrari,F,40,United Kingdom,Edinburgh,4:07:50
3817,Luis,Garcia,M,65,China,Beijing,5:14:24
3818,Lucia,Oliveira,F,68,Poland,Poznan,5:52:52
3819,Amelia,Allen,F,19,France,Bordeaux,3:42:40
3820,Daniel,Williams,M,32,Mexico,Cancun,3:08:02
3821,Robert,Miller,M,52,Singapore,Singapore,4:02:37
3822,Jack,Smith,M,53,France,Paris,4:24:29
3823,Maria,Gomes,F,69,Netherlands,Utrecht,4:26:07
3824,Thomas,Petrov,M,45,Ethiopia,Bahir Dar,5:00:51
3825,Mateo,Kowalczyk,M,56,Austria,Salzburg,5:57:33
3826,Lucas,Ivanov,M,61,Turkey,Ankara,3:03:01
3827,Piotr,Young,M,21,Italy,Milan,5:42:58
3828,Lucas,Lee,M,27,Ethiopia,Bahir Dar,5:17:31
3829,Magdalena,Scott,F,23,Netherlands,Amsterdam,3:41:12
3830,Luis,King,M,47,Spain,Seville,4:45:16
3831,Luis,Anderson,M,63,Italy,Rome,3:33:56
3832,Ingrid,Thompson,F,52,Italy,Turin,3:13:42
3833,Lucia,Smirnov,F,66,Argentina,Cordoba,2:54:20
3834,Benjamin,Anderson,M,60,France,Lyon,4:16:37
3835,Giovanni,Martinez,M,27,Netherlands,Eindhoven,2:46:09
3836,Lorenzo,Kuznetsov,M,70,United States,Chicago,5:12:57
3837,Olivia,Santos,F,49,Netherlands,The Hague,4:02:31
3838,David,Bianchi,M,59,Russia,Moscow,5:01:04
3839,Charlotte,Young,F,59,Australia,Sydney,3:12:48
3840,Abigail,Melo,F,20,Netherlands,Utrecht,3:35:43
3841,Isabella,Smirnov,F,43,Argentina,La Plata,4:48:02
3842,Oleg,Thomas,M,32,Turkey,Bursa,5:58:34
3843,Luis,Martin,M,34,South Korea,Daejeon,3:18:00
3844,Hugo,Wright,M,44,Spain,Valencia,4:40:04
3845,Benjamin,Ferrari,M,35,Argentina,Rosario,4:39:20
3846,Valentina,Johnson,F,68,Austria,Linz,2:47:25
3847,Emma,Johnson,F,36,Canada,Ottawa,5:44:59
3848,Alina,Davis,F,29,Singapore,Singapore,4:12:45
3849,Giulia,Lopez,F,41,India,Chennai,3:05:49
3850,William,Jones,M,22,Ukraine,Dnipro,2:35:14
3851,Alexander,Lewis,M,41,China,Chengdu,3:10:07
3852,Lucas,Ramirez,M,44,United States,Los Angeles,3:07:11
3853,Katarzyna,Petrov,F,65,India,Delhi,4:58:04
3854,Laura,Smith,F,47,Germany,Frankfurt,4:13:05
3855,Yuki,Martin,F,32,Ethiopia,Bahir Dar,4:22:53
3856,Piotr,Harris,M,64,Netherlands,Rotterdam,5:46:07
3857,Mateusz,Wilson,M,55,Austria,Linz,5:23:18
3858,Daria,Ramirez,F,61,Slovakia,Zilina,5:49:38
3859,Arthur,Nguyen,M,51,United Arab Emirates,Ras Al Khaimah,5:59:20
3860,Emily,Novak,F,44,Canada,Toronto,5:14:28
3861,Sunita,Nguyen,F,37,Brazil,Sao Paulo,4:51:57
3862,Ava,Ivanov,F,58,Italy,Bologna,3:42:49
3863,Michael,Williams,M,49,Finland,Helsinki,5:52:01
3864,Michael,Lee,M,21,Argentina,Rosario,4:22:53
3865,Kacper,Johnson,M,22,Mexico,Cancun,2:06:33
3866,Alexander,Smirnov,M,70,Slovakia,Presov,4:21:26
3867,John,Costa,M,25,Singapore,Singapore,5:52:12
3868,Julia,Wiśniewski,F,39,France,Marseille,2:10:42
3869,Hannah,Kaczmarek,F,59,Italy,Turin,4:00:40
3870,Benjamin,Ramirez,M,24,Germany,Frankfurt,2:45:08
3871,Harry,Kowalski,M,39,Ukraine,Dnipro,4:52:26
3872,Kacper,Ivanov,M,63,India,Chennai,5:28:11
3873,Michael,Johnson,M,47,United Arab Emirates,Ajman,4:39:41
3874,Julia,Williams,F,54,Israel,Tel Aviv,2:15:23
3875,Michael,Wiśniewski,M,33,Finland,Espoo,2:19:27
3876,James,Walker,M,32,India,Bangalore,5:02:48
3877,Alexander,Wright,M,22,South Africa,Pretoria,3:02:52
3878,Mia,Garcia,F,20,Poland,Krakow,2:07:50
3879,Anna,Popov,F,40,Denmark,Esbjerg,4:51:14
3880,Benjamin,Robinson,M,27,Spain,Bilbao,4:31:09
3881,Julia,Kowalczyk,F,22,Finland,Vantaa,4:22:39
3882,Anna,Thomas,F,40,Czech Republic,Prague,2:30:15
3883,Yuki,Walker,F,32,Brazil,Salvador,5:47:25
3884,Oliver,Lee,M,35,Canada,Montreal,4:21:32
3885,Daria,Scott,F,42,Germany,Munich,2:41:38
3886,María,Wilson,F,25,Sweden,Stockholm,2:20:01
3887,Sunita,Clark,F,48,Russia,Novosibirsk,3:43:23
3888,Charlotte,Smith,F,38,Kenya,Kisumu,5:42:17
3889,Evelyn,Nguyen,F,19,Netherlands,The Hague,4:14:15
3890,Noah,Gomes,M,39,Norway,Oslo,4:34:46
3891,Isabella,Lewis,F,25,Denmark,Odense,2:39:26
3892,Isabella,Allen,F,40,France,Marseille,4:51:51
3893,Camila,Robinson,F,49,Italy,Naples,4:27:42
3894,Mikhail,Smirnov,M,25,Spain,Valencia,2:47:18
3895,Ingrid,Harris,F,21,Romania,Iasi,3:10:07
3896,Hannah,Nowak,F,47,France,Paris,4:01:00
3897,Elijah,Taylor,M,36,Spain,Barcelona,4:55:46
3898,Maya,Davis,F,40,Portugal,Porto,2:48:16
3899,Megan,Young,F,35,Netherlands,The Hague,5:35:58
3900,Camila,Santos,F,70,Kenya,Nakuru,4:49:40
3901,Marco,Jackson,M,46,Turkey,Izmir,5:42:24
3902,Mateo,Williams,M,40,Kenya,Kisumu,3:00:21
3903,Alina,Murphy,F,50,Ukraine,Kharkiv,4:40:30
3904,Piotr,Ramirez,M,69,Kenya,Eldoret,4:13:40
3905,Amelia,Ivanov,F,64,India,Delhi,5:52:28
3906,Alexander,Romano,M,35,France,Lyon,2:48:41
3907,Isabella,Gonzalez,F,61,Ethiopia,Mekelle,5:07:00
3908,John,Young,M,50,Denmark,Aarhus,4:40:57
3909,Anna,Smith,F,24,Russia,Novosibirsk,4:46:40
3910,Jakub,Kaczmarek,M,68,South Korea,Daegu,5:54:09
3911,Santiago,Kaczmarek,M,45,Argentina,La Plata,3:09:01
3912,Jakub,Williams,M,18,Turkey,Izmir,3:20:58
3913,Oleg,Lopez,M,56,Netherlands,Amsterdam,5:37:48
3914,Chiara,Perez,F,51,Spain,Bilbao,3:26:58
3915,Maya,Silva,F,56,Poland,Krakow,4:30:15
3916,Michael,Anderson,M,36,China,Beijing,4:59:10
3917,María,Bianchi,F,48,Singapore,Singapore,3:17:19
3918,Lucas,Miller,M,30,Czech Republic,Olomouc,2:08:58
3919,Sofia,Rodriguez,F,41,Germany,Frankfurt,2:25:20
3920,Evelyn,Kowalczyk,F,22,Israel,Jerusalem,2:17:48
3921,Yuki,Torres,F,40,Mexico,Cancun,4:25:26
3922,Noah,Lewis,M,36,Japan,Sapporo,3:50:30
3923,Olivia,White,F,18,Ethiopia,Addis Ababa,5:07:32
3924,Pedro,Johnson,M,50,Germany,Munich,4:08:08
3925,Megan,Santos,F,67,Ukraine,Lviv,3:21:32
3926,Mateusz,Novak,M,50,Singapore,Singapore,4:46:51
3927,Hannah,Miller,F,49,Czech Republic,Prague,4:53:15
3928,Lucia,Walker,F,45,United States,Boston,4:58:46
3929,Ava,Moore,F,54,Italy,Rome,4:11:57
3930,Pedro,Scott,M,58,Switzerland,Lausanne,4:19:42
3931,Isabela,Jones,F,29,Austria,Vienna,4:11:19
3932,William,Garcia,M,26,Netherlands,The Hague,5:57:02
3933,Maria,Oliveira,F,67,Kenya,Mombasa,4:37:07
3934,Kacper,Walker,M,28,South Africa,Durban,4:42:40
3935,Luis,Allen,M,50,Sweden,Malmo,3:52:36
3936,Anna,Melo,F,36,Poland,Wroclaw,4:35:10
3937,Henry,Davis,M,59,United States,San Francisco,5:20:59
3938,Noah,Hernandez,M,51,Brazil,Salvador,3:13:37
3939,James,Torres,M,24,Hungary,Budapest,4:56:47
3940,Santiago,Petrov,M,48,Norway,Oslo,2:45:39
3941,Valentina,Lewis,F,69,Netherlands,Rotterdam,5:17:59
3942,Hannah,White,F,19,Germany,Hamburg,4:39:40
3943,Thomas,Taylor,M,36,South Korea,Daegu,4:51:59
3944,John,Jones,M,55,Portugal,Braga,3:46:26
3945,Santiago,Nguyen,M,49,Ethiopia,Mekelle,3:25:24
3946,Carlos,Davis,M,27,United Arab Emirates,Abu Dhabi,5:04:40
3947,Olga,Williams,F,58,Canada,Ottawa,5:05:07
3948,Chiara,Gonzalez,F,25,Canada,Calgary,4:52:45
3949,Alexander,Martin,M,43,Turkey,Antalya,5:33:19
3950,Henry,Kowalczyk,M,47,South Africa,Durban,4:51:05
3951,Luis,Smith,M,28,China,Shenzhen,4:24:51
3952,Magdalena,Brown,F,58,France,Lyon,5:46:14
3953,Isabella,Rossi,F,37,United Arab Emirates,Sharjah,4:24:29
3954,Liam,Davis,M,37,France,Paris,3:37:22
3955,Robert,Petrov,M,26,United States,Chicago,4:37:02
3956,Ekaterina,Nguyen,F,25,Hungary,Budapest,5:23:48
3957,Megan,Smith,F,32,Australia,Perth,2:38:56
3958,Oleg,Oliveira,M,51,Spain,Madrid,4:46:17
3959,Henry,Lee,M,41,Czech Republic,Brno,2:39:51
3960,Ivan,Costa,M,50,Singapore,Singapore,3:37:30
3961,Emily,Bianchi,F,58,South Africa,Johannesburg,3:16:03
3962,Hugo,Gonzalez,M,58,Denmark,Aarhus,3:52:10
3963,John,Walker,M,62,France,Lyon,2:44:44
3964,Emily,Wilson,F,57,South Africa,Durban,5:29:40
3965,Benjamin,Lopez,M,44,Ukraine,Kharkiv,5:39:33
3966,Julia,Scott,F,38,Italy,Bologna,4:53:27
3967,Daniel,Silva,M,22,United Kingdom,London,3:50:26
3968,William,Martinez,M,52,Russia,Moscow,4:21:47
3969,Evelyn,Silva,F,38,Poland,Wroclaw,4:12:43
3970,David,Martinez,M,21,China,Shanghai,5:56:31
3971,Isabella,Walker,F,66,Finland,Espoo,5:10:26
3972,Isabella,Jones,F,65,Slovakia,Zilina,4:35:28
3973,Jack,Hernandez,M,33,United Arab Emirates,Dubai,4:13:41
3974,Anna,Novak,F,48,Italy,Milan,2:40:57
3975,Carlos,Romano,M,43,Ethiopia,Gondar,4:47:48
3976,Magdalena,Anderson,F,69,South Africa,Port Elizabeth,2:10:05
3977,Alexander,Clark,M,52,France,Marseille,4:03:43
3978,Sophia,Wiśniewski,F,23,Hungary,Szeged,2:39:13
3979,Pedro,Williams,M,50,Australia,Perth,5:09:42
3980,Jan,Kaczmarek,M,38,Hungary,Miskolc,3:41:52
3981,Laura,Johnson,F,33,Israel,Haifa,3:00:44
3982,Valentina,Petrov,F,64,Denmark,Aalborg,3:19:16
3983,Mateusz,Sanchez,M,56,Russia,Kazan,2:25:08
3984,Marco,Murphy,M,51,Austria,Salzburg,2:35:58
3985,Chiara,Kowalczyk,F,59,Ethiopia,Mekelle,2:50:03
3986,Evelyn,Walker,F,32,Hungary,Szeged,2:37:51
3987,Arthur,Rossi,M,23,Italy,Bologna,5:48:31
3988,David,Oliveira,M,19,Finland,Oulu,2:23:33
3989,Carlos,Nowak,M,41,Slovakia,Nitra,2:21:23
3990,Sofia,Thomas,F,66,Russia,Yekaterinburg,5:50:57
3991,George,King,M,45,Ukraine,Kyiv,5:16:42
3992,Nikolai,Young,M,18,South Africa,Cape Town,5:28:13
3993,Isabella,Ramirez,F,18,Denmark,Esbjerg,5:07:43
3994,George,Johnson,M,45,Turkey,Izmir,5:14:04
3995,Carlos,Jones,M,53,United States,San Francisco,4:57:34
3996,Thomas,Garcia,M,37,Finland,Oulu,2:40:27
3997,Alexander,Kaczmarek,M,65,Romania,Constanta,3:05:39
3998,Oliver,White,M,25,Spain,Valencia,5:32:46
3999,Ekaterina,Sanchez,F,18,Singapore,Singapore,4:09:36
4000,Mikhail,Robinson,M,43,Israel,Tel Aviv,2:14:20
4001,Anna,Martin,F,68,Japan,Nagoya,3:55:52
4002,Hannah,Murphy,F,60,Romania,Bucharest,4:51:41
4003,Zuzanna,Melo,F,66,Poland,Gdansk,3:18:07
4004,Oleg,Silva,M,42,Israel,Haifa,2:53:52
4005,John,Allen,M,27,South Korea,Incheon,4:26:22
4006,Michael,Harris,M,29,Israel,Haifa,5:38:49
4007,Harry,Smirnov,M,58,Singapore,Singapore,2:36:49
4008,Thomas,Gomes,M,24,Finland,Tampere,4:05:30
4009,Yuki,Murphy,F,29,United States,Boston,5:39:41
4010,Jack,Rodriguez,M,64,South Africa,Johannesburg,2:28:48
4011,John,Perez,M,57,South Africa,Port Elizabeth,2:20:47
4012,James,Smirnov,M,34,Spain,Barcelona,5:03:39
4013,Olivia,Perez,F,22,India,Delhi,2:27:28
4014,Daniel,King,M,31,Australia,Adelaide,4:27:52
4015,Sunita,Novak,F,51,Sweden,Uppsala,4:49:56
4016,William,Taylor,M,65,Romania,Timisoara,2:10:09
4017,Ekaterina,Gomes,F,34,Russia,Saint Petersburg,3:01:54
4018,Ekaterina,Costa,F,52,Spain,Madrid,3:41:29
4019,Nikolai,Murphy,M,18,Austria,Innsbruck,4:46:30
4020,David,Anderson,M,67,Singapore,Singapore,5:09:46
4021,Jan,Gomes,M,67,Portugal,Coimbra,3:54:28
4022,Jan,Melo,M,53,Finland,Vantaa,5:49:13
4023,Anna,Torres,F,32,Hungary,Miskolc,4:32:32
4024,Valentina,Thompson,F,36,Brazil,Salvador,3:02:27
4025,Daria,Gonzalez,F,68,Mexico,Mexico City,2:42:53
4026,Anna,King,F,59,Argentina,La Plata,4:46:29
4027,Carlos,Moore,M,22,Poland,Poznan,4:56:04
4028,Alexander,Murphy,M,36,France,Lyon,5:18:48
4029,Isabela,Petrov,F,60,Denmark,Odense,2:40:42
4030,Lorenzo,Kaczmarek,M,56,Japan,Osaka,5:39:12
4031,Sunita,Oliveira,F,22,Israel,Nazareth,4:48:17
4032,Henry,Bianchi,M,69,Kenya,Nakuru,5:49:47
4033,Nikolai,Gonzalez,M,29,Canada,Montreal,3:23:59
4034,Magdalena,Kuznetsov,F,36,Portugal,Braga,4:45:23
4035,Daniel,Scott,M,64,Russia,Kazan,4:54:02
4036,Zuzanna,Wilson,F,29,Sweden,Gothenburg,5:26:54
4037,Sara,Nguyen,F,53,France,Bordeaux,2:12:38
4038,Megan,Lopez,F,29,Ukraine,Lviv,4:11:20
4039,Amelia,Popov,F,35,Turkey,Izmir,5:10:40
4040,Alina,Novak,F,66,United Arab Emirates,Dubai,2:10:37
4041,Anna,Wilson,F,68,Argentina,Mendoza,5:27:15
4042,George,Rossi,M,65,Turkey,Ankara,3:35:50
4043,Piotr,Lopez,M,60,Singapore,Singapore,4:08:00
4044,Olivia,White,F,51,France,Bordeaux,4:55:05
4045,Ivan,Sanchez,M,65,Romania,Cluj-Napoca,3:12:00
4046,John,Kuznetsov,M,50,Australia,Brisbane,4:27:16
4047,Mikhail,Gomes,M,66,Czech Republic,Prague,5:39:23
4048,Ingrid,Robinson,F,35,Denmark,Aarhus,5:55:58
4049,Hannah,Perez,F,46,India,Bangalore,3:39:03
4050,Alexander,Taylor,M,62,Netherlands,Rotterdam,2:20:42
4051,Yuki,Jones,F,22,Germany,Hamburg,2:10:45
4052,Maria,Davis,F,42,South Korea,Daegu,3:09:54
4053,Julia,Ferrari,F,41,Czech Republic,Ostrava,5:16:51
4054,Olga,Sanchez,F,46,South Korea,Incheon,5:23:07
4055,Olivia,Jones,F,55,Canada,Montreal,4:26:56
4056,Lorenzo,Bianchi,M,50,Austria,Linz,3:55:10
4057,Maria,Gomes,F,27,Ethiopia,Gondar,2:40:38
4058,Michael,Robinson,M,54,Japan,Nagoya,3:18:09
4059,Olga,Nguyen,F,50,India,Delhi,5:21:44
4060,Ekaterina,Allen,F,40,Turkey,Bursa,4:30:15
4061,Jack,Clark,M,28,Israel,Tel Aviv,4:15:26
4062,Lorenzo,Moore,M,41,Argentina,La Plata,4:15:16
4063,Sophia,Ramirez,F,41,Sweden,Vasteras,5:09:49
4064,Michael,Murphy,M,24,Australia,Adelaide,5:23:52
4065,Charlotte,Walker,F,67,South Korea,Seoul,2:09:18
4066,Pedro,Harris,M,38,Italy,Turin,2:23:30
4067,Jan,Davis,M,37,Finland,Espoo,4:07:05
4068,Evelyn,Lopez,F,70,China,Chengdu,5:55:05
4069,Amelia,White,F,27,Kenya,Nairobi,3:53:07
4070,Sophia,Williams,F,42,Spain,Seville,2:18:40
4071,William,Moore,M,64,Poland,Poznan,3:44:48
4072,Charlotte,Scott,F,53,Norway,Trondheim,5:08:00
4073,Hannah,Moore,F,65,Japan,Nagoya,3:38:55
4074,Evelyn,Rossi,F,64,Spain,Madrid,3:22:44
4075,Charlotte,Gomes,F,32,Hungary,Debrecen,4:03:13
4076,Isabela,Wilson,F,61,Slovakia,Kosice,3:21:44
4077,Oliver,Santos,M,57,China,Shanghai,2:31:03
4078,Jack,Brown,M,57,Sweden,Malmo,5:38:32
4079,Olivia,Davis,F,67,Kenya,Nakuru,3:50:43
4080,Piotr,Kowalski,M,23,Hungary,Pecs,4:41:39
4081,Ekaterina,Jackson,F,54,Japan,Nagoya,4:26:40
4082,Pedro,Thomas,M,19,China,Shanghai,2:35:39
4083,Chiara,Anderson,F,29,Poland,Gdansk,4:12:55
4084,Sunita,Murphy,F,21,France,Lyon,5:17:24
4085,Jack,Wiśniewski,M,40,Germany,Berlin,4:18:21
4086,Mikhail,Gomes,M,30,Spain,Seville,4:44:35
4087,Thomas,Thompson,M,34,Ethiopia,Gondar,2:43:26
4088,Anna,Martinez,F,48,Kenya,Mombasa,4:41:12
4089,Emma,Scott,F,33,South Korea,Incheon,5:02:44
4090,Harry,Lee,M,58,Denmark,Copenhagen,3:30:40
4091,Chiara,Hernandez,F,43,Ukraine,Kyiv,2:49:46
4092,Jakub,Wilson,M,45,Canada,Ottawa,5:10:59
4093,Daniel,Kowalski,M,18,Singapore,Singapore,5:46:39
4094,Emma,Hernandez,F,64,Hungary,Debrecen,5:35:37
4095,James,Torres,M,29,United States,Boston,2:21:00
4096,Arthur,Moore,M,54,Romania,Constanta,5:19:08
4097,Michael,Davis,M,67,Singapore,Singapore,4:28:49
4098,Benjamin,Thomas,M,37,Germany,Frankfurt,2:12:35
4099,Carlos,Anderson,M,19,Singapore,Singapore,3:57:47
4100,Ivan,Robinson,M,53,India,Mumbai,3:08:37
4101,Sunita,Hernandez,F,32,Mexico,Cancun,4:47:41
4102,Santiago,Melo,M,55,United States,Los Angeles,4:39:55
4103,Chiara,Moore,F,39,Sweden,Uppsala,5:54:23
4104,Benjamin,Smith,M,61,Germany,Frankfurt,4:48:30
4105,Ivan,Petrov,M,67,Russia,Novosibirsk,5:21:44
4106,Daria,Ramirez,F,49,Switzerland,Lausanne,2:30:12
4107,Maya,Costa,F,37,United Kingdom,Edinburgh,3:23:58
4108,George,Silva,M,53,Switzerland,Zurich,2:11:31
4109,Julia,Lewis,F,50,Switzerland,Zurich,2:48:41
4110,Giulia,Anderson,F,32,India,Chennai,3:47:56
4111,Charlotte,Silva,F,67,Hungary,Debrecen,4:36:52
4112,Mia,Clark,F,63,Israel,Haifa,3:40:19
4113,Marco,Lewis,M,20,China,Beijing,3:45:41
4114,Alexander,Kowalczyk,M,46,Sweden,Malmo,5:02:29
4115,Julia,Silva,F,64,Kenya,Eldoret,3:05:00
4116,Arthur,Wiśniewski,M,44,China,Shanghai,3:31:50
4117,Julia,Johnson,F,22,Portugal,Lisbon,3:20:08
4118,Daniel,Wiśniewski,M,48,Portugal,Lisbon,3:52:22
4119,Mikhail,Wilson,M,39,Romania,Cluj-Napoca,4:12:34
4120,Olivia,Ramirez,F,52,Spain,Barcelona,4:51:20
4121,Robert,Perez,M,24,Brazil,Brasilia,3:48:36
4122,Zuzanna,Johnson,F,23,Turkey,Izmir,4:16:25
4123,Olivia,Allen,F,43,Portugal,Porto,2:09:20
4124,Sunita,Harris,F,18,Australia,Sydney,3:58:53
4125,María,Murphy,F,36,Switzerland,Lausanne,4:55:05
4126,Giulia,White,F,24,Canada,Calgary,4:43:47
4127,Abigail,Kuznetsov,F,53,Brazil,Fortaleza,5:45:46
4128,Isabella,Murphy,F,29,Kenya,Kisumu,3:44:04
4129,Jakub,Hernandez,M,37,Singapore,Singapore,3:47:14
4130,Luis,Wilson,M,40,Spain,Madrid,3:59:35
4131,Hugo,Lee,M,42,Norway,Oslo,3:58:48
4132,Kacper,Sanchez,M,47,United States,Chicago,5:49:36
4133,Ekaterina,Thomas,F,46,India,Bangalore,2:10:34
4134,Alina,Santos,F,48,Ethiopia,Mekelle,4:12:49
4135,Chiara,Harris,F,35,Israel,Nazareth,2:51:19
4136,George,Oliveira,M,58,Turkey,Antalya,4:34:55
4137,Emily,Johnson,F,36,Finland,Oulu,4:07:08
4138,Jack,Thomas,M,21,Ukraine,Odesa,2:45:37
4139,Isabella,Lewis,F,18,France,Nice,2:51:47
4140,Emma,Harris,F,58,Japan,Osaka,5:45:59
4141,Jack,Thompson,M,32,Japan,Kyoto,3:31:30
4142,Mateusz,Harris,M,25,Slovakia,Nitra,4:37:12
4143,Noah,Young,M,32,Turkey,Izmir,2:57:43
4144,Isabela,Popov,F,32,Spain,Barcelona,4:36:34
4145,María,Melo,F,67,Israel,Jerusalem,5:18:44
4146,Isabela,Garcia,F,56,Austria,Innsbruck,4:09:48
4147,Pedro,Taylor,M,39,Turkey,Istanbul,4:42:40
4148,Kacper,Anderson,M,35,Russia,Saint Petersburg,2:05:23
4149,Ekaterina,White,F,33,Ethiopia,Bahir Dar,3:22:32
4150,Maria,Walker,F,19,Japan,Osaka,2:50:48
4151,Mateo,Hernandez,M,53,Mexico,Guadalajara,2:45:50
4152,Lucas,Silva,M,37,Germany,Berlin,4:44:48
4153,Maya,Nowak,F,33,Denmark,Esbjerg,4:19:55
4154,Robert,Murphy,M,20,Canada,Calgary,3:00:57
4155,Robert,Bianchi,M,47,Poland,Krakow,5:26:36
4156,Lorenzo,Silva,M,19,Mexico,Mexico City,4:19:55
4157,Ava,Harris,F,52,Austria,Graz,5:03:00
4158,Magdalena,Brown,F,43,Ukraine,Kyiv,4:19:43
4159,Chiara,Garcia,F,22,United Kingdom,Edinburgh,3:44:32
4160,Sofia,Garcia,F,19,Turkey,Izmir,5:22:38
4161,Sunita,Smirnov,F,68,Portugal,Braga,4:50:49
4162,Thomas,Brown,M,37,Netherlands,Eindhoven,5:44:29
4163,Maria,Garcia,F,51,United States,New York,4:20:55
4164,Robert,Gomes,M,51,Ukraine,Dnipro,4:02:49
4165,Maria,Lewis,F,37,Kenya,Nairobi,4:52:50
4166,Alexander,Jackson,M,67,United States,New York,3:33:58
4167,Alexander,Silva,M,42,Switzerland,Zurich,2:47:12
4168,Pedro,Moore,M,37,Spain,Madrid,5:20:06
4169,Santiago,Anderson,M,42,Russia,Moscow,3:33:57
4170,Carlos,Martin,M,70,United Kingdom,Edinburgh,3:07:53
4171,Mateo,King,M,31,Japan,Nagoya,4:56:10
4172,Isabella,Anderson,F,64,Poland,Wroclaw,3:52:45
4173,James,Kowalski,M,61,Turkey,Istanbul,5:51:01
4174,Sophia,Torres,F,60,South Africa,Port Elizabeth,3:22:41
4175,Camila,Jackson,F,60,United States,Chicago,2:39:17
4176,Olga,Walker,F,56,Hungary,Miskolc,2:16:17
4177,Isabela,Santos,F,29,Australia,Melbourne,5:43:58
4178,Sofia,Thomas,F,65,Turkey,Ankara,2:54:34
4179,Noah,Bianchi,M,22,South Africa,Cape Town,4:26:16
4180,Lorenzo,Murphy,M,19,France,Marseille,4:58:12
4181,William,Jones,M,33,Italy,Turin,3:39:08
4182,Charlotte,Moore,F,47,South Korea,Seoul,5:35:58
4183,Camila,Wright,F,64,India,Chennai,3:52:24
4184,Lucas,Kaczmarek,M,60,Kenya,Kisumu,2:35:40
4185,Giovanni,Scott,M,55,Romania,Constanta,2:36:18
4186,Magdalena,Popov,F,62,Mexico,Cancun,3:49:49
4187,Santiago,Martinez,M,68,Turkey,Ankara,4:48:22
4188,Hannah,Gomes,F,59,Singapore,Singapore,5:27:34
4189,Camila,Thomas,F,41,United Arab Emirates,Dubai,4:05:19
4190,Olivia,Lee,F,68,India,Chennai,5:32:08
4191,Sofia,Kaczmarek,F,47,Ukraine,Dnipro,5:14:11
4192,Ekaterina,Allen,F,54,Brazil,Sao Paulo,5:19:50
4193,Noah,Allen,M,70,Ethiopia,Gondar,4:57:03
4194,Isabella,Santos,F,56,Portugal,Lisbon,3:00:14
4195,Sophia,Sanchez,F,28,United States,New York,5:48:37
4196,Henry,Hernandez,M,31,Singapore,Singapore,5:56:55
4197,Elijah,Walker,M,40,Slovakia,Kosice,2:27:58
4198,Alexander,Silva,M,70,Norway,Tromso,5:12:49
4199,Henry,Thomas,M,33,Argentina,Cordoba,5:11:46
4200,Yuki,Romano,F,67,Australia,Brisbane,3:34:00
4201,Magdalena,Torres,F,38,Singapore,Singapore,5:26:24
4202,Mikhail,Robinson,M,21,Japan,Kyoto,5:48:18
4203,Ivan,Robinson,M,50,Brazil,Salvador,4:50:07
4204,Camila,Kuznetsov,F,64,Canada,Montreal,2:12:32
4205,Lucas,Kuznetsov,M,31,South Korea,Busan,4:27:13
4206,Ivan,Hernandez,M,36,France,Paris,2:11:32
4207,Yuki,Wiśniewski,F,22,Mexico,Cancun,3:36:11
4208,Ava,Jones,F,53,Czech Republic,Pilsen,2:26:09
4209,Jakub,Rodriguez,M,48,Slovakia,Kosice,4:20:37
4210,Liam,Jackson,M,62,Portugal,Faro,5:58:17
4211,Giovanni,King,M,35,South Korea,Incheon,2:55:50
4212,Olivia,Ivanov,F,61,China,Shanghai,4:06:20
4213,Laura,Scott,F,48,Spain,Madrid,5:29:11
4214,Daniel,Popov,M,47,Kenya,Nairobi,4:37:42
4215,Laura,Oliveira,F,38,Mexico,Mexico City,5:56:34
4216,Megan,Robinson,F,64,Mexico,Mexico City,4:58:17
4217,Robert,Thompson,M,47,Slovakia,Zilina,3:24:54
4218,George,Torres,M,58,Hungary,Miskolc,4:08:30
4219,Laura,Wiśniewski,F,21,Finland,Espoo,2:07:45
4220,Alexander,King,M,22,Israel,Tel Aviv,4:25:46
4221,Carlos,Hernandez,M,58,United Kingdom,Glasgow,4:26:33
4222,Isabella,Silva,F,62,Spain,Madrid,3:51:03
4223,Olivia,Rodriguez,F,27,Netherlands,Amsterdam,5:13:15
4224,Ava,Wilson,F,44,Kenya,Kisumu,4:19:39
4225,Isabella,Murphy,F,33,Czech Republic,Brno,3:28:50
4226,Magdalena,Romano,F,47,Brazil,Salvador,5:25:32
4227,Oleg,Davis,M,30,Singapore,Singapore,5:04:08
4228,Yuki,Santos,F,53,Norway,Trondheim,2:30:05
4229,Carlos,Harris,M,38,United Kingdom,Edinburgh,4:42:28
4230,Jakub,Martin,M,62,Sweden,Stockholm,5:45:40
4231,Magdalena,Johnson,F,70,Denmark,Copenhagen,4:59:14
4232,Zuzanna,Young,F,57,Finland,Espoo,4:08:29
4233,Lorenzo,Wiśniewski,M,62,Canada,Toronto,3:17:20
4234,Emma,Wilson,F,32,Italy,Naples,2:08:29
4235,Pedro,Kaczmarek,M,37,United Kingdom,Birmingham,3:08:13
4236,Alexander,Lewis,M,37,Ukraine,Odesa,3:20:21
4237,Harry,Rossi,M,62,Australia,Perth,2:55:47
4238,Evelyn,Nowak,F,22,Russia,Moscow,2:21:20
4239,Daria,Sanchez,F,49,Argentina,Buenos Aires,2:40:19
4240,Ivan,Martinez,M,23,United Arab Emirates,Dubai,3:07:25
4241,Emma,Santos,F,47,Russia,Moscow,2:07:57
4242,Lucas,Santos,M,43,Australia,Melbourne,2:30:46
4243,María,Taylor,F,54,Netherlands,Rotterdam,4:55:26
4244,Michael,Sanchez,M,30,Sweden,Malmo,4:26:30
4245,Giovanni,Kuznetsov,M,46,Czech Republic,Ostrava,5:04:19
4246,Sara,White,F,22,Czech Republic,Pilsen,3:04:26
4247,Hugo,Robinson,M,42,South Korea,Daejeon,5:28:51
4248,Henry,Clark,M,30,Turkey,Izmir,2:09:34
4249,Sophia,Thomas,F,41,India,Delhi,5:58:36
4250,Abigail,Santos,F,48,Denmark,Odense,2:54:55
4251,Benjamin,Jackson,M,37,Germany,Hamburg,5:59:42
4252,Mateusz,Brown,M,25,United States,Boston,2:05:52
4253,Kacper,Robinson,M,26,Romania,Bucharest,4:14:35
4254,Julia,Oliveira,F,38,Turkey,Bursa,4:45:15
4255,Pedro,Jones,M,68,Brazil,Salvador,5:53:45
4256,Yuki,Jackson,F,37,Argentina,Mendoza,2:32:07
4257,Katarzyna,Ferrari,F,32,Kenya,Kisumu,3:45:43
4258,David,Scott,M,43,India,Hyderabad,4:15:23
4259,John,Williams,M,59,Portugal,Faro,4:29:40
4260,John,Jones,M,28,Argentina,Mendoza,5:00:46
4261,Kacper,Perez,M,54,Sweden,Gothenburg,4:28:28
4262,Valentina,Martin,F,58,Brazil,Sao Paulo,5:04:08
4263,David,Hernandez,M,28,Norway,Bergen,4:36:52
4264,Liam,Miller,M,44,Czech Republic,Prague,2:30:53
4265,Abigail,Kowalczyk,F,47,Hungary,Debrecen,5:06:17
4266,Thomas,Moore,M,36,France,Paris,4:32:37
4267,Sophia,Johnson,F,51,South Africa,Pretoria,5:29:53
4268,David,Wilson,M,55,United States,San Francisco,2:46:09
4269,Megan,White,F,40,Denmark,Aalborg,2:29:34
4270,Emma,Lewis,F,70,Sweden,Vasteras,3:52:57
4271,Laura,Perez,F,18,Brazil,Salvador,5:54:19
4272,Sunita,Robinson,F,20,Slovakia,Kosice,2:10:37
4273,Kacper,Kowalski,M,20,Brazil,Fortaleza,4:01:31
4274,Jan,Jackson,M,45,Israel,Beer Sheva,5:14:11
4275,Magdalena,Brown,F,31,United States,Chicago,4:26:00
4276,Megan,Nguyen,F,69,Czech Republic,Olomouc,2:23:07
4277,Lucas,Oliveira,M,47,South Africa,Cape Town,2:26:33
4278,Marco,Wiśniewski,M,22,Kenya,Mombasa,4:32:28
4279,Michael,Ramirez,M,66,Sweden,Uppsala,5:53:08
4280,David,Williams,M,32,Denmark,Aalborg,3:44:24
4281,Thomas,Popov,M,55,Turkey,Istanbul,2:52:08
4282,Ingrid,Allen,F,31,Ethiopia,Mekelle,3:52:52
4283,William,Martinez,M,31,Switzerland,Lausanne,3:11:13
4284,Jakub,Perez,M,66,Denmark,Copenhagen,3:56:01
4285,María,Popov,F,25,France,Paris,5:57:24
4286,Ekaterina,Martinez,F,25,Slovakia,Presov,3:27:37
4287,Abigail,Wiśniewski,F,36,Singapore,Singapore,3:54:24
4288,Valentina,Garcia,F,49,Israel,Tel Aviv,2:27:16
4289,Arthur,Harris,M,48,Austria,Linz,5:00:48
4290,Ekaterina,Sanchez,F,46,United Kingdom,Glasgow,2:32:47
4291,Chiara,Williams,F,58,Australia,Adelaide,2:35:25
4292,Oliver,Martin,M,28,South Korea,Busan,5:28:42
4293,Olivia,Rodriguez,F,62,Switzerland,Basel,2:25:12
4294,Valentina,Clark,F,30,Japan,Sapporo,2:51:08
4295,Jack,Gonzalez,M,44,Israel,Nazareth,5:47:33
4296,Carlos,Bianchi,M,36,Brazil,Fortaleza,5:35:07
4297,Alexander,Ramirez,M,43,Portugal,Lisbon,5:12:30
4298,Thomas,Torres,M,70,Turkey,Bursa,3:41:16
4299,Alexander,Melo,M,68,Netherlands,Rotterdam,2:12:24
4300,Giulia,Smith,F,54,Romania,Iasi,4:44:49
4301,William,Hernandez,M,65,Italy,Naples,3:18:01
4302,Ava,Taylor,F,26,Czech Republic,Pilsen,4:58:30
4303,Emily,Rossi,F,45,South Korea,Busan,3:06:16
4304,Isabella,Anderson,F,49,Finland,Oulu,2:43:30
4305,Sara,Melo,F,69,Netherlands,Eindhoven,3:12:20
4306,Mateo,Gomes,M,20,South Africa,Cape Town,4:03:05
4307,Michael,Davis,M,68,Russia,Moscow,5:21:38
4308,Mia,Petrov,F,49,Italy,Milan,2:35:27
4309,Sara,Bianchi,F,22,Ethiopia,Dire Dawa,3:49:45
4310,Anna,Kowalski,F,25,Israel,Beer Sheva,2:58:39
4311,Mateusz,Silva,M,31,South Africa,Pretoria,3:37:39
4312,Emily,Taylor,F,20,Turkey,Ankara,3:57:51
4313,Jack,Scott,M,41,Spain,Madrid,3:23:08
4314,Olga,Oliveira,F,30,Spain,Seville,3:20:11
4315,Anna,Novak,F,60,Singapore,Singapore,2:39:32
4316,Jan,King,M,46,Slovakia,Kosice,3:57:50
4317,Abigail,Petrov,F,25,China,Shenzhen,5:31:21
4318,Harry,King,M,68,Finland,Tampere,3:50:28
4319,Mikhail,Bianchi,M,59,Romania,Bucharest,2:43:50
4320,Yuki,Kaczmarek,F,48,United Arab Emirates,Ras Al Khaimah,5:49:26
4321,Anna,Anderson,F,43,Germany,Munich,2:16:25
4322,Emma,Ramirez,F,35,France,Bordeaux,3:27:38
4323,Emily,Moore,F,35,United Arab Emirates,Ajman,2:16:24
4324,Piotr,Allen,M,24,Ukraine,Kharkiv,5:47:05
4325,Daria,Young,F,65,Israel,Jerusalem,5:10:29
4326,Laura,Brown,F,55,United States,New York,5:23:23
4327,Harry,Martin,M,65,Netherlands,Utrecht,4:27:12
4328,Maria,Miller,F,33,Kenya,Nakuru,5:39:51
4329,Alexander,Scott,M,50,Kenya,Eldoret,5:59:54
4330,Chiara,Silva,F,68,South Korea,Daegu,2:17:13
4331,Lucas,Oliveira,M,20,Austria,Vienna,2:29:56
4332,Ivan,Robinson,M,55,Austria,Innsbruck,5:26:25
4333,Alexander,Gomes,M,21,Ukraine,Kharkiv,5:10:46
4334,Charlotte,Smirnov,F,53,Austria,Graz,4:40:23
4335,Daniel,Allen,M,21,Canada,Toronto,3:35:50
4336,Mateusz,Clark,M,59,Japan,Nagoya,3:22:15
4337,Laura,Clark,F,26,China,Beijing,2:33:52
4338,Ingrid,Perez,F,57,Sweden,Stockholm,5:12:07
4339,Oleg,Garcia,M,68,Slovakia,Nitra,5:58:43
4340,Ivan,Hernandez,M,34,Turkey,Bursa,5:06:45
4341,Arthur,Walker,M,34,Hungary,Budapest,3:53:47
4342,William,Kaczmarek,M,50,Ukraine,Dnipro,3:57:05
4343,Zuzanna,Gomes,F,37,France,Bordeaux,3:50:03
4344,Sophia,Ramirez,F,31,Portugal,Lisbon,5:02:51
4345,Laura,Ferrari,F,39,Israel,Tel Aviv,4:18:51
4346,Pedro,Martinez,M,69,Hungary,Pecs,2:28:39
4347,Lucia,Walker,F,44,Slovakia,Zilina,4:54:41
4348,Emma,Perez,F,60,Brazil,Brasilia,3:23:30
4349,Magdalena,Davis,F,20,Mexico,Cancun,4:29:39
4350,Daria,Thomas,F,41,Romania,Constanta,5:25:11
4351,Olivia,Oliveira,F,47,Turkey,Ankara,5:50:00
4352,Olivia,Gomes,F,25,Ukraine,Kharkiv,2:29:01
4353,Luis,Nguyen,M,39,Ukraine,Odesa,2:44:50
4354,Giulia,Sanchez,F,42,Slovakia,Presov,2:28:04
4355,Isabela,Silva,F,27,Japan,Tokyo,2:40:56
4356,Anna,Jackson,F,66,Mexico,Guadalajara,5:43:56
4357,Ivan,Kowalski,M,46,South Korea,Daegu,3:18:16
4358,Sofia,Perez,F,57,Italy,Naples,2:28:11
4359,Sofia,Murphy,F,18,Israel,Nazareth,4:08:42
4360,Jan,Nguyen,M,69,Argentina,La Plata,3:35:35
4361,Jakub,Silva,M,38,Canada,Calgary,3:25:00
4362,Mia,Miller,F,56,Brazil,Salvador,2:57:22
4363,Mia,Garcia,F,41,Netherlands,The Hague,2:09:28
4364,Olivia,Martinez,F,26,Czech Republic,Pilsen,3:10:17
4365,Daniel,Ramirez,M,61,Argentina,Buenos Aires,4:46:56
4366,Olivia,Santos,F,43,Netherlands,Amsterdam,4:29:29
4367,James,Gomes,M,26,Australia,Melbourne,3:16:11
4368,Alexander,Brown,M,37,Spain,Madrid,2:08:58
4369,Liam,Walker,M,52,Turkey,Izmir,4:31:41
4370,Santiago,Williams,M,53,Kenya,Kisumu,4:01:42
4371,Henry,Jackson,M,59,United Arab Emirates,Sharjah,4:14:28
4372,Mateusz,Ivanov,M,53,Kenya,Eldoret,3:43:03
4373,Kacper,Petrov,M,26,Romania,Constanta,5:37:59
4374,Jack,Garcia,M,39,Sweden,Malmo,5:35:16
4375,Ava,Hernandez,F,18,Norway,Oslo,5:18:09
4376,Oleg,Perez,M,22,Poland,Warsaw,5:37:12
4377,Benjamin,Williams,M,26,South Korea,Busan,3:41:25
4378,Maya,Garcia,F,54,United States,Los Angeles,3:29:53
4379,Oliver,Kowalski,M,55,South Korea,Busan,3:52:18
4380,Olivia,Ferrari,F,36,India,Hyderabad,5:37:09
4381,Lorenzo,Rossi,M,25,Finland,Helsinki,5:43:02
4382,Mateo,Santos,M,59,Austria,Graz,4:52:03
4383,Laura,Ferrari,F,60,Australia,Adelaide,5:44:38
4384,Olivia,Miller,F,49,South Africa,Johannesburg,3:47:54
4385,Ekaterina,Nguyen,F,30,Romania,Cluj-Napoca,4:40:46
4386,Alina,Kowalski,F,37,United Arab Emirates,Dubai,4:50:43
4387,Megan,Jones,F,53,Netherlands,Utrecht,5:21:30
4388,Arthur,Jackson,M,60,Argentina,Cordoba,5:02:57
4389,Henry,Jones,M,61,Germany,Frankfurt,3:35:45
4390,Giovanni,Murphy,M,54,Ukraine,Lviv,3:00:38
4391,Alexander,Hernandez,M,47,Italy,Naples,2:43:53
4392,Isabella,Miller,F,27,Turkey,Istanbul,3:18:06
4393,Olivia,Murphy,F,48,Romania,Iasi,5:35:55
4394,Lucas,Smirnov,M,42,Finland,Helsinki,3:21:21
4395,Alina,Williams,F,46,Denmark,Esbjerg,3:56:38
4396,Laura,Silva,F,41,United States,New York,4:24:19
4397,Piotr,Petrov,M,56,Portugal,Faro,3:04:02
4398,Mateo,Smirnov,M,38,Portugal,Faro,5:28:21
4399,John,Bianchi,M,58,Mexico,Cancun,3:43:06
4400,Marco,Thompson,M,26,Turkey,Antalya,4:19:14
4401,David,Martin,M,59,Finland,Espoo,4:00:14
4402,Alina,Nowak,F,59,Norway,Stavanger,4:10:13
4403,Luis,Clark,M,19,Slovakia,Bratislava,4:22:49
4404,Ivan,Rossi,M,21,South Korea,Daejeon,5:09:50
4405,Daria,Petrov,F,25,United Kingdom,London,2:23:28
4406,Zuzanna,Wilson,F,49,United Kingdom,Glasgow,4:36:23
4407,Anna,Robinson,F,31,Finland,Vantaa,3:24:16
4408,Alexander,Kuznetsov,M,66,Argentina,La Plata,2:25:24
4409,Alexander,Williams,M,30,Russia,Novosibirsk,5:39:36
4410,Mia,Brown,F,38,Spain,Bilbao,4:10:28
4411,Harry,Oliveira,M,41,South Africa,Johannesburg,4:30:56
4412,Lucas,Martinez,M,67,Romania,Constanta,2:52:39
4413,Charlotte,Lewis,F,35,United Arab Emirates,Abu Dhabi,4:26:33
4414,Evelyn,Martinez,F,62,Brazil,Rio de Janeiro,5:34:41
4415,William,Jackson,M,57,Japan,Tokyo,4:23:20
4416,Piotr,Smirnov,M,43,Ukraine,Kharkiv,2:45:12
4417,Jan,Nguyen,M,49,Argentina,La Plata,2:49:07
4418,Ivan,Kuznetsov,M,61,Argentina,La Plata,5:06:57
4419,John,Ramirez,M,70,Germany,Hamburg,5:55:05
4420,Carlos,Davis,M,50,Ethiopia,Dire Dawa,3:00:38
4421,Thomas,Popov,M,69,France,Nice,4:57:12
4422,Maya,Martin,F,48,Poland,Wroclaw,3:41:44
4423,Giulia,Santos,F,35,Italy,Bologna,4:05:31
4424,Emily,Nowak,F,52,Brazil,Rio de Janeiro,3:20:23
4425,Oliver,White,M,29,Japan,Kyoto,5:40:25
4426,Mateo,Sanchez,M,68,Finland,Vantaa,3:08:33
4427,Lorenzo,Thompson,M,42,Brazil,Brasilia,5:31:32
4428,William,Brown,M,62,Norway,Trondheim,4:59:08
4429,Oliver,Romano,M,48,Spain,Seville,3:05:45
4430,Maria,Harris,F,27,France,Lyon,5:12:31
4431,Camila,Ferrari,F,64,France,Lyon,5:03:33
4432,Olivia,Robinson,F,69,Poland,Wroclaw,5:47:52
4433,Luis,Rossi,M,51,Poland,Poznan,3:01:57
4434,Zuzanna,Lewis,F,68,Sweden,Vasteras,2:05:11
4435,Henry,Ferrari,M,20,United Arab Emirates,Sharjah,3:55:09
4436,Jan,Kowalczyk,M,63,Finland,Oulu,5:40:36
4437,Pedro,Petrov,M,56,South Africa,Durban,5:15:58
4438,Zuzanna,Melo,F,25,Denmark,Esbjerg,2:57:25
4439,Ingrid,Costa,F,49,Australia,Melbourne,2:19:34
4440,Santiago,Smith,M,60,Canada,Vancouver,5:02:05
4441,Sofia,Taylor,F,46,Mexico,Guadalajara,4:06:43
4442,Lucia,Garcia,F,39,Sweden,Vasteras,2:19:43
4443,Michael,Oliveira,M,37,Norway,Trondheim,3:22:30
4444,Piotr,Martinez,M,23,Mexico,Monterrey,5:27:57
4445,Oliver,Oliveira,M,60,United Kingdom,Manchester,5:54:07
4446,Evelyn,Thomas,F,66,India,Mumbai,4:13:30
4447,David,Murphy,M,46,France,Bordeaux,3:58:17
4448,Olivia,Moore,F,59,India,Chennai,3:35:39
4449,Lorenzo,Popov,M,34,Norway,Trondheim,4:01:48
4450,Camila,Clark,F,48,Netherlands,Amsterdam,5:46:16
4451,Oliver,Kaczmarek,M,70,Japan,Kyoto,4:47:51
4452,Olivia,Novak,F,51,United States,San Francisco,5:24:23
4453,Magdalena,Kuznetsov,F,55,Ukraine,Kharkiv,4:27:24
4454,Anna,Bianchi,F,54,Kenya,Eldoret,4:21:02
4455,Sunita,White,F,21,Japan,Sapporo,4:46:38
4456,Piotr,Smith,M,19,China,Guangzhou,3:03:07
4457,Charlotte,Walker,F,29,South Africa,Port Elizabeth,5:09:03
4458,David,Gonzalez,M,52,France,Marseille,4:55:21
4459,Hugo,Martinez,M,23,Brazil,Salvador,4:52:18
4460,Anna,Ivanov,F,63,Ethiopia,Addis Ababa,4:10:37
4461,David,Moore,M,25,United States,San Francisco,2:44:50
4462,Megan,Sanchez,F,38,Spain,Madrid,3:12:10
4463,Megan,Nguyen,F,70,Russia,Moscow,4:09:52
4464,Arthur,Gomes,M,63,United States,Los Angeles,3:02:18
4465,Sunita,Gonzalez,F,52,Japan,Osaka,2:44:43
4466,Pedro,Kaczmarek,M,65,China,Beijing,3:01:07
4467,Oliver,Robinson,M,32,Canada,Toronto,3:47:47
4468,Harry,Scott,M,24,Mexico,Guadalajara,5:44:32
4469,Alina,Wright,F,32,Romania,Timisoara,2:29:25
4470,Sara,Williams,F,62,United Kingdom,Manchester,2:40:51
4471,Alina,Perez,F,23,Japan,Kyoto,3:03:03
4472,Emma,Clark,F,64,Netherlands,The Hague,2:14:33
4473,Harry,Novak,M,34,Canada,Vancouver,5:57:56
4474,William,Walker,M,21,Australia,Sydney,2:17:54
4475,Lucia,Gomes,F,39,Ukraine,Odesa,5:17:37
4476,Giovanni,Melo,M,49,Denmark,Aarhus,4:02:10
4477,George,Torres,M,39,Norway,Tromso,3:17:18
4478,Lucas,Gomes,M,44,Austria,Vienna,4:18:41
4479,Zuzanna,Romano,F,63,Japan,Kyoto,3:10:30
4480,Maya,Anderson,F,32,Poland,Wroclaw,5:06:12
4481,Marco,Taylor,M,61,Singapore,Singapore,3:27:40
4482,Oleg,Santos,M,68,Sweden,Vasteras,2:42:00
4483,Ava,Ferrari,F,39,Canada,Calgary,2:28:59
4484,Chiara,Petrov,F,45,Romania,Cluj-Napoca,3:49:06
4485,Harry,Taylor,M,59,Canada,Calgary,4:08:44
4486,Laura,Taylor,F,55,Argentina,Mendoza,4:33:25
4487,Liam,King,M,26,Netherlands,Rotterdam,3:56:40
4488,Lucas,Williams,M,51,Sweden,Vasteras,4:31:07
4489,Chiara,Ferrari,F,53,Turkey,Izmir,3:50:39
4490,María,Thomas,F,26,Sweden,Stockholm,3:29:44
4491,Luis,Smith,M,32,South Korea,Daegu,3:36:50
4492,Isabela,Brown,F,62,Ethiopia,Mekelle,5:11:13
4493,Isabella,Bianchi,F,37,Brazil,Salvador,2:06:09
4494,Ekaterina,Wright,F,25,Denmark,Odense,5:24:16
4495,Hannah,Clark,F,45,Sweden,Vasteras,5:43:50
4496,Emma,Allen,F,68,United States,New York,5:01:08
4497,Oleg,Kaczmarek,M,36,Brazil,Sao Paulo,4:58:17
4498,George,Petrov,M,33,Romania,Timisoara,4:36:49
4499,Elijah,Young,M,28,Kenya,Mombasa,5:07:17
4500,Harry,Wilson,M,59,South Africa,Port Elizabeth,4:33:54
4501,Hannah,Petrov,F,25,South Korea,Daegu,3:57:08
4502,Olga,Jackson,F,50,Russia,Saint Petersburg,3:14:10
4503,Lucas,Silva,M,27,Poland,Gdansk,2:47:13
4504,Ivan,Gomes,M,35,France,Bordeaux,4:08:30
4505,Jakub,Scott,M,52,Italy,Bologna,4:52:09
4506,Piotr,Lopez,M,60,Denmark,Esbjerg,4:44:28
4507,Hannah,Nowak,F,67,Slovakia,Kosice,4:28:21
4508,Lorenzo,Smith,M,20,Portugal,Porto,2:55:07
4509,Isabela,Garcia,F,57,China,Shenzhen,4:20:43
4510,Anna,Nowak,F,44,Kenya,Nakuru,5:10:44
4511,Ivan,Walker,M,45,Norway,Bergen,3:59:30
4512,Noah,Miller,M,63,Israel,Tel Aviv,3:30:34
4513,Henry,Gomes,M,23,Portugal,Porto,3:15:42
4514,Maria,Hernandez,F,64,Czech Republic,Brno,3:38:29
4515,Alina,Petrov,F,31,Poland,Poznan,4:49:31
4516,Alexander,Clark,M,24,India,Delhi,5:47:16
4517,Sofia,Santos,F,27,Norway,Stavanger,4:14:38
4518,Isabela,Wilson,F,32,Italy,Rome,4:50:06
4519,Mateo,White,M,48,Ethiopia,Mekelle,2:24:57
4520,Benjamin,Wiśniewski,M,46,Ukraine,Odesa,5:59:46
4521,Alina,Martin,F,59,Denmark,Esbjerg,2:43:57
4522,Hannah,Smirnov,F,34,Mexico,Monterrey,4:19:46
4523,Olga,Novak,F,68,Japan,Osaka,5:15:08
4524,Isabella,Jones,F,46,Singapore,Singapore,5:10:48
4525,Abigail,Costa,F,66,Germany,Cologne,2:58:13
4526,Lucas,Silva,M,61,Germany,Hamburg,4:21:58
4527,Olivia,Thomas,F,32,Russia,Moscow,5:13:49
4528,Isabella,Kaczmarek,F,43,Romania,Timisoara,3:32:00
4529,Ekaterina,Lopez,F,29,Hungary,Miskolc,2:54:33
4530,Lucas,Wiśniewski,M,42,Japan,Osaka,3:53:51
4531,Marco,Perez,M,58,Slovakia,Bratislava,2:57:45
4532,Lucas,Allen,M,22,Ukraine,Lviv,2:23:10
4533,Daniel,Robinson,M,21,Norway,Trondheim,4:25:41
4534,David,Davis,M,61,Mexico,Cancun,2:07:21
4535,Emily,Petrov,F,65,Germany,Berlin,2:09:26
4536,Sunita,Moore,F,58,Australia,Adelaide,4:13:39
4537,James,Thompson,M,48,Finland,Tampere,3:16:50
4538,Mia,Thompson,F,20,India,Hyderabad,4:29:40
4539,Santiago,Harris,M,70,United States,San Francisco,4:29:47
4540,Lorenzo,Wright,M,20,Canada,Calgary,2:12:59
4541,Alexander,Popov,M,43,Slovakia,Presov,2:49:50
4542,Emma,Melo,F,67,Poland,Warsaw,5:29:48
4543,Arthur,Bianchi,M,34,Sweden,Malmo,5:12:52
4544,James,Jones,M,27,Hungary,Pecs,3:44:59
4545,Mateo,Martinez,M,19,United Kingdom,Manchester,3:27:16
4546,Anna,Hernandez,F,41,Netherlands,Rotterdam,2:45:27
4547,Robert,Ferrari,M,28,India,Chennai,4:35:35
4548,Hannah,Gonzalez,F,41,Switzerland,Zurich,4:19:24
4549,Emily,Gomes,F,52,United Kingdom,Glasgow,2:58:35
4550,Katarzyna,Johnson,F,40,South Korea,Busan,3:44:41
4551,Anna,Silva,F,49,Kenya,Nakuru,3:10:11
4552,Jakub,Rossi,M,40,Poland,Poznan,3:12:57
4553,Pedro,Miller,M,51,Germany,Cologne,2:44:09
4554,Isabella,Kaczmarek,F,58,Germany,Frankfurt,2:15:49
4555,Luis,Wilson,M,36,Germany,Berlin,3:37:16
4556,Sofia,Gonzalez,F,19,Austria,Graz,4:53:05
4557,Sunita,Novak,F,68,Ukraine,Lviv,2:52:36
4558,Emily,Kaczmarek,F,19,Australia,Melbourne,5:15:42
4559,Maya,Kowalczyk,F,32,France,Marseille,5:51:29
4560,Isabella,Kowalczyk,F,38,Norway,Trondheim,5:01:18
4561,Chiara,Romano,F,52,United Arab Emirates,Sharjah,3:37:58
4562,Michael,Scott,M,22,Italy,Naples,2:33:45
4563,Sara,Harris,F,60,Finland,Espoo,4:20:16
4564,Jan,Nowak,M,44,Netherlands,Eindhoven,2:27:34
4565,Mateusz,Gonzalez,M,41,India,Chennai,2:26:33
4566,Ava,Williams,F,24,United Arab Emirates,Ajman,5:12:18
4567,Marco,Gonzalez,M,23,Kenya,Eldoret,2:59:18
4568,Liam,Torres,M,63,Japan,Tokyo,2:50:13
4569,Kacper,Johnson,M,50,Ethiopia,Addis Ababa,5:49:43
4570,Magdalena,Nowak,F,66,Turkey,Izmir,4:28:15
4571,Anna,Clark,F,34,Ethiopia,Mekelle,5:54:39
4572,Olivia,Lee,F,63,Hungary,Debrecen,5:27:44
4573,Giovanni,Garcia,M,59,Turkey,Antalya,3:12:12
4574,Evelyn,Romano,F,47,Czech Republic,Olomouc,2:30:46
4575,Charlotte,Murphy,F,25,United Kingdom,Manchester,2:48:26
4576,Robert,Scott,M,57,Switzerland,Zurich,2:52:05
4577,Lucas,Nguyen,M,63,Austria,Graz,4:52:24
4578,Henry,Walker,M,24,China,Guangzhou,3:15:06
4579,Olivia,Scott,F,23,Norway,Oslo,4:35:04
4580,Olga,Popov,F,21,South Korea,Daegu,3:01:14
4581,Anna,Davis,F,18,Hungary,Szeged,4:37:01
4582,Arthur,Bianchi,M,32,France,Bordeaux,5:44:33
4583,Ava,Rossi,F,48,Finland,Tampere,5:44:56
4584,Zuzanna,Thomas,F,42,Spain,Madrid,5:29:27
4585,Daria,Wright,F,64,United States,San Francisco,4:12:20
4586,Isabela,Jackson,F,50,Denmark,Odense,4:00:34
4587,Oliver,Silva,M,69,South Africa,Port Elizabeth,3:46:18
4588,Benjamin,Brown,M,52,Poland,Poznan,3:00:23
4589,Daria,Petrov,F,22,Spain,Seville,4:24:26
4590,Evelyn,Smirnov,F,22,Canada,Ottawa,4:03:25
4591,Maria,Ferrari,F,53,India,Delhi,2:27:43
4592,Jakub,Martinez,M,34,Denmark,Odense,5:09:47
4593,Ekaterina,Perez,F,70,Australia,Melbourne,4:38:49
4594,Carlos,Jones,M,69,Hungary,Szeged,4:09:49
4595,Robert,White,M,31,Germany,Cologne,4:17:31
4596,Isabella,Young,F,46,Kenya,Nairobi,2:55:11
4597,Daria,Kowalczyk,F,25,Netherlands,Amsterdam,2:39:50
4598,Oleg,Clark,M,51,Hungary,Debrecen,4:29:12
4599,Noah,Johnson,M,57,Turkey,Antalya,5:07:24
4600,Nikolai,Lee,M,18,Canada,Calgary,2:07:28
4601,Santiago,Kuznetsov,M,46,Singapore,Singapore,3:18:53
4602,Mia,Costa,F,53,Mexico,Mexico City,3:29:58
4603,Evelyn,Gomes,F,68,Italy,Milan,2:23:53
4604,Robert,Murphy,M,54,Brazil,Rio de Janeiro,2:10:53
4605,Yuki,Silva,F,46,Denmark,Aalborg,4:39:59
4606,Charlotte,White,F,22,Germany,Berlin,5:04:54
4607,Amelia,Miller,F,70,Finland,Espoo,2:40:13
4608,Alexander,Kaczmarek,M,49,Portugal,Braga,4:10:55
4609,Anna,Lee,F,69,Netherlands,Utrecht,5:29:46
4610,Lucas,Lopez,M,41,Ethiopia,Addis Ababa,3:45:10
4611,Jack,Wilson,M,36,Switzerland,Geneva,3:06:25
4612,Harry,Bianchi,M,29,Netherlands,Amsterdam,2:58:26
4613,James,Anderson,M,69,India,Hyderabad,2:23:29
4614,Elijah,Moore,M,18,United Arab Emirates,Sharjah,5:31:11
4615,Oleg,Romano,M,24,Austria,Vienna,4:54:29
4616,Thomas,Wiśniewski,M,34,Netherlands,Amsterdam,4:25:18
4617,Hannah,Melo,F,51,Czech Republic,Prague,5:10:31
4618,Mia,Bianchi,F,60,Romania,Bucharest,4:38:24
4619,Thomas,Gomes,M,24,Poland,Krakow,5:30:07
4620,Ingrid,Costa,F,34,India,Bangalore,2:56:46
4621,Hannah,Martin,F,20,India,Chennai,3:10:36
4622,Olga,Petrov,F,46,Kenya,Nairobi,5:08:14
4623,Oleg,Miller,M,39,Canada,Calgary,4:45:58
4624,Laura,Wiśniewski,F,55,Switzerland,Geneva,5:11:20
4625,Ava,Martin,F,60,Czech Republic,Ostrava,4:26:01
4626,Lucia,Garcia,F,46,Ukraine,Kharkiv,3:08:26
4627,Piotr,Moore,M,67,Germany,Frankfurt,3:54:09
4628,Sophia,Rodriguez,F,67,Ethiopia,Mekelle,4:47:03
4629,Isabella,Miller,F,59,Israel,Beer Sheva,4:26:35
4630,Maya,Smith,F,22,Czech Republic,Pilsen,5:51:36
4631,Benjamin,Santos,M,47,Romania,Timisoara,5:43:17
4632,John,Williams,M,40,India,Delhi,3:30:48
4633,Emily,Bianchi,F,38,Netherlands,Utrecht,2:37:12
4634,Magdalena,Sanchez,F,43,United Kingdom,London,2:39:00
4635,Daniel,Miller,M,64,Australia,Adelaide,4:17:14
4636,Maria,Hernandez,F,38,Spain,Madrid,5:44:56
4637,Harry,Scott,M,37,United Arab Emirates,Ras Al Khaimah,5:28:33
4638,Anna,Garcia,F,40,China,Beijing,4:23:53
4639,Anna,Hernandez,F,21,Singapore,Singapore,3:58:09
4640,Camila,Nowak,F,38,Norway,Oslo,3:41:15
4641,Ingrid,Smirnov,F,38,Brazil,Brasilia,4:35:00
4642,Benjamin,Novak,M,18,Poland,Poznan,2:20:47
4643,Emma,Walker,F,32,Slovakia,Bratislava,5:27:23
4644,Hugo,Popov,M,34,Japan,Kyoto,5:18:24
4645,Evelyn,Hernandez,F,68,United Kingdom,Birmingham,4:59:44
4646,Isabella,Thomas,F,31,Singapore,Singapore,2:17:45
4647,Lucia,Smith,F,36,Russia,Kazan,5:10:15
4648,Robert,Oliveira,M,67,South Korea,Daegu,4:04:32
4649,Ekaterina,Torres,F,51,Romania,Iasi,3:28:35
4650,Lorenzo,Young,M,23,Mexico,Puebla,4:37:10
4651,Thomas,Thomas,M,62,Slovakia,Bratislava,2:46:36
4652,Sophia,Ramirez,F,66,Sweden,Uppsala,3:04:22
4653,Hugo,Kowalski,M,23,Brazil,Rio de Janeiro,2:26:02
4654,Julia,Gonzalez,F,70,Netherlands,Eindhoven,3:51:33
4655,Robert,Jackson,M,22,Ukraine,Lviv,3:29:10
4656,Kacper,Rodriguez,M,24,Turkey,Ankara,3:35:10
4657,Laura,Nguyen,F,50,Norway,Stavanger,2:14:02
4658,Lucia,Melo,F,30,Israel,Nazareth,5:06:11
4659,Harry,Jackson,M,68,South Africa,Durban,5:48:10
4660,Ekaterina,Thomas,F,18,Spain,Barcelona,5:10:46
4661,Sunita,Silva,F,30,Czech Republic,Ostrava,3:56:04
4662,Amelia,Kuznetsov,F,60,Portugal,Coimbra,4:13:43
4663,Carlos,Taylor,M,44,Ukraine,Kyiv,5:10:23
4664,Yuki,Young,F,24,Norway,Tromso,2:51:21
4665,Olivia,Davis,F,69,Ukraine,Dnipro,5:32:11
4666,Laura,Nguyen,F,20,South Africa,Johannesburg,5:11:23
4667,Lorenzo,Kowalczyk,M,42,Israel,Tel Aviv,2:48:32
4668,Maria,Smirnov,F,50,Norway,Oslo,5:22:20
4669,Evelyn,Torres,F,57,Australia,Sydney,2:24:59
4670,Camila,Ferrari,F,34,Argentina,La Plata,4:56:49
4671,Harry,Davis,M,62,Czech Republic,Olomouc,5:06:12
4672,Anna,Rodriguez,F,31,Brazil,Salvador,4:02:12
4673,Ava,Anderson,F,54,Russia,Yekaterinburg,5:09:00
4674,Ivan,Kowalczyk,M,40,Ukraine,Dnipro,3:50:23
4675,Oliver,Popov,M,41,Czech Republic,Prague,3:23:08
4676,Isabella,Ivanov,F,46,United Arab Emirates,Sharjah,5:39:14
4677,Luis,Rodriguez,M,55,Canada,Vancouver,3:24:46
4678,Giulia,Moore,F,44,Czech Republic,Ostrava,3:06:21
4679,Amelia,Torres,F,55,Japan,Osaka,3:32:09
4680,Olivia,Nowak,F,70,Germany,Frankfurt,3:03:15
4681,Hugo,Kuznetsov,M,57,France,Bordeaux,4:32:36
4682,Lucas,Romano,M,62,Austria,Salzburg,3:46:18
4683,Olivia,Clark,F,67,France,Lyon,5:36:33
4684,Benjamin,Perez,M,40,Germany,Munich,5:46:13
4685,Giulia,Lewis,F,48,Kenya,Mombasa,2:57:42
4686,Alexander,Martinez,M,53,India,Chennai,5:17:37
4687,Lucas,Costa,M,34,Netherlands,The Hague,2:28:36
4688,Mateusz,Lee,M,54,Switzerland,Geneva,2:56:48
4689,Lucia,Harris,F,20,Turkey,Istanbul,4:30:08
4690,Megan,Ivanov,F,53,Hungary,Debrecen,4:35:41
4691,Mikhail,Lewis,M,22,Turkey,Antalya,4:15:29
4692,Lorenzo,Silva,M,63,South Korea,Seoul,4:53:13
4693,Alexander,Wilson,M,32,Italy,Bologna,2:20:07
4694,Julia,Thompson,F,69,United States,Los Angeles,4:26:47
4695,Lorenzo,Costa,M,66,Spain,Bilbao,5:15:35
4696,Anna,Young,F,23,Austria,Vienna,4:11:13
4697,Olivia,Moore,F,27,Australia,Brisbane,5:51:13
4698,Isabela,Brown,F,49,Australia,Sydney,4:46:39
4699,Alexander,Smith,M,40,Sweden,Malmo,5:30:14
4700,Isabela,Robinson,F,65,South Africa,Cape Town,4:46:50
4701,Mateo,Brown,M,34,Sweden,Gothenburg,5:30:42
4702,Elijah,Kowalczyk,M,63,Brazil,Fortaleza,2:37:14
4703,Sara,King,F,37,Finland,Vantaa,3:44:11
4704,Alina,Wilson,F,61,Australia,Brisbane,3:17:24
4705,Carlos,Davis,M,58,Austria,Graz,4:08:46
4706,Nikolai,Martinez,M,32,Russia,Saint Petersburg,4:51:33
4707,Alina,Moore,F,61,Japan,Osaka,3:50:34
4708,Santiago,Ramirez,M,63,Japan,Tokyo,2:48:42
4709,Olivia,Walker,F,39,Ukraine,Odesa,4:35:48
4710,Megan,Jones,F,67,Israel,Nazareth,3:37:45
4711,Harry,Robinson,M,69,Norway,Oslo,4:52:48
4712,Kacper,Martin,M,23,United States,Boston,2:30:25
4713,Lucas,Lewis,M,21,Poland,Gdansk,2:28:36
4714,Valentina,Smirnov,F,40,South Africa,Pretoria,5:19:31
4715,Ekaterina,Romano,F,61,Hungary,Miskolc,5:26:03
4716,John,Harris,M,62,Slovakia,Presov,2:34:54
4717,Ekaterina,Hernandez,F,36,Argentina,La Plata,5:12:37
4718,Emily,Anderson,F,62,Spain,Valencia,2:50:20
4719,Marco,Santos,M,48,Denmark,Esbjerg,3:58:46
4720,Evelyn,Johnson,F,61,Mexico,Guadalajara,5:31:36
4721,Ivan,Nowak,M,69,Ethiopia,Dire Dawa,3:58:15
4722,Michael,Harris,M,20,Romania,Constanta,3:06:16
4723,Lucas,Scott,M,45,Czech Republic,Ostrava,3:29:36
4724,David,Nowak,M,20,United Arab Emirates,Sharjah,3:51:09
4725,Alexander,Davis,M,31,Finland,Vantaa,4:27:24
4726,Mikhail,Popov,M,35,France,Lyon,5:15:23
4727,Magdalena,King,F,44,Slovakia,Bratislava,4:45:19
4728,Maria,Smirnov,F,68,United Kingdom,Birmingham,3:42:06
4729,Charlotte,Moore,F,27,Canada,Vancouver,2:41:32
4730,Robert,Bianchi,M,66,Canada,Vancouver,4:51:09
4731,Oleg,Kowalczyk,M,32,Singapore,Singapore,3:03:56
4732,Luis,Johnson,M,36,Brazil,Brasilia,4:06:39
4733,Isabella,Torres,F,26,Mexico,Monterrey,4:40:08
4734,Charlotte,Thomas,F,21,Australia,Melbourne,2:43:40
4735,Nikolai,Taylor,M,32,Mexico,Monterrey,4:16:11
4736,Ivan,Wiśniewski,M,68,Slovakia,Nitra,2:13:53
4737,Olga,Silva,F,65,China,Guangzhou,4:41:49
4738,Arthur,Torres,M,25,Germany,Frankfurt,5:11:20
4739,Robert,Melo,M,66,Kenya,Kisumu,4:58:40
4740,Camila,Novak,F,70,Singapore,Singapore,3:34:11
4741,Olivia,King,F,18,Germany,Frankfurt,2:37:59
4742,Liam,Martinez,M,24,Switzerland,Bern,2:39:36
4743,Noah,Lee,M,70,South Africa,Cape Town,4:30:23
4744,Olga,Clark,F,48,South Africa,Johannesburg,5:12:48
4745,Jack,Perez,M,35,United Kingdom,Glasgow,4:53:56
4746,Liam,Walker,M,29,Brazil,Sao Paulo,3:15:35
4747,Lorenzo,Lopez,M,65,South Korea,Incheon,5:13:11
4748,Benjamin,Popov,M,47,Russia,Saint Petersburg,3:49:01
4749,Oleg,Popov,M,50,Norway,Tromso,5:34:09
4750,Isabela,Taylor,F,64,Russia,Saint Petersburg,5:25:21
4751,Mikhail,Nguyen,M,24,Ethiopia,Gondar,3:13:34
4752,Lorenzo,Novak,M,45,Spain,Madrid,2:48:04
4753,Laura,Petrov,F,66,Sweden,Stockholm,4:47:20
4754,Yuki,Torres,F,20,South Korea,Seoul,2:29:48
4755,Ingrid,Thompson,F,60,Slovakia,Zilina,3:05:59
4756,Charlotte,Harris,F,23,Hungary,Budapest,3:51:42
4757,John,Kowalski,M,48,Switzerland,Bern,5:46:59
4758,Valentina,Oliveira,F,55,Ukraine,Dnipro,4:19:07
4759,Ivan,Lee,M,32,Hungary,Miskolc,2:08:47
4760,Ava,Silva,F,24,Denmark,Esbjerg,3:19:31
4761,Piotr,Thompson,M,60,Romania,Cluj-Napoca,3:32:22
4762,Emily,Wiśniewski,F,47,Argentina,Buenos Aires,5:48:21
4763,Anna,Wright,F,44,Sweden,Vasteras,4:12:03
4764,Piotr,Young,M,34,France,Marseille,5:42:03
4765,Chiara,Ramirez,F,35,India,Chennai,3:17:32
4766,Olga,Johnson,F,39,Japan,Sapporo,3:27:08
4767,Isabella,Miller,F,70,Finland,Vantaa,5:59:54
4768,Jack,Santos,M,43,Spain,Barcelona,4:06:55
4769,Evelyn,Anderson,F,68,Japan,Kyoto,5:41:28
4770,Carlos,Costa,M,44,Portugal,Faro,5:44:58
4771,Oliver,Wilson,M,57,Argentina,Cordoba,2:16:38
4772,Giovanni,Clark,M,41,Argentina,La Plata,2:12:17
4773,Daniel,Kowalczyk,M,69,Canada,Montreal,3:41:59
4774,Isabella,Miller,F,25,South Korea,Busan,3:48:00
4775,Thomas,Lewis,M,38,Portugal,Faro,4:49:36
4776,Evelyn,Anderson,F,46,Spain,Bilbao,2:40:53
4777,Hugo,Wilson,M,60,Switzerland,Bern,5:40:02
4778,Mateusz,Miller,M,38,Hungary,Budapest,3:45:38
4779,Oliver,Taylor,M,20,Portugal,Faro,3:45:08
4780,Liam,Melo,M,48,Czech Republic,Ostrava,3:51:15
4781,Harry,Clark,M,44,United States,San Francisco,5:10:06
4782,Lucas,Moore,M,63,Canada,Toronto,5:15:09
4783,Maya,Oliveira,F,44,Denmark,Aarhus,3:30:36
4784,Marco,Santos,M,26,Finland,Oulu,3:32:58
4785,Hugo,Garcia,M,50,Mexico,Guadalajara,2:20:59
4786,Piotr,Gomes,M,50,Canada,Calgary,4:52:11
4787,Anna,Kowalski,F,43,India,Mumbai,5:51:33
4788,Amelia,Garcia,F,45,Spain,Seville,4:26:09
4789,Alexander,Rossi,M,61,Mexico,Guadalajara,3:15:20
4790,George,Wright,M,60,Norway,Bergen,3:07:36
4791,Ivan,Williams,M,48,Turkey,Antalya,4:11:27
4792,Emily,Smirnov,F,70,Italy,Bologna,4:43:55
4793,Mikhail,Wright,M,18,China,Shanghai,3:24:30
4794,Mateo,Petrov,M,37,Finland,Vantaa,4:33:26
4795,Liam,Gomes,M,29,China,Shenzhen,4:46:37
4796,Michael,Ferrari,M,34,United Arab Emirates,Dubai,3:10:21
4797,Hugo,Rossi,M,32,Romania,Cluj-Napoca,2:50:14
4798,Lucia,Oliveira,F,51,Germany,Frankfurt,2:27:27
4799,Piotr,Miller,M,67,United States,Boston,3:28:28
4800,Mia,Allen,F,33,Slovakia,Bratislava,3:46:25
4801,Harry,Anderson,M,21,United States,Chicago,4:21:09
4802,Jack,Moore,M,25,Spain,Valencia,5:02:14
4803,Olivia,Ramirez,F,51,Netherlands,Rotterdam,3:26:08
4804,Kacper,Gomes,M,63,Russia,Moscow,3:11:00
4805,Katarzyna,Wiśniewski,F,42,Kenya,Mombasa,5:47:48
4806,María,Scott,F,32,South Korea,Daejeon,4:50:44
4807,Mateo,Johnson,M,45,Brazil,Brasilia,2:46:45
4808,Charlotte,Novak,F,26,Sweden,Uppsala,3:29:56
4809,Jack,Johnson,M,19,China,Guangzhou,4:07:55
4810,Ekaterina,Gonzalez,F,34,Canada,Ottawa,2:33:57
4811,Santiago,Ferrari,M,27,United Arab Emirates,Dubai,5:31:01
4812,Sofia,Anderson,F,26,Norway,Oslo,2:23:28
4813,Oliver,Popov,M,48,Singapore,Singapore,2:49:39
4814,Camila,Gonzalez,F,19,Romania,Bucharest,2:22:17
4815,Giulia,Gonzalez,F,41,Australia,Adelaide,3:41:00
4816,Evelyn,Jackson,F,36,Spain,Valencia,4:36:43
4817,Sara,Brown,F,34,South Korea,Incheon,5:43:01
4818,María,Anderson,F,60,Austria,Linz,2:39:56
4819,Sunita,Rodriguez,F,66,Norway,Tromso,5:11:45
4820,Oliver,Davis,M,27,Japan,Sapporo,2:10:58
4821,Hugo,White,M,67,Japan,Osaka,3:44:13
4822,Oleg,Romano,M,45,Japan,Nagoya,2:22:56
4823,Pedro,Martinez,M,55,Czech Republic,Pilsen,5:59:48
4824,William,Romano,M,65,Austria,Graz,4:05:36
4825,Sofia,Walker,F,45,India,Chennai,3:39:31
4826,Jakub,Smith,M,67,Sweden,Stockholm,3:41:55
4827,Sofia,White,F,69,Argentina,La Plata,3:41:04
4828,Oliver,Wright,M,67,United Arab Emirates,Sharjah,4:56:35
4829,Santiago,Ivanov,M,18,Austria,Innsbruck,3:27:54
4830,Lucia,Miller,F,20,Ukraine,Lviv,3:03:47
4831,Mia,Wiśniewski,F,32,Ethiopia,Dire Dawa,2:43:22
4832,Sofia,Wilson,F,69,Ukraine,Kharkiv,5:29:52
4833,Isabella,Martinez,F,27,Turkey,Izmir,4:48:16
4834,Carlos,Miller,M,38,China,Shenzhen,2:22:55
4835,Isabela,Anderson,F,54,Slovakia,Nitra,3:12:28
4836,Mateo,Moore,M,32,Czech Republic,Pilsen,2:10:28
4837,Robert,Kuznetsov,M,40,Mexico,Cancun,5:15:24
4838,Thomas,Oliveira,M,31,United Arab Emirates,Dubai,3:02:57
4839,Robert,Santos,M,32,Turkey,Antalya,4:03:44
4840,Harry,Santos,M,27,Brazil,Rio de Janeiro,2:21:42
4841,Maya,Perez,F,26,China,Guangzhou,5:42:50
4842,María,Hernandez,F,61,Sweden,Gothenburg,4:31:08
4843,George,Wright,M,56,Japan,Osaka,4:26:58
4844,Jack,Wilson,M,22,Poland,Warsaw,3:51:26
4845,Marco,Ramirez,M,42,Ukraine,Dnipro,4:46:59
4846,Santiago,Kowalski,M,59,Spain,Valencia,2:52:01
4847,María,Moore,F,43,Turkey,Ankara,4:45:57
4848,Jan,Taylor,M,25,Spain,Barcelona,5:15:17
4849,Yuki,Wilson,F,39,Ukraine,Lviv,4:59:33
4850,Noah,Gonzalez,M,69,Czech Republic,Brno,5:40:39
4851,Laura,Jackson,F,42,United States,Chicago,2:44:40
4852,Jakub,Kaczmarek,M,65,France,Bordeaux,4:29:46
4853,Hannah,Robinson,F,29,Switzerland,Zurich,4:40:30
4854,James,Costa,M,26,South Africa,Johannesburg,2:45:16
4855,Maya,Davis,F,27,Ethiopia,Mekelle,4:44:08
4856,Henry,Santos,M,65,Ukraine,Odesa,4:40:45
4857,Elijah,Anderson,M,27,Israel,Tel Aviv,2:59:09
4858,Hannah,Silva,F,26,Hungary,Miskolc,2:40:42
4859,Amelia,Scott,F,43,Poland,Wroclaw,3:01:28
4860,Emily,Sanchez,F,52,Ethiopia,Mekelle,4:40:16
4861,Maya,Kuznetsov,F,44,Austria,Salzburg,3:33:35
4862,Evelyn,Brown,F,48,Finland,Oulu,4:34:53
4863,Robert,Lopez,M,36,Slovakia,Kosice,4:55:34
4864,Daniel,Oliveira,M,60,France,Nice,2:08:27
4865,Lucas,Bianchi,M,55,Netherlands,Amsterdam,5:05:46
4866,Evelyn,Thomas,F,23,South Africa,Johannesburg,4:29:24
4867,Elijah,Allen,M,32,Argentina,Buenos Aires,2:32:18
4868,George,Wright,M,46,United States,Boston,3:30:27
4869,Isabella,Thomas,F,64,Portugal,Braga,4:23:47
4870,Hannah,Scott,F,62,France,Bordeaux,3:17:36
4871,James,Perez,M,22,Singapore,Singapore,4:41:02
4872,Robert,Wright,M,31,United Arab Emirates,Abu Dhabi,4:29:09
4873,James,Taylor,M,70,India,Chennai,3:45:24
4874,Alexander,Perez,M,19,Brazil,Sao Paulo,5:58:28
4875,Thomas,Rodriguez,M,40,Norway,Tromso,4:11:45
4876,Camila,Williams,F,61,Kenya,Mombasa,2:28:56
4877,Isabela,Young,F,69,Poland,Warsaw,5:21:03
4878,Giulia,Rodriguez,F,63,France,Lyon,3:51:15
4879,Lucas,Smirnov,M,36,South Korea,Incheon,4:57:20
4880,Mia,King,F,41,Romania,Cluj-Napoca,5:32:14
4881,Alexander,Kowalski,M,37,Canada,Calgary,5:41:44
4882,Marco,Jones,M,64,Norway,Stavanger,4:29:58
4883,Isabela,Popov,F,44,Norway,Tromso,5:04:57
4884,Daniel,Garcia,M,69,Slovakia,Zilina,3:49:07
4885,Jan,Robinson,M,41,Japan,Tokyo,5:01:15
4886,Sofia,Ivanov,F,34,Austria,Graz,4:28:57
4887,Mikhail,Silva,M,42,Singapore,Singapore,2:51:21
4888,Anna,Johnson,F,63,France,Lyon,2:12:23
4889,Oliver,Wiśniewski,M,48,India,Hyderabad,2:06:57
4890,Olivia,Kaczmarek,F,45,Slovakia,Zilina,4:47:12
4891,Noah,Kaczmarek,M,67,Switzerland,Lausanne,5:45:16
4892,Noah,Costa,M,45,India,Hyderabad,5:07:42
4893,Emma,Garcia,F,39,Spain,Barcelona,2:14:26
4894,Jan,Hernandez,M,22,Finland,Espoo,3:05:02
4895,Harry,Garcia,M,61,Poland,Wroclaw,2:37:16
4896,James,Smirnov,M,59,Ukraine,Dnipro,3:14:43
4897,Lorenzo,Walker,M,25,Czech Republic,Brno,4:17:06
4898,Benjamin,Lewis,M,55,United Kingdom,Glasgow,4:49:04
4899,Daniel,Nowak,M,45,Denmark,Aarhus,3:21:11
4900,Magdalena,Brown,F,64,Portugal,Braga,3:41:41
4901,George,Johnson,M,29,Kenya,Eldoret,5:54:56
4902,Alexander,Thompson,M,42,Netherlands,The Hague,3:18:10
4903,Jan,Harris,M,55,Czech Republic,Brno,3:25:15
4904,Lucas,Rossi,M,61,Norway,Trondheim,3:36:40
4905,Isabella,Nowak,F,32,Italy,Turin,5:46:22
4906,Nikolai,Wiśniewski,M,61,Kenya,Eldoret,3:35:02
4907,Alina,Taylor,F,58,Israel,Nazareth,4:01:27
4908,Mateo,Garcia,M,68,Turkey,Istanbul,3:24:41
4909,Hannah,Ferrari,F,70,Netherlands,Rotterdam,2:49:46
4910,Abigail,Murphy,F,51,Slovakia,Nitra,2:25:03
4911,Ingrid,Wright,F,62,China,Guangzhou,3:29:16
4912,Emily,Jackson,F,30,Argentina,Cordoba,5:45:22
4913,Olivia,King,F,25,Norway,Oslo,5:10:29
4914,William,Martinez,M,30,Hungary,Budapest,4:02:37
4915,Santiago,Ferrari,M,53,Hungary,Debrecen,4:28:17
4916,Alina,Allen,F,23,Japan,Sapporo,5:26:39
4917,Arthur,Rossi,M,55,Switzerland,Bern,5:51:18
4918,Oliver,Lee,M,49,Germany,Frankfurt,3:40:13
4919,Julia,Walker,F,38,Kenya,Mombasa,3:31:23
4920,Oliver,Allen,M,61,Romania,Constanta,3:15:14
4921,Isabela,Robinson,F,61,China,Beijing,3:12:59
4922,Emma,Williams,F,66,Czech Republic,Brno,2:10:12
4923,Yuki,Brown,F,24,France,Nice,4:24:14
4924,Olivia,Petrov,F,43,Portugal,Braga,2:30:28
4925,Alexander,Oliveira,M,32,Ukraine,Dnipro,5:34:40
4926,Ivan,Harris,M,66,Israel,Tel Aviv,5:41:17
4927,Kacper,Novak,M,59,Austria,Linz,3:36:36
4928,Piotr,Garcia,M,40,France,Bordeaux,4:47:37
4929,Magdalena,Popov,F,69,Spain,Madrid,3:24:28
4930,Megan,Moore,F,55,Austria,Vienna,4:11:07
4931,Robert,Martinez,M,58,Spain,Seville,2:11:38
4932,Luis,Harris,M,32,Romania,Cluj-Napoca,3:55:30
4933,Ingrid,Davis,F,65,South Africa,Port Elizabeth,5:21:18
4934,Ivan,Clark,M,70,South Africa,Port Elizabeth,2:22:27
4935,Alexander,Bianchi,M,57,Turkey,Istanbul,2:37:22
4936,Mikhail,Allen,M,33,Denmark,Aalborg,5:13:42
4937,Chiara,Lee,F,49,Romania,Constanta,5:08:08
4938,Magdalena,Petrov,F,54,Finland,Vantaa,2:08:59
4939,Sophia,White,F,35,Kenya,Kisumu,5:00:50
4940,Daria,Ferrari,F,37,Finland,Helsinki,3:52:44
4941,Mateo,Rossi,M,63,Finland,Oulu,2:16:11
4942,Jack,Harris,M,19,Turkey,Bursa,2:48:39
4943,Ava,Scott,F,40,Sweden,Gothenburg,4:16:59
4944,Oliver,Novak,M,47,Hungary,Miskolc,2:46:01
4945,Emily,Brown,F,20,United Kingdom,Edinburgh,5:18:05
4946,Lucia,Wilson,F,63,Italy,Naples,4:28:13
4947,Anna,Clark,F,56,Japan,Sapporo,2:40:06
4948,Yuki,Silva,F,64,Turkey,Antalya,3:14:08
4949,Sunita,Scott,F,66,Ukraine,Kyiv,2:23:07
4950,Sara,Kowalski,F,18,Mexico,Puebla,3:57:56
4951,Kacper,Rossi,M,58,United States,Boston,4:40:34
4952,Noah,Kaczmarek,M,39,Slovakia,Presov,3:18:01
4953,Arthur,Kaczmarek,M,46,Denmark,Aalborg,4:55:57
4954,Megan,Lopez,F,31,France,Lyon,3:30:24
4955,Henry,Jones,M,65,Ethiopia,Addis Ababa,5:26:40
4956,Sophia,Moore,F,45,China,Shenzhen,4:10:59
4957,Elijah,Gomes,M,38,Denmark,Esbjerg,5:32:27
4958,Amelia,Costa,F,62,Australia,Adelaide,5:27:31
4959,Luis,Taylor,M,49,Canada,Ottawa,2:07:21
4960,Megan,Davis,F,23,Norway,Trondheim,2:11:36
4961,Olga,Melo,F,18,Austria,Salzburg,3:30:37
4962,Robert,Kowalczyk,M,38,South Korea,Seoul,5:05:19
4963,Liam,Taylor,M,21,Canada,Toronto,4:06:21
4964,Maria,Silva,F,20,Brazil,Fortaleza,5:38:41
4965,Santiago,Scott,M,66,Mexico,Cancun,2:30:55
4966,John,Young,M,47,United States,New York,4:02:34
4967,Anna,King,F,48,Sweden,Vasteras,3:43:14
4968,Valentina,Harris,F,51,Russia,Moscow,5:03:20
4969,Valentina,King,F,36,India,Hyderabad,5:57:01
4970,William,Sanchez,M,37,India,Mumbai,5:34:33
4971,Mikhail,Thomas,M,40,Romania,Timisoara,2:22:08
4972,Abigail,Ivanov,F,57,Austria,Innsbruck,4:57:48
4973,Isabella,Martinez,F,42,Brazil,Brasilia,3:29:11
4974,Laura,Kowalski,F,32,Switzerland,Zurich,2:16:10
4975,Nikolai,Popov,M,55,South Africa,Johannesburg,3:21:34
4976,Mateo,King,M,40,Austria,Innsbruck,5:48:14
4977,Jack,Nowak,M,69,Slovakia,Zilina,2:35:55
4978,Oleg,Clark,M,19,Japan,Kyoto,5:48:49
4979,Oleg,Hernandez,M,32,Ukraine,Odesa,3:02:09
4980,Noah,Thomas,M,69,Switzerland,Bern,3:32:56
4981,Lucia,Wiśniewski,F,61,Portugal,Faro,4:56:10
4982,Henry,White,M,52,Romania,Constanta,4:01:26
4983,Megan,Ramirez,F,27,Finland,Tampere,4:54:58
4984,Giulia,Miller,F,31,Czech Republic,Olomouc,5:51:37
4985,Daria,Kaczmarek,F,44,Portugal,Coimbra,4:49:40
4986,Alexander,Garcia,M,31,Canada,Ottawa,3:18:51
4987,Sara,Costa,F,52,Kenya,Mombasa,2:14:29
4988,Ava,Ferrari,F,50,Turkey,Bursa,3:52:36
4989,Julia,Jackson,F,69,Turkey,Antalya,5:39:46
4990,Julia,Hernandez,F,18,Argentina,La Plata,2:24:06
4991,Katarzyna,Wiśniewski,F,51,Switzerland,Lausanne,5:24:26
4992,Magdalena,Wiśniewski,F,36,Spain,Barcelona,4:35:56
4993,Nikolai,Costa,M,41,Argentina,Rosario,3:53:34
4994,Ava,Lopez,F,59,South Korea,Daejeon,3:26:40
4995,Luis,Rossi,M,21,Austria,Linz,5:35:01
4996,Chiara,Popov,F,53,South Africa,Pretoria,2:05:27
4997,Mateusz,Perez,M,30,Netherlands,The Hague,3:34:09
4998,Daniel,Ivanov,M,49,Kenya,Kisumu,2:22:09
4999,Camila,Jackson,F,26,Sweden,Vasteras,3:55:16
5000,Valentina,Costa,F,56,South Africa,Durban,2:38:16
5001,Noah,Petrov,M,33,Poland,Wroclaw,2:27:21
5002,James,Walker,M,67,Canada,Vancouver,4:42:20
5003,Julia,Martin,F,20,Australia,Sydney,4:57:08
5004,Carlos,Rossi,M,69,Czech Republic,Brno,2:39:47
5005,Ekaterina,Costa,F,37,Turkey,Bursa,4:32:52
5006,Nikolai,Allen,M,27,Turkey,Ankara,2:11:14
5007,Ingrid,Ferrari,F,39,Russia,Moscow,5:17:41
5008,Megan,Allen,F,65,Japan,Osaka,2:55:45
5009,Noah,Kaczmarek,M,20,United Kingdom,Glasgow,5:47:09
5010,Lucas,Popov,M,28,Slovakia,Nitra,5:55:38
5011,Benjamin,White,M,42,Italy,Naples,3:49:35
5012,Anna,Scott,F,59,Australia,Adelaide,5:00:29
5013,Isabella,King,F,65,Norway,Tromso,3:44:09
5014,Camila,Romano,F,25,Ethiopia,Addis Ababa,2:18:25
5015,Mikhail,Perez,M,26,Israel,Jerusalem,3:50:52
5016,Henry,Robinson,M,32,Denmark,Aalborg,3:52:50
5017,Arthur,Romano,M,49,Italy,Rome,5:12:11
5018,Elijah,Ivanov,M,70,Finland,Helsinki,3:55:46
5019,Anna,Williams,F,20,Turkey,Ankara,2:09:38
5020,Alina,Ivanov,F,21,Turkey,Bursa,2:28:25
5021,Sophia,Silva,F,47,Norway,Tromso,4:34:39
5022,Nikolai,Thomas,M,30,Ukraine,Kharkiv,4:04:10
5023,Giulia,Melo,F,61,Israel,Tel Aviv,5:45:39
5024,Giulia,Wilson,F,38,Singapore,Singapore,2:27:12
5025,Katarzyna,Gonzalez,F,58,Russia,Kazan,4:19:25
5026,Megan,Taylor,F,63,Austria,Salzburg,5:34:24
5027,Harry,Lee,M,36,Poland,Gdansk,2:57:27
5028,Lucas,Sanchez,M,56,India,Delhi,5:00:37
5029,Chiara,Bianchi,F,65,France,Bordeaux,4:18:12
5030,Alexander,Bianchi,M,39,United Arab Emirates,Dubai,3:02:29
5031,Benjamin,Garcia,M,37,Italy,Turin,2:12:12
5032,Charlotte,Kuznetsov,F,54,Argentina,Mendoza,4:18:46
5033,Yuki,Robinson,F,48,Sweden,Vasteras,2:21:49
5034,Megan,Robinson,F,27,Hungary,Pecs,4:06:19
5035,Lucas,Wright,M,35,Switzerland,Basel,5:25:41
5036,Elijah,Murphy,M,60,Turkey,Antalya,3:31:31
5037,Valentina,Thomas,F,56,Spain,Madrid,4:26:48
5038,Maya,Garcia,F,63,Slovakia,Kosice,3:33:27
5039,Valentina,Young,F,37,Romania,Iasi,3:15:16
5040,Giulia,Rodriguez,F,35,Russia,Novosibirsk,2:27:45
5041,Laura,Nowak,F,28,Sweden,Stockholm,3:58:16
5042,Zuzanna,Anderson,F,39,Norway,Bergen,5:34:51
5043,Oliver,Oliveira,M,61,United Kingdom,Glasgow,4:37:07
5044,Lucia,Silva,F,35,Netherlands,The Hague,3:03:38
5045,Ava,Popov,F,51,Spain,Barcelona,5:24:39
5046,Isabella,Garcia,F,40,Italy,Rome,2:51:08
5047,Arthur,Wiśniewski,M,18,Finland,Oulu,2:13:15
5048,Isabella,Young,F,27,India,Chennai,3:04:52
5049,Jan,Harris,M,70,Denmark,Esbjerg,2:42:12
5050,Charlotte,Robinson,F,18,United Kingdom,Manchester,5:28:30
5051,David,Silva,M,55,United Kingdom,Glasgow,4:19:08
5052,Lucia,Kaczmarek,F,56,Germany,Munich,2:53:55
5053,Thomas,Popov,M,66,Czech Republic,Prague,5:41:40
5054,Robert,Santos,M,26,India,Bangalore,3:56:59
5055,Liam,Smith,M,48,Finland,Espoo,3:19:05
5056,Camila,Wilson,F,24,Ukraine,Kyiv,2:44:27
5057,Noah,Bianchi,M,34,Italy,Milan,5:04:36
5058,Noah,Nguyen,M,52,Japan,Tokyo,3:54:15
5059,Charlotte,Perez,F,65,Switzerland,Basel,2:20:05
5060,Carlos,Davis,M,54,Brazil,Salvador,4:21:08
5061,Olga,Rodriguez,F,69,Hungary,Szeged,5:15:19
5062,Yuki,King,F,35,Argentina,Mendoza,4:16:40
5063,Olivia,Thomas,F,50,Denmark,Aalborg,4:51:59
5064,Jakub,Perez,M,21,South Korea,Daejeon,5:23:34
5065,Emily,Novak,F,40,United Kingdom,Manchester,5:04:32
5066,Michael,Taylor,M,28,Poland,Poznan,3:21:37
5067,Nikolai,Ferrari,M,69,Russia,Moscow,4:12:33
5068,George,Davis,M,26,Sweden,Stockholm,5:49:25
5069,Lucia,Melo,F,47,Slovakia,Bratislava,3:28:29
5070,Liam,Oliveira,M,25,Israel,Nazareth,4:05:35
5071,Sunita,Ivanov,F,57,Mexico,Monterrey,4:46:47
5072,Giulia,Sanchez,F,22,Slovakia,Zilina,4:05:08
5073,Mateusz,Kowalski,M,29,Denmark,Esbjerg,5:38:34
5074,Kacper,Rodriguez,M,18,United Kingdom,Birmingham,4:17:38
5075,Sophia,Jones,F,32,Netherlands,The Hague,3:33:08
5076,Daria,Murphy,F,42,Sweden,Malmo,4:15:13
5077,Isabella,Bianchi,F,35,Turkey,Ankara,5:41:38
5078,Lucas,Costa,M,55,United Kingdom,Glasgow,3:47:16
5079,Robert,Novak,M,59,Singapore,Singapore,5:11:35
5080,Jack,Jackson,M,63,India,Hyderabad,4:23:23
5081,Benjamin,Wright,M,70,Denmark,Aalborg,3:55:06
5082,Nikolai,Anderson,M,43,Romania,Constanta,4:49:24
5083,Chiara,Sanchez,F,57,China,Beijing,2:43:22
5084,Robert,Walker,M,20,Kenya,Kisumu,4:49:02
5085,Piotr,Romano,M,39,Japan,Osaka,4:07:05
5086,Emma,Nguyen,F,43,Poland,Wroclaw,3:18:15
5087,Evelyn,Wiśniewski,F,36,Czech Republic,Olomouc,5:45:45
5088,Carlos,Gonzalez,M,61,Germany,Berlin,5:02:46
5089,Sofia,Ferrari,F,61,Spain,Bilbao,3:11:35
5090,Mateo,Wilson,M,64,Brazil,Sao Paulo,4:53:02
5091,George,Murphy,M,56,Switzerland,Bern,4:26:38
5092,David,Martinez,M,53,Portugal,Coimbra,4:23:32
5093,Isabella,Thomas,F,38,Brazil,Brasilia,4:14:29
5094,Marco,Moore,M,58,South Africa,Cape Town,5:13:13
5095,Piotr,Perez,M,65,Australia,Adelaide,4:42:49
5096,Carlos,Jones,M,43,Israel,Haifa,2:28:47
5097,Mia,Taylor,F,30,Kenya,Eldoret,3:38:33
5098,Oliver,Smirnov,M,53,Australia,Adelaide,2:56:42
5099,Nikolai,Rodriguez,M,41,Norway,Trondheim,4:41:17
5100,Robert,Wright,M,58,United States,Los Angeles,2:29:15
5101,Carlos,Kowalczyk,M,43,Kenya,Nakuru,4:41:11
5102,Ava,Romano,F,38,Mexico,Cancun,2:27:26
5103,Magdalena,Novak,F,35,United States,Los Angeles,4:32:00
5104,Noah,Kaczmarek,M,32,Netherlands,Rotterdam,2:25:14
5105,Piotr,Thomas,M,32,Spain,Valencia,5:49:47
5106,Michael,Gomes,M,23,Argentina,Mendoza,2:37:41
5107,Luis,Ramirez,M,60,China,Guangzhou,2:54:55
5108,Pedro,Rossi,M,48,Switzerland,Bern,3:21:52
5109,Ava,King,F,45,Australia,Sydney,5:43:52
5110,Charlotte,Davis,F,25,Australia,Perth,4:47:19
5111,Evelyn,Ramirez,F,46,Poland,Warsaw,3:39:50
5112,Emma,Williams,F,38,Slovakia,Presov,5:43:27
5113,Valentina,Costa,F,34,Czech Republic,Prague,2:52:38
5114,Sophia,King,F,66,South Africa,Pretoria,2:17:41
5115,Hugo,White,M,41,Denmark,Aarhus,3:35:58
5116,Julia,Sanchez,F,67,Germany,Munich,5:00:58
5117,George,Garcia,M,53,Portugal,Coimbra,5:31:38
5118,Noah,Harris,M,48,Norway,Stavanger,4:52:13
5119,Abigail,Ivanov,F,64,Japan,Kyoto,4:19:07
5120,Giovanni,Jones,M,51,Sweden,Vasteras,3:26:42
5121,Jan,Kowalczyk,M,19,Kenya,Eldoret,4:20:05
5122,Giulia,Miller,F,59,Brazil,Sao Paulo,2:29:56
5123,Santiago,Kaczmarek,M,20,Sweden,Malmo,5:26:51
5124,Hugo,Taylor,M,47,Kenya,Mombasa,5:13:00
5125,Anna,Thompson,F,25,India,Bangalore,4:42:15
5126,Sophia,Ferrari,F,69,United Kingdom,London,3:21:22
5127,Isabela,Allen,F,24,Portugal,Faro,5:43:18
5128,Thomas,Lopez,M,29,United Arab Emirates,Sharjah,2:39:03
5129,Pedro,Torres,M,36,Australia,Sydney,3:01:16
5130,Charlotte,Young,F,43,Kenya,Eldoret,4:30:08
5131,Olivia,Ramirez,F,45,Turkey,Ankara,2:18:54
5132,Olga,Nowak,F,32,Finland,Vantaa,2:15:23
5133,Alexander,Kowalski,M,31,Ethiopia,Gondar,2:22:27
5134,Hugo,King,M,65,Spain,Valencia,2:31:04
5135,Maria,Jackson,F,31,Poland,Krakow,3:11:22
5136,Oliver,Davis,M,20,Switzerland,Bern,5:49:03
5137,Anna,Martin,F,67,Germany,Hamburg,3:35:40
5138,Thomas,Smith,M,46,Ukraine,Lviv,2:13:16
5139,Megan,Lewis,F,23,Denmark,Aarhus,5:02:01
5140,Valentina,Perez,F,66,Slovakia,Nitra,4:59:15
5141,Daria,Thomas,F,40,Norway,Bergen,2:14:02
5142,John,Costa,M,45,Spain,Barcelona,2:20:15
5143,Olga,Kowalczyk,F,31,Australia,Melbourne,2:35:01
5144,Megan,Rodriguez,F,31,Sweden,Malmo,5:12:54
5145,Carlos,Williams,M,37,Denmark,Aarhus,2:06:21
5146,Giulia,Anderson,F,30,Portugal,Porto,5:46:21
5147,Magdalena,Kowalski,F,44,Russia,Saint Petersburg,2:24:39
5148,Amelia,Brown,F,52,Russia,Saint Petersburg,4:24:17
5149,Charlotte,Petrov,F,62,Denmark,Esbjerg,4:59:07
5150,Mateusz,Lewis,M,19,Japan,Kyoto,2:39:31
5151,Noah,Murphy,M,58,Sweden,Gothenburg,4:34:58
5152,Elijah,Allen,M,62,Australia,Sydney,4:02:10
5153,Magdalena,Torres,F,57,Netherlands,Amsterdam,5:07:10
5154,Maya,Kuznetsov,F,65,Portugal,Lisbon,2:10:31
5155,Isabella,Bianchi,F,41,Singapore,Singapore,5:56:13
5156,Nikolai,Jackson,M,46,Germany,Cologne,4:04:05
5157,Jack,Lopez,M,20,South Korea,Seoul,5:21:22
5158,Emma,Kuznetsov,F,62,Canada,Calgary,4:47:06
5159,Marco,Taylor,M,21,Ukraine,Kyiv,5:56:44
5160,Harry,Bianchi,M,67,Turkey,Bursa,4:01:19
5161,Sofia,Sanchez,F,19,Italy,Naples,4:24:32
5162,George,Kuznetsov,M,37,China,Chengdu,4:43:28
5163,Jack,Kowalski,M,70,Romania,Timisoara,3:46:52
5164,Carlos,Kaczmarek,M,32,United States,Los Angeles,4:39:58
5165,Arthur,Torres,M,66,Brazil,Fortaleza,2:31:29
5166,Julia,Costa,F,49,Ukraine,Odesa,2:46:26
5167,Nikolai,Romano,M,59,Sweden,Uppsala,3:42:14
5168,Thomas,Nowak,M,18,Mexico,Guadalajara,2:48:10
5169,George,Wiśniewski,M,55,Switzerland,Bern,4:58:52
5170,Yuki,Kowalczyk,F,52,Spain,Valencia,4:29:39
5171,Giovanni,Garcia,M,68,Finland,Vantaa,4:31:43
5172,Megan,Jackson,F,24,Hungary,Debrecen,3:02:00
5173,Alexander,Wright,M,62,Finland,Oulu,3:31:48
5174,Mateusz,Nguyen,M,30,Germany,Munich,5:14:46
5175,Jakub,Novak,M,66,United Arab Emirates,Dubai,4:44:49
5176,Ingrid,Thomas,F,18,Czech Republic,Olomouc,4:05:14
5177,Abigail,Perez,F,31,United Kingdom,Edinburgh,2:29:16
5178,Jack,Miller,M,46,United Arab Emirates,Ajman,4:58:05
5179,Alina,Johnson,F,20,South Africa,Port Elizabeth,5:12:46
5180,Isabella,Oliveira,F,63,Portugal,Lisbon,4:43:49
5181,Oleg,Torres,M,41,Germany,Cologne,5:35:14
5182,Sunita,Rossi,F,18,Ukraine,Odesa,4:58:12
5183,Lorenzo,Lopez,M,65,Ethiopia,Mekelle,3:19:57
5184,Valentina,Miller,F,27,Japan,Osaka,2:52:47
5185,Camila,Romano,F,30,South Korea,Daegu,3:21:23
5186,Chiara,Jackson,F,53,China,Beijing,5:26:14
5187,Abigail,Kaczmarek,F,26,China,Chengdu,4:56:46
5188,Pedro,Sanchez,M,31,Spain,Seville,4:57:08
5189,Ingrid,Scott,F,53,United States,Chicago,3:32:34
5190,Elijah,Clark,M,27,Slovakia,Bratislava,3:50:45
5191,Arthur,Smirnov,M,57,Singapore,Singapore,3:54:31
5192,Emma,Scott,F,40,Israel,Jerusalem,4:03:03
5193,Emily,Martinez,F,52,Australia,Perth,3:33:18
5194,Laura,Novak,F,24,Germany,Cologne,2:06:18
5195,Lucas,Robinson,M,59,South Africa,Cape Town,5:56:48
5196,Lucia,Santos,F,52,Brazil,Brasilia,3:39:12
5197,Emma,Nowak,F,19,Kenya,Kisumu,2:11:17
5198,Marco,Lopez,M,32,Austria,Linz,2:07:44
5199,Hugo,Martin,M,26,Australia,Brisbane,5:55:51
5200,Thomas,Popov,M,64,Ukraine,Lviv,5:42:16
5201,Lucas,King,M,34,Slovakia,Zilina,4:17:47
5202,Yuki,Anderson,F,56,Mexico,Monterrey,4:50:12
5203,Zuzanna,Petrov,F,69,Italy,Milan,5:11:16
5204,Yuki,Melo,F,35,France,Marseille,3:44:01
5205,Magdalena,Nowak,F,32,Mexico,Puebla,4:24:06
5206,Ivan,Santos,M,35,Netherlands,Eindhoven,2:24:06
5207,Megan,Rodriguez,F,41,Italy,Naples,4:39:15
5208,Thomas,Wiśniewski,M,40,United Kingdom,Birmingham,2:41:56
5209,Emma,Romano,F,29,Switzerland,Geneva,5:08:51
5210,Nikolai,Ferrari,M,40,China,Guangzhou,3:35:49
5211,Olivia,Santos,F,38,Italy,Turin,2:29:23
5212,Kacper,Clark,M,43,Kenya,Mombasa,3:02:50
5213,Lucas,Martinez,M,25,United Arab Emirates,Ajman,2:30:16
5214,Ingrid,Kowalski,F,47,Israel,Haifa,5:12:22
5215,Pedro,Perez,M,51,Singapore,Singapore,3:18:43
5216,Emma,Scott,F,19,Norway,Stavanger,2:30:26
5217,Alexander,Sanchez,M,22,United Arab Emirates,Sharjah,5:21:42
5218,Maya,Wiśniewski,F,48,Australia,Perth,5:01:24
5219,Kacper,Wright,M,50,Slovakia,Kosice,2:18:08
5220,Alexander,Ramirez,M,21,Hungary,Pecs,3:53:40
5221,Mikhail,Garcia,M,23,Finland,Espoo,5:51:46
5222,Thomas,Harris,M,40,Italy,Bologna,4:08:41
5223,Jack,Harris,M,62,Argentina,Cordoba,3:54:37
5224,Kacper,Clark,M,36,Ethiopia,Addis Ababa,2:47:28
5225,William,Gomes,M,60,Australia,Brisbane,4:05:52
5226,Hugo,Smith,M,62,Ukraine,Lviv,5:39:09
5227,Olga,Walker,F,25,Turkey,Antalya,3:21:48
5228,Isabela,Miller,F,56,Norway,Stavanger,4:30:07
5229,Alexander,Kaczmarek,M,30,Japan,Nagoya,5:55:27
5230,Valentina,Bianchi,F,18,Brazil,Rio de Janeiro,3:55:40
5231,Megan,Lee,F,23,Romania,Cluj-Napoca,3:57:25
5232,Jack,Perez,M,24,France,Lyon,2:56:02
5233,Amelia,Taylor,F,65,Canada,Ottawa,3:33:01
5234,Lorenzo,Kaczmarek,M,44,Argentina,Buenos Aires,3:24:22
5235,Ekaterina,Sanchez,F,32,Turkey,Ankara,5:55:38
5236,Daniel,Martinez,M,69,Portugal,Faro,4:47:39
5237,Anna,Nguyen,F,51,Romania,Iasi,4:45:40
5238,Daria,Silva,F,40,Spain,Barcelona,2:21:06
5239,David,Moore,M,65,Argentina,La Plata,3:46:16
5240,Oliver,Silva,M,66,Denmark,Esbjerg,3:39:54
5241,Emma,Romano,F,41,Brazil,Brasilia,4:27:35
5242,Mateo,Walker,M,32,Mexico,Puebla,2:06:47
5243,Chiara,Smith,F,52,India,Bangalore,4:04:41
5244,Olivia,Petrov,F,21,Denmark,Odense,5:13:06
5245,Isabella,Ramirez,F,61,Singapore,Singapore,4:31:54
5246,Yuki,Sanchez,F,54,Austria,Innsbruck,3:18:36
5247,Julia,Jones,F,34,Japan,Tokyo,2:13:29
5248,Sophia,Davis,F,48,United Arab Emirates,Abu Dhabi,3:58:35
5249,Jakub,Allen,M,55,Canada,Toronto,4:39:16
5250,Lorenzo,Jones,M,27,Kenya,Mombasa,3:09:25
5251,James,Petrov,M,67,Portugal,Coimbra,4:26:35
5252,Valentina,Ferrari,F,44,Finland,Vantaa,4:37:40
5253,Sunita,Perez,F,59,Japan,Tokyo,4:45:30
5254,Noah,Brown,M,23,Norway,Stavanger,5:20:13
5255,Isabella,Harris,F,23,Russia,Kazan,3:09:31
5256,Robert,Brown,M,69,Netherlands,The Hague,3:36:53
5257,Arthur,Nowak,M,32,Australia,Brisbane,3:53:28
5258,Ekaterina,Garcia,F,21,Hungary,Szeged,5:46:16
5259,Nikolai,Novak,M,65,Canada,Calgary,4:04:24
5260,Yuki,Jones,F,57,Spain,Bilbao,3:03:20
5261,Jan,Brown,M,24,Argentina,Rosario,2:41:39
5262,Sara,Clark,F,68,Brazil,Brasilia,5:34:06
5263,Camila,Costa,F,66,United Arab Emirates,Dubai,3:10:01
5264,Robert,Gonzalez,M,70,France,Nice,4:14:18
5265,Maya,Lewis,F,62,Sweden,Stockholm,3:46:10
5266,Lucia,Novak,F,64,Kenya,Kisumu,2:42:50
5267,Alexander,Brown,M,43,Ukraine,Dnipro,3:34:45
5268,Mateusz,Anderson,M,48,Mexico,Guadalajara,2:08:49
5269,Ekaterina,Moore,F,19,Austria,Linz,2:46:26
5270,Noah,Santos,M,45,France,Bordeaux,4:24:01
5271,Michael,Lewis,M,59,India,Chennai,2:20:09
5272,Marco,Murphy,M,30,Kenya,Mombasa,5:20:20
5273,Nikolai,Sanchez,M,35,Switzerland,Basel,2:21:17
5274,Sofia,Brown,F,47,Brazil,Brasilia,2:15:34
5275,Marco,Oliveira,M,28,China,Shenzhen,3:44:49
5276,Henry,Popov,M,30,Slovakia,Zilina,3:23:37
5277,Luis,Wiśniewski,M,68,Argentina,Mendoza,2:41:30
5278,Carlos,Petrov,M,41,Turkey,Bursa,5:45:35
5279,Evelyn,Murphy,F,46,China,Beijing,3:31:29
5280,Henry,Thompson,M,22,Norway,Stavanger,5:30:41
5281,Emma,Scott,F,52,Norway,Tromso,3:27:19
5282,James,Kowalczyk,M,36,Slovakia,Presov,4:03:01
5283,Michael,Popov,M,30,Israel,Beer Sheva,3:02:54
5284,Emily,Gomes,F,22,Switzerland,Geneva,3:56:35
5285,Jakub,Gomes,M,61,Germany,Munich,5:24:32
5286,Sophia,Hernandez,F,31,United Arab Emirates,Sharjah,4:04:54
5287,Ingrid,Smirnov,F,55,Russia,Novosibirsk,2:36:05
5288,George,Jones,M,39,Ethiopia,Dire Dawa,2:09:58
5289,Alexander,Johnson,M,26,Poland,Poznan,2:50:39
5290,Laura,Gomes,F,66,Kenya,Nakuru,3:56:41
5291,Robert,Ivanov,M,57,Mexico,Mexico City,3:07:05
5292,Daniel,Taylor,M,43,Turkey,Istanbul,5:18:03
5293,William,Gonzalez,M,62,Denmark,Aarhus,3:20:40
5294,Lorenzo,Gonzalez,M,22,Ukraine,Odesa,4:23:09
5295,Sara,Anderson,F,46,Czech Republic,Brno,5:14:49
5296,James,Gomes,M,39,Czech Republic,Ostrava,4:56:37
5297,Henry,Gomes,M,66,Turkey,Izmir,5:32:44
5298,Zuzanna,Thompson,F,20,Brazil,Brasilia,3:25:14
5299,Mateo,Gonzalez,M,45,Mexico,Monterrey,5:51:36
5300,Kacper,Melo,M,55,South Korea,Daejeon,3:47:14
5301,Laura,Miller,F,31,Italy,Turin,3:03:42
5302,Giovanni,Wright,M,64,Israel,Haifa,3:18:38
5303,Mia,Robinson,F,31,India,Hyderabad,3:58:38
5304,Olivia,Wilson,F,60,China,Shenzhen,5:58:31
5305,Mateo,Ivanov,M,28,Romania,Constanta,4:20:24
5306,Charlotte,Garcia,F,26,United Arab Emirates,Ras Al Khaimah,4:21:02
5307,George,Hernandez,M,55,Japan,Nagoya,3:36:29
5308,Liam,Harris,M,64,Finland,Vantaa,3:46:25
5309,Amelia,Anderson,F,61,Italy,Milan,4:35:37
5310,Isabela,Thomas,F,23,France,Lyon,3:14:45
5311,David,Petrov,M,18,France,Paris,3:15:26
5312,Zuzanna,Rodriguez,F,42,Singapore,Singapore,4:19:56
5313,Sara,Young,F,33,Norway,Bergen,3:09:41
5314,Hannah,Torres,F,69,Switzerland,Basel,4:13:12
5315,Katarzyna,Harris,F,32,Romania,Bucharest,4:39:04
5316,Lucas,Gonzalez,M,51,United States,Boston,5:25:40
5317,Hugo,Lewis,M,34,Mexico,Guadalajara,3:05:15
5318,Isabella,Santos,F,20,India,Hyderabad,3:58:25
5319,Daniel,Jackson,M,20,Romania,Bucharest,2:57:37
5320,Daria,Taylor,F,54,Finland,Helsinki,2:40:05
5321,Harry,Brown,M,34,Canada,Toronto,3:31:16
5322,Mateo,Costa,M,66,Germany,Frankfurt,2:21:33
5323,Harry,Lee,M,69,Brazil,Fortaleza,5:53:25
5324,Sophia,Martinez,F,55,Netherlands,Amsterdam,2:56:36
5325,Luis,Jackson,M,18,Austria,Vienna,2:08:09
5326,Isabella,Williams,F,24,Australia,Perth,4:56:55
5327,Benjamin,Ramirez,M,43,Hungary,Pecs,5:01:50
5328,Mikhail,Jackson,M,64,Italy,Rome,5:44:46
5329,Elijah,Thomas,M,56,Ukraine,Kyiv,2:53:18
5330,María,Wilson,F,36,Canada,Montreal,3:42:36
5331,Alexander,Romano,M,69,South Korea,Daejeon,5:38:13
5332,Benjamin,Sanchez,M,47,Portugal,Porto,4:54:18
5333,John,Wright,M,60,Brazil,Sao Paulo,5:32:50
5334,Benjamin,Gomes,M,31,Finland,Vantaa,3:15:49
5335,Abigail,Santos,F,30,Finland,Tampere,3:34:48
5336,Sara,Kowalczyk,F,37,United Kingdom,Manchester,4:02:26
5337,Michael,Petrov,M,43,Sweden,Gothenburg,3:01:51
5338,Isabella,Hernandez,F,44,Czech Republic,Ostrava,5:27:18
5339,Camila,Jones,F,42,Sweden,Uppsala,4:38:58
5340,Liam,Romano,M,26,Ukraine,Lviv,5:04:25
5341,Sofia,Novak,F,58,Israel,Jerusalem,2:15:05
5342,Mia,Oliveira,F,65,Netherlands,Eindhoven,2:27:46
5343,Michael,Santos,M,29,Russia,Saint Petersburg,5:10:18
5344,Harry,Wright,M,27,Italy,Rome,3:53:02
5345,Camila,Miller,F,23,Ethiopia,Addis Ababa,4:54:10
5346,Valentina,Taylor,F,67,Denmark,Odense,4:39:16
5347,Robert,Gomes,M,51,Finland,Tampere,3:41:35
5348,Carlos,Hernandez,M,69,Argentina,Mendoza,2:13:37
5349,Jack,Wright,M,58,Turkey,Bursa,5:02:26
5350,Anna,Kowalczyk,F,36,Slovakia,Zilina,5:32:05
5351,Olivia,Rossi,F,23,South Africa,Durban,3:31:58
5352,Yuki,Lewis,F,19,China,Chengdu,3:08:27
5353,Lucas,Wiśniewski,M,32,Romania,Iasi,3:35:35
5354,Isabela,Costa,F,34,Denmark,Aarhus,5:04:41
5355,Chiara,Costa,F,33,Hungary,Pecs,2:42:52
5356,Daniel,Thomas,M,45,Hungary,Debrecen,2:43:28
5357,Lucas,Silva,M,38,Ethiopia,Dire Dawa,4:39:54
5358,Isabella,Lopez,F,25,Netherlands,Eindhoven,3:24:52
5359,Hannah,Ivanov,F,27,Germany,Frankfurt,2:18:30
5360,Jan,Clark,M,27,Slovakia,Zilina,5:24:15
5361,Emma,Perez,F,67,South Korea,Daegu,5:37:40
5362,Lucas,Torres,M,27,Japan,Sapporo,4:22:48
5363,María,Kowalczyk,F,26,Kenya,Eldoret,2:43:29
5364,Emma,Young,F,45,Italy,Naples,4:16:48
5365,Maya,Wright,F,41,Canada,Montreal,4:38:37
5366,Isabela,Sanchez,F,36,Finland,Vantaa,4:55:56
5367,Amelia,Robinson,F,50,United States,San Francisco,3:18:59
5368,John,Smirnov,M,21,Norway,Bergen,5:45:27
5369,Sophia,Sanchez,F,20,Japan,Tokyo,5:07:13
5370,Michael,Thomas,M,59,Italy,Turin,5:43:53
5371,Luis,King,M,29,South Korea,Incheon,5:46:58
5372,Alexander,Costa,M,35,India,Bangalore,3:51:29
5373,Liam,White,M,40,Ethiopia,Mekelle,5:46:13
5374,Olivia,Harris,F,37,Kenya,Kisumu,5:28:11
5375,Daniel,Martinez,M,23,Italy,Milan,5:15:20
5376,Mia,Petrov,F,70,South Africa,Durban,5:32:41
5377,Sofia,Lopez,F,51,Ethiopia,Addis Ababa,3:04:18
5378,Lucas,Novak,M,59,Switzerland,Zurich,4:18:28
5379,Katarzyna,Lee,F,19,Ethiopia,Dire Dawa,2:19:05
5380,Mateo,Garcia,M,47,India,Mumbai,4:33:04
5381,Luis,Ivanov,M,26,Hungary,Szeged,5:29:00
5382,Magdalena,Smith,F,44,Mexico,Monterrey,5:46:36
5383,Piotr,Wright,M,59,Mexico,Puebla,2:27:12
5384,Marco,Gomes,M,51,Czech Republic,Olomouc,5:12:09
5385,Charlotte,Ivanov,F,57,Italy,Rome,5:33:44
5386,Maria,Sanchez,F,41,Portugal,Faro,3:50:00
5387,Jack,Martinez,M,66,Norway,Stavanger,2:26:14
5388,Isabella,King,F,34,Turkey,Izmir,4:04:26
5389,Camila,Jones,F,46,Canada,Toronto,4:42:16
5390,Ingrid,Rodriguez,F,53,Israel,Beer Sheva,2:10:37
5391,Jan,Torres,M,67,Mexico,Monterrey,2:59:54
5392,Laura,Robinson,F,29,Singapore,Singapore,5:50:22
5393,Yuki,Williams,F,48,Italy,Rome,2:10:36
5394,Olga,Nguyen,F,66,South Korea,Daejeon,5:49:05
5395,Hannah,Kaczmarek,F,26,United Kingdom,Birmingham,2:36:07
5396,Mikhail,Thomas,M,36,Finland,Espoo,5:28:17
5397,Pedro,Kowalski,M,63,Brazil,Salvador,4:00:14
5398,George,Wright,M,63,Italy,Bologna,2:13:14
5399,Nikolai,Rossi,M,34,Norway,Stavanger,3:22:22
5400,Hannah,Costa,F,19,Slovakia,Nitra,3:09:46
5401,Noah,Hernandez,M,57,South Africa,Johannesburg,4:24:12
5402,Evelyn,Santos,F,22,Australia,Melbourne,2:38:56
5403,Ava,Silva,F,56,Hungary,Miskolc,4:50:33
5404,Piotr,Bianchi,M,65,Romania,Iasi,4:46:39
5405,Oliver,Murphy,M,33,South Korea,Busan,5:55:13
5406,Chiara,Petrov,F,34,United States,Chicago,3:29:43
5407,Hannah,Ramirez,F,44,France,Paris,3:04:20
5408,George,Kuznetsov,M,24,Slovakia,Nitra,4:44:27
5409,Alexander,Allen,M,69,Romania,Cluj-Napoca,4:47:25
5410,Alina,Nowak,F,25,Russia,Yekaterinburg,2:43:01
5411,Evelyn,Martin,F,25,Czech Republic,Olomouc,4:52:40
5412,George,Perez,M,40,Germany,Hamburg,2:31:41
5413,Sunita,Allen,F,49,South Africa,Durban,5:25:19
5414,Thomas,Novak,M,60,Brazil,Fortaleza,5:19:32
5415,William,Nowak,M,64,United Arab Emirates,Sharjah,2:26:39
5416,James,Jackson,M,35,Germany,Frankfurt,4:33:22
5417,Kacper,Lewis,M,55,Japan,Osaka,5:54:24
5418,Daniel,Allen,M,29,Israel,Tel Aviv,5:47:09
5419,Giovanni,Bianchi,M,32,Germany,Munich,3:14:27
5420,Oliver,Smirnov,M,45,Russia,Saint Petersburg,2:39:06
5421,Marco,Garcia,M,55,Hungary,Szeged,2:53:01
5422,Kacper,Gomes,M,67,United Arab Emirates,Dubai,3:36:14
5423,Camila,Thomas,F,48,Netherlands,Utrecht,2:35:17
5424,Daniel,Sanchez,M,69,India,Chennai,2:41:38
5425,Marco,Harris,M,26,United States,Los Angeles,3:00:32
5426,Emily,Gonzalez,F,25,France,Marseille,2:23:23
5427,Hannah,Kaczmarek,F,63,Romania,Constanta,2:57:57
5428,Santiago,Johnson,M,36,Spain,Seville,5:21:26
5429,Sunita,Lewis,F,68,Singapore,Singapore,5:19:26
5430,Ekaterina,Harris,F,25,Germany,Hamburg,3:25:15
5431,Isabella,Kowalski,F,51,Kenya,Nairobi,2:41:17
5432,William,Popov,M,21,Turkey,Ankara,2:24:54
5433,Sara,Young,F,48,Japan,Tokyo,3:20:01
5434,Arthur,Wright,M,55,Finland,Oulu,3:45:41
5435,Olivia,Harris,F,20,Denmark,Copenhagen,5:47:24
5436,Hannah,Martinez,F,52,Czech Republic,Brno,4:30:27
5437,Arthur,Torres,M,36,Russia,Moscow,4:02:40
5438,Isabela,Allen,F,60,Germany,Hamburg,4:39:21
5439,Michael,Kuznetsov,M,46,Denmark,Odense,5:34:21
5440,Abigail,Romano,F,27,Spain,Barcelona,5:59:14
5441,Henry,Lee,M,29,Romania,Iasi,4:23:44
5442,Robert,Torres,M,63,South Africa,Cape Town,2:09:23
5443,Lorenzo,Young,M,47,Denmark,Aarhus,3:19:22
5444,Ava,Rossi,F,47,Denmark,Copenhagen,4:01:08
5445,Daniel,Lee,M,35,Germany,Munich,2:39:12
5446,Robert,Smith,M,41,Ethiopia,Addis Ababa,3:27:26
5447,Luis,Nowak,M,49,Romania,Iasi,3:42:05
5448,Camila,Ivanov,F,26,Poland,Krakow,5:53:52
5449,Anna,White,F,64,Israel,Haifa,5:52:37
5450,Elijah,Smirnov,M,41,Russia,Novosibirsk,3:45:44
5451,Mikhail,Oliveira,M,43,Japan,Kyoto,3:13:09
5452,Noah,Petrov,M,20,Ukraine,Kharkiv,5:08:59
5453,Mateusz,Wiśniewski,M,40,United States,Chicago,2:10:57
5454,Jakub,Harris,M,28,Czech Republic,Pilsen,5:58:19
5455,Sunita,Perez,F,27,Ethiopia,Addis Ababa,3:36:45
5456,Giovanni,Torres,M,67,Slovakia,Presov,3:18:40
5457,Oliver,Johnson,M,53,Turkey,Istanbul,4:34:02
5458,Lucas,Hernandez,M,30,South Korea,Busan,2:59:10
5459,Ekaterina,Santos,F,46,South Korea,Seoul,5:34:03
5460,Hannah,Lopez,F,55,Ethiopia,Gondar,3:54:22
5461,Anna,Silva,F,70,France,Nice,2:42:38
5462,Mateusz,Moore,M,30,United States,New York,4:36:42
5463,Alexander,Lopez,M,43,Mexico,Cancun,3:08:30
5464,Robert,Sanchez,M,37,Spain,Seville,2:14:43
5465,Giovanni,Nguyen,M,22,Spain,Barcelona,3:02:18
5466,Laura,Gonzalez,F,37,France,Lyon,4:31:08
5467,Evelyn,Thompson,F,31,Norway,Trondheim,3:50:57
5468,Sunita,Jackson,F,62,Slovakia,Nitra,5:04:28
5469,Camila,Novak,F,31,Denmark,Copenhagen,4:52:43
5470,Ivan,Novak,M,25,Israel,Tel Aviv,4:40:44
5471,Evelyn,Ivanov,F,65,Germany,Munich,3:47:26
5472,Daniel,Kowalczyk,M,30,Argentina,Mendoza,3:28:10
5473,Jack,Silva,M,41,United States,Los Angeles,2:34:43
5474,Ekaterina,Rossi,F,32,Poland,Krakow,2:23:13
5475,Luis,Romano,M,68,Czech Republic,Prague,4:56:31
5476,Lucas,Costa,M,18,South Africa,Johannesburg,3:20:32
5477,Lorenzo,Wright,M,39,Czech Republic,Pilsen,3:30:17
5478,Ingrid,Gomes,F,51,Czech Republic,Prague,4:17:18
5479,Charlotte,Perez,F,67,Singapore,Singapore,4:57:13
5480,Luis,Hernandez,M,68,Mexico,Puebla,3:57:26
5481,Maria,Garcia,F,57,Ethiopia,Mekelle,2:40:33
5482,Jan,Lopez,M,20,France,Marseille,4:30:09
5483,Daniel,Wiśniewski,M,43,China,Shenzhen,4:33:53
5484,Anna,Popov,F,31,South Africa,Johannesburg,3:47:00
5485,Emily,Lopez,F,58,Germany,Berlin,2:46:17
5486,Anna,Harris,F,25,Israel,Nazareth,3:27:38
5487,Mateo,Torres,M,66,Czech Republic,Olomouc,3:47:17
5488,Sofia,Sanchez,F,33,Switzerland,Zurich,2:52:56
5489,Maya,Anderson,F,59,Switzerland,Basel,2:05:42
5490,Chiara,Perez,F,38,United Kingdom,Edinburgh,3:42:09
5491,Robert,Murphy,M,27,Italy,Naples,3:02:21
5492,Magdalena,Miller,F,42,South Africa,Johannesburg,4:28:15
5493,Chiara,Costa,F,55,Ethiopia,Gondar,4:43:38
5494,David,Miller,M,39,Turkey,Istanbul,5:49:53
5495,Thomas,Kuznetsov,M,66,Brazil,Rio de Janeiro,4:58:28
5496,Luis,White,M,65,Czech Republic,Prague,3:50:46
5497,Magdalena,Johnson,F,64,Finland,Espoo,3:59:09
5498,Olivia,King,F,63,Portugal,Faro,3:56:26
5499,Maria,Harris,F,21,Spain,Valencia,4:57:21
5500,Olga,Lee,F,21,Canada,Toronto,5:56:27
5501,Emma,Kowalski,F,47,United Kingdom,Manchester,5:01:25
5502,Jan,Wiśniewski,M,19,Slovakia,Presov,2:49:10
5503,Michael,Kaczmarek,M,46,Romania,Constanta,5:37:09
5504,Nikolai,Ferrari,M,60,Turkey,Istanbul,3:17:25
5505,Alexander,Anderson,M,53,Mexico,Puebla,2:19:37
5506,Liam,Gonzalez,M,38,Slovakia,Kosice,2:36:26
5507,Daria,Novak,F,38,China,Beijing,2:26:43
5508,Arthur,Davis,M,65,Italy,Rome,2:34:00
5509,David,Ferrari,M,38,Ethiopia,Dire Dawa,2:23:32
5510,Jack,Jones,M,21,Israel,Beer Sheva,3:09:36
5511,Lucas,Melo,M,18,Russia,Yekaterinburg,3:45:40
5512,Emily,Murphy,F,43,Russia,Saint Petersburg,4:09:12
5513,Emily,Hernandez,F,68,Finland,Tampere,4:53:10
5514,Sophia,Gonzalez,F,19,Sweden,Stockholm,3:46:58
5515,Robert,Romano,M,26,Denmark,Aarhus,4:25:39
5516,Anna,Nguyen,F,62,Turkey,Ankara,3:58:15
5517,Anna,Moore,F,35,Russia,Novosibirsk,4:02:24
5518,Ava,Garcia,F,65,Denmark,Copenhagen,5:15:52
5519,Mateusz,Wilson,M,65,Italy,Bologna,2:14:27
5520,Laura,Martin,F,59,Czech Republic,Ostrava,5:25:01
5521,Mia,Lee,F,58,South Africa,Cape Town,3:44:18
5522,Alina,Robinson,F,28,Hungary,Budapest,4:41:20
5523,Charlotte,Lee,F,42,China,Shenzhen,5:04:47
5524,Jan,Gonzalez,M,43,Poland,Krakow,2:27:33
5525,Charlotte,Wilson,F,53,Ukraine,Dnipro,5:21:44
5526,Santiago,White,M,59,Finland,Helsinki,3:28:49
5527,Sunita,Oliveira,F,52,Turkey,Ankara,4:37:52
5528,Hugo,Ferrari,M,55,United Arab Emirates,Ajman,3:27:45
5529,Carlos,Walker,M,20,Israel,Jerusalem,2:07:48
5530,Robert,Miller,M,58,Kenya,Kisumu,4:13:32
5531,Anna,Bianchi,F,52,Poland,Poznan,5:14:16
5532,Pedro,Lewis,M,67,Hungary,Szeged,2:49:31
5533,Zuzanna,Williams,F,57,Brazil,Salvador,2:11:18
5534,Emma,Kowalski,F,39,Kenya,Mombasa,5:50:20
5535,Mikhail,Silva,M,25,Hungary,Budapest,2:37:12
5536,Alexander,Smirnov,M,32,Australia,Perth,2:08:13
5537,Benjamin,Jackson,M,62,Spain,Valencia,4:25:55
5538,Mia,Williams,F,24,South Africa,Johannesburg,5:50:58
5539,Katarzyna,Lopez,F,36,France,Marseille,5:57:21
5540,Giovanni,Harris,M,57,Canada,Toronto,4:46:03
5541,Arthur,King,M,59,Denmark,Aalborg,4:55:07
5542,Amelia,Smirnov,F,34,Spain,Seville,5:59:11
5543,Maya,King,F,18,China,Chengdu,3:21:56
5544,Emily,Scott,F,62,Canada,Montreal,3:28:34
5545,Sophia,Murphy,F,46,Sweden,Vasteras,4:16:18
5546,Henry,Wiśniewski,M,30,Finland,Vantaa,2:26:40
5547,John,Smith,M,65,South Korea,Busan,2:58:20
5548,Mikhail,White,M,46,Ukraine,Dnipro,3:01:13
5549,Henry,Thomas,M,58,Czech Republic,Brno,4:31:05
5550,David,King,M,59,Canada,Calgary,4:47:09
5551,Thomas,Silva,M,23,Finland,Tampere,2:28:03
5552,Kacper,Sanchez,M,22,Denmark,Odense,4:44:32
5553,Sofia,Oliveira,F,51,United States,Los Angeles,3:03:57
5554,Evelyn,Gomes,F,28,Canada,Montreal,4:17:04
5555,Anna,Scott,F,26,India,Chennai,5:14:11
5556,Isabela,Clark,F,55,Australia,Adelaide,4:46:55
5557,Elijah,Lee,M,57,Denmark,Aarhus,3:28:11
5558,Maya,Allen,F,58,Sweden,Stockholm,3:31:42
5559,Carlos,Rossi,M,26,South Korea,Daejeon,5:38:24
5560,María,Wright,F,25,Romania,Cluj-Napoca,3:10:32
5561,Marco,Moore,M,61,Czech Republic,Pilsen,5:46:51
5562,Daria,Costa,F,57,Turkey,Izmir,3:05:22
5563,Mateo,Rodriguez,M,20,Finland,Tampere,4:36:27
5564,Michael,Kuznetsov,M,30,Singapore,Singapore,5:18:05
5565,Anna,Allen,F,36,Slovakia,Nitra,2:12:44
5566,Piotr,Kowalczyk,M,51,Australia,Sydney,4:18:00
5567,Ekaterina,Wright,F,49,United Kingdom,Glasgow,2:31:50
5568,Anna,Popov,F,66,Canada,Ottawa,4:31:44
5569,Maya,Ramirez,F,33,Sweden,Gothenburg,5:15:04
5570,Magdalena,Rossi,F,53,Ethiopia,Addis Ababa,2:15:04
5571,Zuzanna,Rossi,F,35,Portugal,Braga,5:57:22
5572,Arthur,Jackson,M,31,Ethiopia,Gondar,4:17:47
5573,Camila,Allen,F,47,Russia,Yekaterinburg,2:15:20
5574,Evelyn,Martin,F,19,Denmark,Aarhus,2:48:22
5575,Sunita,Melo,F,30,Sweden,Malmo,4:57:55
5576,Lucas,Garcia,M,44,United Arab Emirates,Dubai,3:52:53
5577,Isabela,Perez,F,70,United Kingdom,Glasgow,3:08:20
5578,Emma,Rodriguez,F,69,Netherlands,Utrecht,4:03:18
5579,Olivia,Oliveira,F,34,Germany,Munich,3:53:58
5580,Oliver,Williams,M,48,Brazil,Fortaleza,2:07:35
5581,Alexander,Bianchi,M,32,Argentina,Mendoza,4:21:00
5582,Oleg,White,M,37,Switzerland,Bern,5:17:25
5583,Chiara,Nguyen,F,22,Spain,Barcelona,5:26:43
5584,Chiara,Jones,F,24,Ukraine,Dnipro,5:10:09
5585,Ivan,Rodriguez,M,35,Finland,Tampere,3:56:21
5586,Lucas,Bianchi,M,28,Germany,Hamburg,5:13:29
5587,Jan,Costa,M,49,China,Guangzhou,2:50:15
5588,Jan,Jones,M,67,Switzerland,Basel,3:17:19
5589,Giulia,Smith,F,44,South Korea,Seoul,4:19:30
5590,Zuzanna,Perez,F,43,China,Beijing,3:56:30
5591,John,Williams,M,54,South Africa,Port Elizabeth,2:12:29
5592,Megan,Wilson,F,62,Canada,Toronto,5:42:21
5593,Pedro,Scott,M,45,Denmark,Copenhagen,5:36:33
5594,Camila,Ivanov,F,67,Russia,Saint Petersburg,5:27:33
5595,Benjamin,Jackson,M,19,Czech Republic,Brno,2:22:49
5596,Oleg,Jackson,M,37,India,Delhi,3:11:57
5597,Robert,King,M,21,Mexico,Guadalajara,5:42:16
5598,Sunita,Harris,F,30,Canada,Toronto,5:21:23
5599,Julia,Nguyen,F,41,China,Guangzhou,2:51:59
5600,Sunita,Kuznetsov,F,65,Switzerland,Geneva,5:51:22
5601,Michael,Martinez,M,55,Czech Republic,Prague,5:56:07
5602,Michael,Silva,M,57,Italy,Rome,2:43:05
5603,Lucas,Ramirez,M,65,Israel,Nazareth,4:55:27
5604,María,Santos,F,62,Netherlands,Utrecht,4:41:22
5605,Marco,Popov,M,46,Norway,Stavanger,2:28:19
5606,Alina,Nowak,F,53,India,Chennai,5:23:52
5607,Lucia,Martinez,F,19,Finland,Oulu,2:42:28
5608,Olivia,Rodriguez,F,58,Singapore,Singapore,5:08:05
5609,Mateusz,Silva,M,35,China,Beijing,3:51:15
5610,David,Kowalczyk,M,66,Argentina,Rosario,2:17:03
5611,Mateo,Melo,M,25,Austria,Salzburg,4:45:33
5612,Magdalena,Jackson,F,32,Austria,Linz,3:32:53
5613,Giulia,Jones,F,58,Singapore,Singapore,4:10:35
5614,Robert,Wilson,M,34,Italy,Rome,3:25:20
5615,Santiago,Kuznetsov,M,40,Singapore,Singapore,2:06:26
5616,Hannah,Bianchi,F,19,Kenya,Nakuru,4:13:17
5617,Charlotte,Kowalczyk,F,23,Austria,Vienna,3:59:06
5618,Henry,Gonzalez,M,46,Switzerland,Lausanne,3:14:09
5619,Isabella,Rodriguez,F,44,United Kingdom,London,2:34:11
5620,Lorenzo,Murphy,M,54,Denmark,Odense,3:31:01
5621,Alexander,Oliveira,M,66,Kenya,Eldoret,3:02:00
5622,Olivia,Novak,F,51,Turkey,Bursa,5:50:41
5623,Daria,Kowalski,F,35,Ukraine,Odesa,3:25:37
5624,Mia,Brown,F,59,Australia,Sydney,2:46:23
5625,Jakub,Kowalczyk,M,27,Russia,Yekaterinburg,2:58:32
5626,Olivia,Oliveira,F,55,Germany,Hamburg,3:10:22
5627,James,King,M,61,Russia,Yekaterinburg,5:03:01
5628,Ivan,Clark,M,34,South Korea,Seoul,3:50:10
5629,Maria,Young,F,30,Ethiopia,Addis Ababa,3:45:42
5630,Mateo,Wilson,M,69,Turkey,Izmir,4:18:33
5631,Olga,Robinson,F,65,Switzerland,Zurich,4:46:18
5632,Katarzyna,Johnson,F,59,France,Lyon,3:03:47
5633,Daniel,Hernandez,M,44,United Arab Emirates,Ras Al Khaimah,4:22:44
5634,John,Sanchez,M,70,South Africa,Cape Town,4:33:36
5635,Robert,Kuznetsov,M,19,Switzerland,Zurich,3:07:34
5636,James,Petrov,M,51,Israel,Jerusalem,4:21:02
5637,Sara,Lopez,F,48,Italy,Bologna,5:11:27
5638,Camila,Santos,F,40,Singapore,Singapore,3:17:45
5639,Kacper,Walker,M,24,Brazil,Rio de Janeiro,4:25:10
5640,Giovanni,Lee,M,55,Germany,Munich,2:14:06
5641,Maria,Kowalczyk,F,50,Mexico,Cancun,3:07:09
5642,Magdalena,Scott,F,29,Canada,Vancouver,4:07:30
5643,Mikhail,Walker,M,62,Netherlands,Eindhoven,5:48:09
5644,Henry,Harris,M,29,Norway,Bergen,3:43:04
5645,Abigail,Costa,F,36,Italy,Bologna,2:37:48
5646,Jack,Williams,M,26,India,Chennai,3:20:16
5647,Jan,Martinez,M,27,Canada,Ottawa,2:25:59
5648,Sunita,Garcia,F,34,Finland,Helsinki,4:01:32
5649,Isabella,Ferrari,F,67,South Africa,Port Elizabeth,4:14:16
5650,Sara,Harris,F,57,Germany,Hamburg,2:53:53
5651,Olga,Thomas,F,56,Austria,Innsbruck,2:46:49
5652,Charlotte,Sanchez,F,58,Singapore,Singapore,5:28:20
5653,Elijah,Scott,M,27,Norway,Oslo,5:29:24
5654,Santiago,Kuznetsov,M,29,Finland,Espoo,5:39:32
5655,Marco,Davis,M,32,Germany,Munich,2:31:02
5656,John,Lopez,M,48,Finland,Oulu,4:56:17
5657,Isabella,Robinson,F,32,Israel,Beer Sheva,4:51:21
5658,Giulia,Gonzalez,F,45,Kenya,Eldoret,4:19:35
5659,María,Rossi,F,21,Australia,Brisbane,3:06:09
5660,Giulia,Gomes,F,53,Brazil,Rio de Janeiro,2:46:21
5661,Jack,Nowak,M,18,Russia,Yekaterinburg,5:18:42
5662,Harry,Lopez,M,61,Israel,Nazareth,4:04:58
5663,Emma,Lee,F,51,Austria,Innsbruck,2:08:24
5664,Camila,Lopez,F,64,Germany,Hamburg,2:17:21
5665,Abigail,Torres,F,34,Italy,Naples,5:49:52
5666,Ingrid,Melo,F,56,Czech Republic,Olomouc,5:09:40
5667,Sunita,Wilson,F,55,Kenya,Kisumu,5:19:46
5668,Lucia,Oliveira,F,61,Argentina,Rosario,4:02:29
5669,Mateo,Miller,M,68,Argentina,Mendoza,3:16:03
5670,Isabela,Bianchi,F,50,Israel,Beer Sheva,4:15:37
5671,Zuzanna,Petrov,F,38,Denmark,Odense,3:23:57
5672,Harry,Jones,M,43,France,Bordeaux,2:23:25
5673,Daria,Thomas,F,63,Netherlands,Rotterdam,3:58:50
5674,Thomas,Scott,M,53,Russia,Yekaterinburg,4:51:55
5675,Abigail,Thomas,F,22,Brazil,Fortaleza,5:05:39
5676,Mateo,Lee,M,50,Hungary,Debrecen,3:14:57
5677,Magdalena,Smirnov,F,18,India,Hyderabad,2:06:28
5678,Ivan,Rossi,M,70,Australia,Adelaide,3:53:08
5679,Ingrid,Silva,F,23,France,Marseille,3:01:21
5680,Daniel,Wilson,M,54,Israel,Haifa,5:39:55
5681,Jan,Scott,M,19,Romania,Iasi,5:20:03
5682,Oleg,Moore,M,70,Turkey,Bursa,4:58:18
5683,Lucia,Davis,F,22,Australia,Perth,2:58:05
5684,Michael,Popov,M,43,Brazil,Sao Paulo,3:56:19
5685,Giovanni,Kowalczyk,M,58,Romania,Bucharest,3:50:06
5686,Olivia,Anderson,F,68,Argentina,Rosario,5:34:33
5687,Sofia,Bianchi,F,70,France,Bordeaux,2:19:24
5688,Laura,Jackson,F,64,Kenya,Nairobi,4:22:26
5689,Ivan,Johnson,M,30,Poland,Poznan,3:22:51
5690,Ingrid,Perez,F,29,India,Mumbai,4:56:12
5691,Alexander,Costa,M,22,Norway,Trondheim,2:14:17
5692,Alexander,Torres,M,19,Finland,Helsinki,5:41:58
5693,Olivia,Kowalski,F,21,France,Marseille,4:38:04
5694,Amelia,Lopez,F,44,Australia,Melbourne,5:43:08
5695,María,Murphy,F,67,Israel,Jerusalem,3:16:31
5696,Harry,Lewis,M,70,Spain,Valencia,2:12:27
5697,Liam,Lopez,M,27,Ethiopia,Addis Ababa,2:35:21
5698,Jack,Lopez,M,30,Japan,Kyoto,3:08:39
5699,María,Jones,F,61,Switzerland,Bern,5:56:42
5700,Mateo,Brown,M,19,Sweden,Vasteras,5:11:04
5701,Piotr,Thomas,M,43,Finland,Oulu,2:06:31
5702,George,Robinson,M,32,United Kingdom,Glasgow,2:15:07
5703,Megan,Melo,F,63,Switzerland,Bern,4:42:23
5704,Michael,Popov,M,27,Israel,Jerusalem,2:09:45
5705,Amelia,Wilson,F,39,Mexico,Mexico City,2:53:41
5706,Michael,Kuznetsov,M,57,Germany,Berlin,5:16:38
5707,Zuzanna,Rodriguez,F,42,France,Nice,2:06:41
5708,Harry,Scott,M,32,Switzerland,Basel,3:08:55
5709,Megan,Thomas,F,30,Singapore,Singapore,4:21:09
5710,Evelyn,Martinez,F,25,Denmark,Aarhus,3:15:35
5711,Noah,Bianchi,M,38,France,Marseille,5:43:42
5712,Charlotte,Rodriguez,F,38,United Arab Emirates,Sharjah,4:49:30
5713,Mateusz,Sanchez,M,39,Canada,Calgary,5:25:15
5714,Sophia,Scott,F,63,Israel,Jerusalem,4:10:09
5715,Valentina,Lopez,F,50,Czech Republic,Brno,3:56:56
5716,Oliver,Oliveira,M,62,Mexico,Monterrey,2:13:54
5717,Oliver,Taylor,M,44,Romania,Timisoara,3:56:06
5718,Thomas,Young,M,57,United States,New York,4:21:47
5719,George,Bianchi,M,67,Brazil,Fortaleza,4:30:52
5720,Giovanni,King,M,39,South Korea,Daegu,2:53:45
5721,David,Allen,M,47,Ukraine,Dnipro,5:01:15
5722,Jack,Lewis,M,26,Romania,Cluj-Napoca,2:20:09
5723,Katarzyna,Ivanov,F,62,Australia,Sydney,4:45:05
5724,Hugo,Smirnov,M,52,Australia,Brisbane,3:28:28
5725,Mateusz,Petrov,M,35,Japan,Nagoya,2:06:58
5726,Isabella,Thompson,F,59,South Korea,Busan,5:29:14
5727,Santiago,Thomas,M,22,Slovakia,Nitra,2:56:53
5728,Daniel,Sanchez,M,44,United States,San Francisco,5:12:32
5729,Elijah,Bianchi,M,23,South Korea,Seoul,3:47:33
5730,Ava,Gonzalez,F,49,Mexico,Cancun,2:29:51
5731,Emma,Moore,F,25,United States,Chicago,2:39:56
5732,Oleg,Thomas,M,56,Poland,Warsaw,4:17:24
5733,Julia,Nowak,F,38,United Kingdom,Glasgow,2:42:34
5734,Mia,Ferrari,F,35,Slovakia,Nitra,4:30:05
5735,Ingrid,Silva,F,31,Ukraine,Kyiv,3:46:43
5736,Ingrid,Lee,F,32,Sweden,Stockholm,2:25:33
5737,Amelia,Robinson,F,59,Argentina,Rosario,3:32:38
5738,William,Thompson,M,43,United States,Chicago,5:30:24
5739,Mateo,Wilson,M,70,Japan,Nagoya,4:46:11
5740,Jack,Santos,M,61,Russia,Novosibirsk,3:38:51
5741,Mia,Johnson,F,49,China,Beijing,3:00:49
5742,Abigail,Nowak,F,56,Hungary,Debrecen,4:47:12
5743,Ingrid,Hernandez,F,45,United Arab Emirates,Ras Al Khaimah,2:07:09
5744,Maya,Kowalczyk,F,56,India,Delhi,3:06:56
5745,Kacper,Petrov,M,60,Kenya,Nakuru,3:57:34
5746,Emma,Garcia,F,49,Ukraine,Kyiv,3:07:23
5747,Daria,Gonzalez,F,30,Russia,Kazan,2:34:31
5748,Emily,Moore,F,32,Russia,Yekaterinburg,3:19:14
5749,Isabella,Gonzalez,F,35,United Arab Emirates,Dubai,3:57:50
5750,Sophia,Kowalski,F,56,Czech Republic,Ostrava,5:12:47
5751,Lorenzo,Melo,M,23,Kenya,Eldoret,5:56:50
5752,Olivia,Torres,F,28,Denmark,Esbjerg,5:56:09
5753,Carlos,Walker,M,49,Austria,Salzburg,4:05:50
5754,Mia,Wilson,F,57,Switzerland,Basel,3:32:53
5755,Maya,Young,F,37,Denmark,Esbjerg,4:29:57
5756,James,Murphy,M,50,Hungary,Debrecen,3:38:48
5757,Amelia,Martinez,F,57,Turkey,Ankara,3:26:53
5758,Luis,Brown,M,25,Russia,Moscow,5:43:01
5759,Alexander,Popov,M,68,Brazil,Salvador,4:35:30
5760,Alexander,Davis,M,52,Hungary,Miskolc,5:26:03
5761,Giulia,Hernandez,F,22,France,Bordeaux,3:23:38
5762,Amelia,Costa,F,52,Kenya,Eldoret,2:49:36
5763,Sara,Clark,F,64,Portugal,Braga,2:06:36
5764,Giovanni,Wiśniewski,M,31,Norway,Oslo,2:37:43
5765,Evelyn,Brown,F,38,Italy,Milan,3:35:01
5766,Amelia,Murphy,F,64,South Korea,Daegu,5:58:32
5767,James,Davis,M,41,Germany,Hamburg,4:14:27
5768,Lucas,Harris,M,34,Israel,Beer Sheva,5:09:18
5769,Luis,Miller,M,35,United Kingdom,Manchester,5:28:38
5770,Evelyn,Melo,F,51,South Africa,Johannesburg,2:14:58
5771,Camila,Williams,F,29,South Africa,Durban,5:11:13
5772,Amelia,Kowalski,F,33,Mexico,Mexico City,3:11:03
5773,Oliver,Lewis,M,21,United States,Los Angeles,4:28:40
5774,Evelyn,Popov,F,42,United States,San Francisco,5:55:54
5775,Piotr,Petrov,M,51,Finland,Helsinki,4:06:33
5776,Robert,Wiśniewski,M,45,South Africa,Port Elizabeth,5:24:33
5777,María,Gomes,F,63,Italy,Turin,2:27:04
5778,Ivan,Gonzalez,M,28,Mexico,Monterrey,5:04:42
5779,Sunita,Kowalczyk,F,30,Brazil,Sao Paulo,5:01:46
5780,Hugo,Williams,M,48,Singapore,Singapore,4:20:11
5781,Alina,Torres,F,42,Finland,Oulu,2:34:27
5782,Lorenzo,Ramirez,M,56,Brazil,Salvador,3:31:04
5783,Julia,Perez,F,27,Sweden,Gothenburg,4:46:48
5784,Hugo,Wright,M,41,United Arab Emirates,Abu Dhabi,2:27:19
5785,Liam,Petrov,M,18,Singapore,Singapore,5:29:46
5786,Camila,Robinson,F,70,South Africa,Port Elizabeth,5:39:11
5787,Oleg,Kaczmarek,M,42,Denmark,Aarhus,5:18:15
5788,Megan,Miller,F,45,Finland,Vantaa,5:03:58
5789,Abigail,Wiśniewski,F,53,Slovakia,Nitra,4:37:48
5790,Nikolai,Lopez,M,35,Netherlands,Eindhoven,5:52:09
5791,Benjamin,Garcia,M,23,Japan,Osaka,5:53:41
5792,Alina,Johnson,F,19,Israel,Nazareth,3:52:46
5793,Olga,Ivanov,F,20,Finland,Oulu,4:48:26
5794,Laura,Novak,F,63,Canada,Calgary,4:47:56
5795,Megan,Rodriguez,F,25,Germany,Munich,5:50:41
5796,Anna,Costa,F,48,Argentina,Cordoba,3:36:03
5797,Liam,Torres,M,65,China,Beijing,3:36:30
5798,Zuzanna,Rodriguez,F,36,Slovakia,Presov,3:12:41
5799,Abigail,Murphy,F,67,Portugal,Faro,5:39:03
5800,Nikolai,Harris,M,23,Denmark,Odense,4:11:44
5801,Henry,Johnson,M,31,United States,San Francisco,2:26:10
5802,Harry,Gonzalez,M,20,Finland,Helsinki,2:08:38
5803,Mateusz,Thompson,M,65,Norway,Oslo,2:13:53
5804,Julia,Romano,F,18,Finland,Vantaa,4:17:31
5805,William,Bianchi,M,61,Spain,Seville,4:46:27
5806,Liam,Bianchi,M,47,France,Marseille,4:44:25
5807,Hugo,Kuznetsov,M,63,Ethiopia,Gondar,5:30:31
5808,Ingrid,Murphy,F,36,Finland,Espoo,3:08:43
5809,Katarzyna,Rodriguez,F,36,India,Bangalore,5:27:21
5810,Harry,Young,M,26,Sweden,Malmo,2:06:04
5811,Noah,Kaczmarek,M,24,Portugal,Braga,3:17:21
5812,Charlotte,Anderson,F,63,Ukraine,Kyiv,3:29:42
5813,Sara,Davis,F,54,Australia,Brisbane,5:56:36
5814,Alexander,Moore,M,67,Brazil,Rio de Janeiro,5:13:54
5815,Lorenzo,Ramirez,M,58,Netherlands,The Hague,4:50:16
5816,Kacper,Scott,M,70,United Kingdom,Glasgow,4:58:17
5817,Jan,Wright,M,24,South Korea,Daegu,2:54:45
5818,Magdalena,Harris,F,26,Netherlands,Eindhoven,3:38:14
5819,Daria,Wiśniewski,F,21,United Kingdom,Manchester,3:10:13
5820,Henry,Wilson,M,42,Austria,Innsbruck,4:39:00
5821,Emma,Taylor,F,66,South Korea,Seoul,4:18:37
5822,William,Oliveira,M,29,Slovakia,Kosice,5:22:26
5823,Abigail,Johnson,F,23,Kenya,Mombasa,5:09:24
5824,Abigail,Walker,F,35,Mexico,Monterrey,3:15:55
5825,Elijah,Ramirez,M,57,India,Mumbai,2:21:44
5826,Lucas,White,M,38,United Kingdom,London,2:40:22
5827,Sunita,Hernandez,F,32,Austria,Vienna,5:37:46
5828,John,Anderson,M,20,France,Paris,3:56:36
5829,Thomas,Young,M,19,Australia,Melbourne,5:51:54
5830,Ekaterina,Brown,F,58,United States,San Francisco,3:11:21
5831,Sofia,Murphy,F,57,Canada,Vancouver,5:36:14
5832,Arthur,Brown,M,21,Austria,Graz,2:12:51
5833,María,Popov,F,49,Germany,Berlin,3:01:45
5834,James,Ramirez,M,19,United States,Chicago,2:10:08
5835,Isabela,Costa,F,63,France,Paris,4:13:15
5836,Maya,Johnson,F,46,South Korea,Incheon,5:10:26
5837,Lucia,Anderson,F,19,Denmark,Aalborg,5:41:28
5838,Henry,Rodriguez,M,51,Canada,Ottawa,4:13:27
5839,Alina,King,F,44,South Africa,Cape Town,2:55:47
5840,Charlotte,Perez,F,56,Ukraine,Odesa,4:53:33
5841,Jan,Taylor,M,61,United States,Boston,5:11:31
5842,Mateo,Ferrari,M,55,France,Bordeaux,2:38:37
5843,Liam,Anderson,M,35,Czech Republic,Brno,5:47:46
5844,Nikolai,Williams,M,53,Turkey,Ankara,3:26:21
5845,Anna,Brown,F,36,Israel,Nazareth,2:29:38
5846,Lucas,Johnson,M,44,Spain,Bilbao,5:00:44
5847,Arthur,White,M,62,Japan,Kyoto,3:14:57
5848,Laura,Young,F,37,Russia,Yekaterinburg,4:13:41
5849,Jack,Melo,M,38,Norway,Stavanger,3:26:10
5850,María,White,F,40,Finland,Oulu,3:02:39
5851,Pedro,Santos,M,47,France,Lyon,5:24:06
5852,Daria,Kowalski,F,42,Romania,Bucharest,4:42:03
5853,Isabella,White,F,48,Czech Republic,Pilsen,3:35:34
5854,María,Nguyen,F,44,India,Chennai,5:13:32
5855,Kacper,White,M,51,Canada,Calgary,2:14:31
5856,Alina,Ramirez,F,25,Ukraine,Kyiv,3:04:49
5857,Santiago,Thomas,M,36,Spain,Valencia,4:23:59
5858,Alexander,Walker,M,58,United Kingdom,Manchester,3:43:38
5859,Benjamin,Rodriguez,M,43,Switzerland,Zurich,5:18:55
5860,Maria,Robinson,F,45,India,Bangalore,2:14:56
5861,Pedro,Smith,M,21,Slovakia,Kosice,3:29:33
5862,Amelia,Williams,F,48,Netherlands,Eindhoven,2:22:50
5863,Thomas,Brown,M,33,Ethiopia,Gondar,5:23:57
5864,Lucas,Bianchi,M,68,Germany,Berlin,3:15:50
5865,Isabella,Davis,F,27,Switzerland,Lausanne,3:17:05
5866,Oliver,Wilson,M,55,Romania,Bucharest,3:01:11
5867,Emma,Bianchi,F,65,Czech Republic,Prague,2:07:37
5868,Carlos,Scott,M,27,Netherlands,Utrecht,4:36:54
5869,Chiara,Miller,F,62,Japan,Kyoto,3:00:18
5870,María,Sanchez,F,26,Romania,Timisoara,3:56:51
5871,Mikhail,Wiśniewski,M,56,United States,New York,5:49:22
5872,James,Young,M,53,Austria,Vienna,5:00:38
5873,Sofia,Ramirez,F,68,Hungary,Szeged,5:29:02
5874,Megan,Williams,F,53,Australia,Perth,4:05:21
5875,Daniel,Smith,M,36,Austria,Salzburg,4:42:18
5876,Robert,Miller,M,36,Israel,Beer Sheva,4:34:17
5877,Magdalena,Lewis,F,29,Germany,Cologne,5:22:23
5878,Charlotte,Martinez,F,30,Spain,Madrid,2:48:32
5879,Harry,Johnson,M,42,Italy,Naples,3:21:02
5880,Benjamin,Perez,M,53,Netherlands,Utrecht,5:25:20
5881,Elijah,Robinson,M,42,Ethiopia,Dire Dawa,5:37:53
5882,Mia,Gonzalez,F,45,Italy,Bologna,5:56:03
5883,David,Williams,M,59,United Kingdom,London,2:12:23
5884,Lucia,Lewis,F,70,India,Mumbai,3:44:33
5885,Benjamin,Thomas,M,56,Finland,Espoo,2:20:04
5886,Elijah,Robinson,M,47,Portugal,Braga,2:53:30
5887,Chiara,Perez,F,22,Italy,Turin,5:15:01
5888,Mia,Brown,F,34,Japan,Sapporo,2:35:01
5889,Alina,White,F,35,South Korea,Seoul,2:20:25
5890,Robert,Moore,M,60,Mexico,Mexico City,5:23:33
5891,Olivia,Martin,F,64,Spain,Barcelona,5:34:39
5892,Valentina,Bianchi,F,38,Netherlands,Eindhoven,5:50:21
5893,Luis,Lopez,M,39,France,Marseille,4:15:51
5894,Lucas,Kuznetsov,M,56,Kenya,Kisumu,3:43:50
5895,Lorenzo,Johnson,M,67,Canada,Ottawa,4:34:03
5896,Noah,Torres,M,23,Mexico,Puebla,4:42:06
5897,Isabela,Lopez,F,67,Portugal,Porto,2:53:42
5898,Kacper,Wright,M,33,Finland,Helsinki,4:32:34
5899,Megan,Ivanov,F,19,Brazil,Brasilia,4:10:55
5900,Katarzyna,Lewis,F,68,Japan,Kyoto,5:53:27
5901,Isabela,Kuznetsov,F,18,South Korea,Incheon,5:14:47
5902,Isabela,Murphy,F,47,Netherlands,The Hague,4:47:56
5903,Alexander,Young,M,60,India,Mumbai,2:20:19
5904,Noah,Wilson,M,69,Poland,Poznan,3:28:24
5905,Lucas,Scott,M,54,Ukraine,Odesa,3:15:19
5906,Olivia,Perez,F,65,Germany,Berlin,4:22:39
5907,Lorenzo,Petrov,M,40,Sweden,Malmo,3:21:10
5908,Valentina,Murphy,F,18,Switzerland,Lausanne,3:19:13
5909,Luis,Hernandez,M,36,Austria,Vienna,4:50:58
5910,Marco,Gomes,M,63,Brazil,Fortaleza,3:37:55
5911,Alexander,Romano,M,20,Spain,Valencia,5:52:37
5912,Isabela,Oliveira,F,19,Ukraine,Lviv,2:37:33
5913,Laura,Ramirez,F,54,Hungary,Debrecen,2:47:48
5914,Alexander,Garcia,M,34,Norway,Trondheim,4:17:25
5915,Katarzyna,Nguyen,F,45,South Africa,Pretoria,3:06:48
5916,William,King,M,35,Mexico,Guadalajara,3:27:08
5917,Anna,Romano,F,50,United States,New York,5:06:03
5918,Evelyn,Smirnov,F,32,South Africa,Pretoria,3:01:39
5919,John,Johnson,M,39,Hungary,Pecs,4:44:05
5920,Ava,Brown,F,58,United States,San Francisco,3:54:30
5921,Mikhail,Sanchez,M,44,Canada,Vancouver,5:46:36
5922,Lucia,Ramirez,F,54,Italy,Turin,2:12:22
5923,Benjamin,Martin,M,49,Israel,Jerusalem,2:15:00
5924,Anna,Novak,F,62,Hungary,Pecs,5:14:18
5925,Harry,Johnson,M,36,Finland,Espoo,5:27:14
5926,Isabella,Rossi,F,45,Canada,Ottawa,5:08:21
5927,Amelia,Brown,F,45,Germany,Hamburg,5:54:22
5928,María,Nguyen,F,27,Denmark,Esbjerg,5:18:00
5929,Olivia,Petrov,F,37,Switzerland,Basel,3:21:22
5930,Sara,Davis,F,42,India,Hyderabad,2:51:26
5931,Alexander,Williams,M,38,Austria,Linz,2:49:55
5932,Noah,Kowalczyk,M,31,Czech Republic,Brno,5:22:20
5933,Alexander,Nguyen,M,39,France,Lyon,2:39:12
5934,Anna,Wright,F,70,Turkey,Ankara,2:15:31
5935,Thomas,Jones,M,43,Netherlands,Eindhoven,3:02:22
5936,Ingrid,Wiśniewski,F,61,France,Bordeaux,2:34:14
5937,Ekaterina,Torres,F,28,Norway,Bergen,4:02:00
5938,Liam,Lee,M,24,South Africa,Johannesburg,5:12:05
5939,Ivan,Petrov,M,34,China,Shenzhen,4:47:50
5940,William,Lee,M,35,India,Chennai,5:49:59
5941,Santiago,Williams,M,24,Ethiopia,Bahir Dar,2:05:25
5942,Alexander,Kowalski,M,37,Ukraine,Kharkiv,4:17:26
5943,George,Allen,M,55,Czech Republic,Brno,4:58:21
5944,Ava,Bianchi,F,28,Switzerland,Bern,4:06:37
5945,Maya,Martin,F,61,United States,Boston,3:54:13
5946,George,Ferrari,M,33,United Kingdom,Birmingham,3:40:59
5947,Michael,Gomes,M,68,South Korea,Seoul,4:14:15
5948,Luis,Rossi,M,44,Russia,Yekaterinburg,5:48:04
5949,Yuki,King,F,68,South Korea,Daejeon,5:50:44
5950,Olivia,Novak,F,28,Poland,Warsaw,5:09:54
5951,Lucas,Nowak,M,33,Denmark,Aarhus,2:23:49
5952,William,Gonzalez,M,40,France,Marseille,3:28:16
5953,Sara,Nguyen,F,29,Mexico,Guadalajara,5:29:56
5954,María,Ivanov,F,57,Canada,Toronto,3:14:05
5955,Lucas,Ferrari,M,20,Japan,Kyoto,3:39:01
5956,Lucia,Harris,F,19,Sweden,Uppsala,4:28:53
5957,George,Scott,M,55,Germany,Frankfurt,3:43:17
5958,Nikolai,Miller,M,65,Portugal,Coimbra,5:56:41
5959,Lucia,Melo,F,69,Japan,Nagoya,4:07:49
5960,Julia,Miller,F,41,United Kingdom,Birmingham,3:09:55
5961,Alexander,Wilson,M,46,Sweden,Gothenburg,3:24:57
5962,Olivia,Jackson,F,64,Canada,Vancouver,5:42:21
5963,Elijah,Young,M,63,Poland,Warsaw,2:35:28
5964,Emily,Torres,F,51,Netherlands,Rotterdam,4:47:07
5965,Mikhail,Thomas,M,37,United Arab Emirates,Abu Dhabi,5:33:37
5966,Chiara,Romano,F,35,Singapore,Singapore,2:14:19
5967,Camila,Wiśniewski,F,31,Argentina,La Plata,4:41:05
5968,Jan,Ramirez,M,35,Norway,Tromso,4:52:50
5969,Camila,Wilson,F,19,Italy,Naples,4:59:07
5970,Isabella,Petrov,F,18,Turkey,Antalya,4:39:36
5971,Maya,Murphy,F,37,India,Chennai,3:10:14
5972,Nikolai,Nguyen,M,51,Romania,Constanta,5:48:48
5973,Ingrid,Melo,F,58,France,Lyon,4:25:30
5974,Amelia,Kowalski,F,58,France,Bordeaux,4:19:10
5975,Marco,Bianchi,M,65,Switzerland,Geneva,5:10:06
5976,Olivia,Jones,F,28,Denmark,Aarhus,4:56:27
5977,Alexander,Hernandez,M,44,Norway,Oslo,4:46:03
5978,Pedro,Silva,M,40,Ukraine,Odesa,4:00:00
5979,Evelyn,Johnson,F,55,Singapore,Singapore,3:38:07
5980,Giulia,Robinson,F,61,Netherlands,Utrecht,3:35:12
5981,Sophia,Allen,F,20,Portugal,Porto,4:55:37
5982,Giovanni,Ferrari,M,29,Italy,Bologna,3:21:52
5983,Hannah,Silva,F,47,Russia,Yekaterinburg,3:06:23
5984,Mateo,Miller,M,48,South Africa,Pretoria,4:24:56
5985,James,Clark,M,40,Canada,Montreal,4:07:27
5986,Elijah,Romano,M,18,Austria,Salzburg,3:05:00
5987,Sofia,Petrov,F,58,Canada,Ottawa,4:57:09
5988,Emma,Novak,F,37,Slovakia,Nitra,3:55:43
5989,Maria,Miller,F,23,Ukraine,Kharkiv,5:48:39
5990,Hannah,Bianchi,F,28,Denmark,Aarhus,2:25:13
5991,James,Thomas,M,52,Italy,Milan,4:07:27
5992,Magdalena,Ivanov,F,21,Ukraine,Lviv,5:59:32
5993,Arthur,Torres,M,46,Ukraine,Lviv,5:25:26
5994,David,Murphy,M,27,Sweden,Stockholm,2:56:31
5995,David,Oliveira,M,68,Netherlands,Utrecht,2:28:02
5996,Maya,Lewis,F,46,Spain,Madrid,3:06:20
5997,Abigail,Santos,F,55,Singapore,Singapore,5:59:05
5998,Amelia,Garcia,F,18,Singapore,Singapore,4:49:31
5999,Marco,Johnson,M,57,United States,Boston,4:21:38
6000,Daniel,Allen,M,25,Mexico,Guadalajara,4:52:57
6001,Maya,Jackson,F,55,South Africa,Johannesburg,3:03:18
6002,David,Johnson,M,34,Australia,Sydney,4:26:27
6003,Isabella,Wright,F,36,Brazil,Rio de Janeiro,3:36:46
6004,Laura,Santos,F,50,Ukraine,Kharkiv,4:25:55
6005,Alexander,Martin,M,32,Germany,Cologne,2:40:37
6006,Hannah,Rodriguez,F,62,Turkey,Bursa,4:12:35
6007,Sofia,Wiśniewski,F,48,Hungary,Szeged,4:20:24
6008,Lucas,Lewis,M,38,India,Hyderabad,3:27:28
6009,Katarzyna,King,F,20,Singapore,Singapore,3:09:25
6010,David,Kowalczyk,M,19,Turkey,Bursa,3:36:00
6011,Chiara,Torres,F,52,Japan,Nagoya,3:35:48
6012,María,Allen,F,58,Spain,Madrid,3:19:56
6013,Magdalena,Lewis,F,33,Kenya,Eldoret,3:19:12
6014,Olivia,Wright,F,62,South Korea,Daegu,3:59:58
6015,Santiago,Brown,M,68,Singapore,Singapore,2:47:26
6016,Emma,Taylor,F,67,Ethiopia,Mekelle,3:27:09
6017,Daniel,Williams,M,38,India,Chennai,5:37:02
6018,Lucia,Walker,F,29,Spain,Bilbao,4:23:30
6019,Zuzanna,Walker,F,45,Austria,Linz,4:05:14
6020,James,Romano,M,29,Japan,Sapporo,5:46:50
6021,Santiago,Romano,M,50,Czech Republic,Olomouc,2:44:55
6022,Valentina,Harris,F,37,Austria,Vienna,4:12:51
6023,Ingrid,Garcia,F,57,South Africa,Port Elizabeth,5:17:39
6024,Oleg,Murphy,M,66,Poland,Warsaw,5:55:24
6025,Luis,Garcia,M,38,France,Nice,3:36:54
6026,James,Gomes,M,69,Brazil,Salvador,2:33:22
6027,Sofia,Allen,F,56,Canada,Toronto,4:30:21
6028,Michael,Ivanov,M,58,Italy,Milan,3:06:14
6029,Maya,Moore,F,66,France,Bordeaux,4:26:34
6030,Mateo,Murphy,M,59,Kenya,Eldoret,5:29:19
6031,Isabela,Scott,F,53,Norway,Stavanger,3:15:51
6032,David,Martinez,M,39,India,Delhi,5:27:40
6033,Sara,Popov,F,43,Sweden,Vasteras,2:05:13
6034,Luis,Nguyen,M,24,Ethiopia,Mekelle,4:04:47
6035,Emily,Petrov,F,24,Russia,Yekaterinburg,2:51:43
6036,Elijah,Moore,M,25,Austria,Vienna,2:19:48
6037,Ava,Nguyen,F,43,Singapore,Singapore,5:20:20
6038,Katarzyna,Anderson,F,41,Ethiopia,Gondar,4:41:28
6039,Lucas,Taylor,M,41,Slovakia,Nitra,3:20:40
6040,Mia,Rossi,F,57,Russia,Novosibirsk,4:19:50
6041,Maya,Ramirez,F,65,Slovakia,Presov,2:41:09
6042,Lucas,Thompson,M,29,South Africa,Durban,5:21:00
6043,Pedro,Williams,M,64,Israel,Beer Sheva,4:58:43
6044,Michael,Santos,M,25,Spain,Barcelona,4:52:15
6045,Olga,Nowak,F,26,Hungary,Miskolc,3:05:51
6046,Anna,Lopez,F,20,Brazil,Brasilia,5:26:08
6047,Michael,Jackson,M,38,Portugal,Braga,4:18:37
6048,Olga,Scott,F,48,Mexico,Mexico City,5:06:50
6049,Chiara,Perez,F,65,Germany,Cologne,4:22:20
6050,Julia,Thompson,F,64,Sweden,Gothenburg,2:08:00
6051,Charlotte,Kaczmarek,F,41,Brazil,Salvador,3:09:38
6052,Sara,Nguyen,F,21,India,Hyderabad,4:45:09
6053,Laura,Lopez,F,37,Poland,Warsaw,3:02:44
6054,Nikolai,Novak,M,33,Argentina,La Plata,5:18:31
6055,Ava,Oliveira,F,27,Denmark,Copenhagen,2:13:49
6056,George,Gomes,M,60,Slovakia,Kosice,3:41:11
6057,Carlos,Smirnov,M,43,Sweden,Vasteras,3:22:59
6058,Nikolai,Romano,M,46,China,Chengdu,5:59:25
6059,Sunita,Harris,F,22,Kenya,Mombasa,4:17:20
6060,Julia,Wright,F,28,Spain,Seville,2:26:26
6061,Ivan,Popov,M,46,Israel,Beer Sheva,2:41:30
6062,Alexander,Gomes,M,62,Netherlands,The Hague,4:33:18
6063,Arthur,Ramirez,M,32,Brazil,Salvador,5:15:09
6064,Emma,Moore,F,23,Finland,Helsinki,4:26:25
6065,Marco,Allen,M,65,Italy,Milan,2:31:01
6066,Daria,Martinez,F,32,Hungary,Miskolc,3:38:48
6067,William,Lewis,M,60,Portugal,Braga,5:36:49
6068,Liam,Martinez,M,37,Slovakia,Kosice,5:56:22
6069,Thomas,Perez,M,51,Turkey,Bursa,2:48:31
6070,Benjamin,Harris,M,19,Ukraine,Kyiv,3:54:20
6071,Abigail,Hernandez,F,61,Sweden,Malmo,2:16:00
6072,Kacper,Nguyen,M,33,Australia,Brisbane,2:57:58
6073,Ivan,Ferrari,M,36,Mexico,Guadalajara,3:01:29
6074,Carlos,Moore,M,51,Japan,Tokyo,4:56:38
6075,Daniel,Wright,M,66,Ukraine,Kyiv,2:56:03
6076,Henry,Smith,M,31,Brazil,Sao Paulo,3:51:41
6077,David,Torres,M,41,Germany,Frankfurt,4:20:27
6078,Chiara,Moore,F,45,Singapore,Singapore,2:52:20
6079,Hannah,Sanchez,F,65,Italy,Rome,5:19:48
6080,Daniel,Smirnov,M,49,France,Bordeaux,5:04:30
6081,David,Anderson,M,54,Netherlands,Utrecht,3:50:09
6082,Sunita,Williams,F,27,Slovakia,Zilina,4:04:52
6083,Pedro,Rodriguez,M,66,Japan,Sapporo,3:45:54
6084,Alexander,Sanchez,M,62,Czech Republic,Brno,4:55:43
6085,John,Martinez,M,65,Sweden,Uppsala,3:47:26
6086,Robert,Lewis,M,26,South Africa,Port Elizabeth,3:54:21
6087,Yuki,Torres,F,41,Australia,Perth,5:01:41
6088,William,Ramirez,M,53,Germany,Berlin,5:10:45
6089,Emma,Kowalski,F,46,Denmark,Aarhus,4:27:40
6090,William,Garcia,M,46,Czech Republic,Ostrava,2:13:58
6091,Oleg,Jones,M,65,Japan,Sapporo,2:53:47
6092,Giulia,Romano,F,40,Austria,Salzburg,2:44:53
6093,Lucas,Nguyen,M,44,Australia,Melbourne,4:33:42
6094,Anna,Thompson,F,48,Italy,Milan,2:19:56
6095,George,Novak,M,60,South Korea,Busan,5:47:35
6096,Sofia,Ferrari,F,24,Singapore,Singapore,3:59:27
6097,Hugo,Kuznetsov,M,66,Italy,Turin,5:39:11
6098,Lucia,Miller,F,62,Ethiopia,Gondar,3:50:45
6099,Lucas,Wilson,M,21,United Kingdom,Birmingham,2:44:28
6100,Emily,Popov,F,31,Germany,Frankfurt,3:20:59
6101,Carlos,Santos,M,59,South Africa,Durban,5:47:02
6102,Olivia,Perez,F,59,Japan,Osaka,4:14:07
6103,Santiago,Thomas,M,27,Singapore,Singapore,5:06:12
6104,Ava,Melo,F,61,South Korea,Busan,2:44:40
6105,Alexander,Lee,M,51,United States,Boston,2:05:14
6106,Thomas,Allen,M,43,Japan,Tokyo,5:13:40
6107,Benjamin,Sanchez,M,40,Kenya,Eldoret,4:44:05
6108,Piotr,Kaczmarek,M,26,Norway,Trondheim,2:57:15
6109,Noah,Melo,M,54,Ethiopia,Addis Ababa,2:42:57
6110,Sofia,White,F,25,Germany,Frankfurt,4:21:42
6111,Ekaterina,Wiśniewski,F,70,Brazil,Salvador,2:32:36
6112,Oleg,Young,M,31,Ukraine,Kharkiv,4:42:19
6113,Abigail,Taylor,F,24,Spain,Bilbao,5:59:08
6114,Amelia,Kowalski,F,24,Czech Republic,Prague,2:32:40
6115,Benjamin,Ramirez,M,26,Ethiopia,Dire Dawa,2:34:23
6116,Zuzanna,Nowak,F,20,Austria,Innsbruck,4:30:33
6117,Ava,Costa,F,31,Austria,Salzburg,2:30:29
6118,Valentina,Smirnov,F,34,South Africa,Johannesburg,4:16:05
6119,Nikolai,Moore,M,67,United Arab Emirates,Ras Al Khaimah,3:42:18
6120,Emma,Rossi,F,61,Mexico,Puebla,4:00:10
6121,Jack,Clark,M,39,Finland,Vantaa,4:41:12
6122,Luis,Silva,M,63,Czech Republic,Pilsen,5:06:20
6123,William,Walker,M,43,Hungary,Miskolc,2:48:37
6124,Emily,Santos,F,45,Japan,Tokyo,5:53:30
6125,Isabella,Kaczmarek,F,62,Japan,Sapporo,2:50:54
6126,Megan,Rodriguez,F,31,Singapore,Singapore,4:37:00
6127,Maria,Murphy,F,26,Norway,Bergen,4:20:01
6128,Daniel,Torres,M,68,Finland,Oulu,2:28:46
6129,Daniel,Novak,M,43,Brazil,Brasilia,4:19:27
6130,Oliver,Wright,M,19,Mexico,Cancun,5:22:31
6131,Daniel,Melo,M,28,Norway,Tromso,3:31:48
6132,Olivia,Costa,F,34,Finland,Espoo,4:58:45
6133,Laura,Robinson,F,51,Austria,Vienna,5:26:41
6134,Thomas,Martinez,M,36,Portugal,Porto,5:44:42
6135,Benjamin,Moore,M,56,Hungary,Debrecen,3:48:42
6136,James,Lewis,M,35,Kenya,Nairobi,4:15:08
6137,Mikhail,Clark,M,30,Norway,Trondheim,2:39:21
6138,Megan,Silva,F,22,Argentina,Buenos Aires,5:57:22
6139,Charlotte,Rossi,F,67,Canada,Vancouver,5:29:49
6140,Chiara,Romano,F,40,Poland,Warsaw,2:47:43
6141,Jan,Kowalski,M,41,Ethiopia,Dire Dawa,2:51:43
6142,Santiago,Melo,M,46,Italy,Bologna,3:48:29
6143,Luis,Novak,M,65,Ethiopia,Gondar,2:43:13
6144,Julia,Taylor,F,64,Australia,Brisbane,2:32:05
6145,Hannah,Ramirez,F,25,Brazil,Sao Paulo,3:41:49
6146,Arthur,Petrov,M,43,Spain,Madrid,2:14:31
6147,Hannah,Kowalski,F,32,Norway,Oslo,4:08:19
6148,Ivan,Smirnov,M,18,Israel,Beer Sheva,5:37:03
6149,Maya,Sanchez,F,45,South Korea,Busan,2:45:00
6150,Sunita,Scott,F,66,Slovakia,Kosice,4:50:03
6151,María,Martin,F,64,Austria,Graz,4:27:54
6152,Isabella,Harris,F,63,Sweden,Vasteras,3:42:09
6153,Jack,Martin,M,31,Brazil,Fortaleza,2:23:03
6154,James,Lee,M,59,Australia,Adelaide,2:37:29
6155,Piotr,Nguyen,M,51,Portugal,Braga,5:03:29
6156,Alexander,Lee,M,48,Israel,Jerusalem,3:37:10
6157,Sophia,Davis,F,23,Japan,Nagoya,3:31:42
6158,Amelia,Kowalski,F,66,Japan,Sapporo,5:31:01
6159,Henry,Popov,M,22,Germany,Hamburg,3:35:30
6160,Yuki,Ivanov,F,48,Hungary,Budapest,3:03:17
6161,Santiago,Brown,M,54,United States,New York,3:36:36
6162,John,White,M,32,Denmark,Odense,5:16:46
6163,Ivan,Smirnov,M,32,United Arab Emirates,Sharjah,3:27:10
6164,Jakub,Oliveira,M,69,Brazil,Brasilia,5:06:07
6165,Oliver,Thompson,M,60,Israel,Beer Sheva,3:01:34
6166,Lucas,Jones,M,22,France,Paris,4:41:35
6167,John,Garcia,M,45,China,Guangzhou,2:17:53
6168,Isabela,Ivanov,F,50,Ukraine,Dnipro,5:12:28
6169,Elijah,Anderson,M,28,China,Beijing,4:14:53
6170,George,Wright,M,60,South Korea,Incheon,5:00:05
6171,Thomas,Bianchi,M,23,Austria,Innsbruck,2:48:17
6172,Laura,Wilson,F,40,Spain,Barcelona,4:44:55
6173,Carlos,Lee,M,57,Sweden,Stockholm,5:31:04
6174,Anna,Clark,F,19,Italy,Naples,4:18:01
6175,Evelyn,Miller,F,32,Argentina,Rosario,5:47:40
6176,Isabella,Nguyen,F,40,Germany,Cologne,2:56:01
6177,Maria,Lee,F,39,South Korea,Daegu,3:00:25
6178,Mateusz,Murphy,M,26,Brazil,Fortaleza,2:28:23
6179,Elijah,Harris,M,64,Brazil,Rio de Janeiro,3:00:20
6180,Michael,Smith,M,57,Finland,Espoo,4:05:39
6181,Sophia,Johnson,F,47,Switzerland,Bern,3:55:49
6182,George,Nowak,M,33,Mexico,Mexico City,5:58:40
6183,Jack,Martin,M,63,Slovakia,Bratislava,4:08:40
6184,Evelyn,Martin,F,64,Austria,Linz,4:03:59
6185,Robert,Nguyen,M,69,Turkey,Antalya,2:19:29
6186,Maria,Lopez,F,47,Israel,Tel Aviv,3:52:22
6187,Sophia,Jackson,F,62,France,Nice,4:39:35
6188,Jakub,Harris,M,26,Ethiopia,Dire Dawa,5:52:48
6189,Mikhail,Rossi,M,18,Slovakia,Presov,2:21:13
6190,Thomas,Kowalski,M,55,Spain,Seville,4:41:57
6191,Isabela,Ramirez,F,25,Kenya,Eldoret,4:51:34
6192,Olivia,Clark,F,69,Denmark,Odense,5:59:38
6193,Sophia,Lee,F,35,Australia,Brisbane,5:55:46
6194,Isabela,Taylor,F,44,Hungary,Pecs,5:10:56
6195,Sofia,Smith,F,35,Mexico,Cancun,2:24:48
6196,Oleg,Lee,M,49,Mexico,Cancun,3:30:47
6197,Pedro,Costa,M,66,United Kingdom,Birmingham,3:02:23
6198,Magdalena,Young,F,49,Finland,Espoo,5:27:06
6199,Marco,Perez,M,70,United Arab Emirates,Ras Al Khaimah,5:35:01
6200,Daniel,Santos,M,65,Turkey,Antalya,3:39:44
6201,Emma,Torres,F,62,Sweden,Uppsala,5:51:35
6202,Marco,Rossi,M,53,Turkey,Antalya,2:27:01
6203,Daria,Kaczmarek,F,53,Australia,Perth,2:38:43
6204,Zuzanna,Anderson,F,38,Finland,Vantaa,3:57:20
6205,Lorenzo,Rossi,M,63,Brazil,Rio de Janeiro,3:36:08
6206,Isabella,Bianchi,F,49,Germany,Cologne,5:40:23
6207,George,Johnson,M,48,Argentina,Cordoba,5:50:18
6208,Pedro,Rodriguez,M,54,United Arab Emirates,Sharjah,5:36:44
6209,Ivan,Silva,M,33,Denmark,Aarhus,2:12:18
6210,Mateusz,Taylor,M,63,Argentina,Buenos Aires,2:07:44
6211,Luis,Oliveira,M,63,Brazil,Sao Paulo,3:39:38
6212,Jakub,Rossi,M,31,Slovakia,Bratislava,4:15:35
6213,Henry,Silva,M,41,South Africa,Pretoria,3:00:37
6214,Santiago,Kaczmarek,M,42,France,Paris,3:00:50
6215,Lucia,Perez,F,63,China,Shanghai,2:21:27
6216,Alina,Brown,F,68,Germany,Cologne,2:47:09
6217,Benjamin,Sanchez,M,52,Ethiopia,Mekelle,3:21:52
6218,Piotr,Murphy,M,34,Austria,Innsbruck,5:31:09
6219,George,Thompson,M,63,United Arab Emirates,Dubai,5:31:46
6220,Lucas,Gomes,M,59,South Africa,Durban,3:09:05
6221,Sophia,Smith,F,62,Slovakia,Presov,3:40:56
6222,Isabela,Hernandez,F,21,Israel,Nazareth,4:20:05
6223,Santiago,Davis,M,28,United States,Boston,2:27:06
6224,Santiago,Martinez,M,64,Hungary,Budapest,5:16:18
6225,Nikolai,Lopez,M,32,Hungary,Debrecen,4:21:59
6226,María,Ramirez,F,47,Poland,Gdansk,4:55:16
6227,John,Smirnov,M,41,Portugal,Coimbra,4:00:24
6228,Emily,Martin,F,19,Singapore,Singapore,3:21:33
6229,Laura,Rodriguez,F,60,Singapore,Singapore,3:56:02
6230,Jan,Kowalski,M,51,Switzerland,Basel,2:08:13
6231,Isabella,Harris,F,40,Argentina,La Plata,4:31:23
6232,Emma,Miller,F,48,Switzerland,Bern,2:46:29
6233,Mia,Lopez,F,54,Sweden,Malmo,4:52:29
6234,Mikhail,Kuznetsov,M,30,Switzerland,Zurich,5:47:27
6235,Benjamin,Garcia,M,50,United Kingdom,London,3:51:41
6236,Magdalena,Melo,F,24,Romania,Timisoara,4:23:24
6237,Isabella,Ferrari,F,49,Poland,Gdansk,4:43:29
6238,Maria,Wright,F,24,Norway,Stavanger,2:33:57
6239,Megan,Novak,F,59,China,Chengdu,2:39:21
6240,Julia,Brown,F,55,United States,San Francisco,4:49:42
6241,Olivia,Wiśniewski,F,69,Czech Republic,Prague,5:22:40
6242,Daniel,Smith,M,61,Italy,Milan,3:49:43
6243,Charlotte,Walker,F,30,United Arab Emirates,Abu Dhabi,4:44:46
6244,Maya,King,F,41,Canada,Montreal,5:53:58
6245,Laura,Walker,F,45,Portugal,Coimbra,5:14:20
6246,Olivia,Scott,F,49,Argentina,Mendoza,3:59:00
6247,Henry,Gonzalez,M,60,Denmark,Aalborg,3:04:19
6248,Mia,Lopez,F,35,United Kingdom,London,3:36:01
6249,Ingrid,Murphy,F,51,Canada,Vancouver,4:11:39
6250,Kacper,Lewis,M,65,Czech Republic,Pilsen,4:58:48
6251,Liam,Gomes,M,51,Poland,Krakow,3:09:43
6252,Mikhail,Lewis,M,68,Mexico,Puebla,2:59:11
6253,Henry,Kuznetsov,M,55,Mexico,Cancun,3:29:13
6254,Carlos,Rossi,M,18,Turkey,Izmir,5:27:04
6255,Alexander,Silva,M,60,Ukraine,Kharkiv,2:55:14
6256,Sofia,Novak,F,67,South Korea,Daegu,5:19:38
6257,Isabela,Jones,F,59,Italy,Rome,2:23:48
6258,Abigail,Popov,F,48,Czech Republic,Olomouc,3:59:25
6259,Amelia,Melo,F,67,Norway,Trondheim,3:52:52
6260,Mateo,Brown,M,18,Finland,Oulu,4:08:36
6261,Hugo,King,M,68,China,Shenzhen,2:33:16
6262,Maria,Anderson,F,33,Austria,Linz,4:23:44
6263,John,Perez,M,56,Netherlands,Eindhoven,4:08:27
6264,Chiara,Ramirez,F,32,Poland,Warsaw,4:05:45
6265,Katarzyna,Smirnov,F,50,France,Lyon,3:22:45
6266,Maya,Popov,F,40,Finland,Oulu,3:15:20
6267,Julia,Costa,F,70,Denmark,Odense,5:47:02
6268,Daniel,Brown,M,58,Poland,Gdansk,5:20:31
6269,Giovanni,Scott,M,51,Ethiopia,Addis Ababa,4:11:14
6270,Katarzyna,Ferrari,F,34,Argentina,Cordoba,5:11:20
6271,Mateo,White,M,42,Slovakia,Presov,3:47:50
6272,Maria,Allen,F,59,France,Paris,5:33:14
6273,Santiago,Martin,M,23,Argentina,Rosario,5:16:25
6274,Evelyn,Davis,F,48,Mexico,Puebla,2:10:11
6275,Olga,Smirnov,F,22,Spain,Bilbao,5:02:01
6276,Chiara,Allen,F,57,China,Shanghai,4:51:17
6277,Jan,Oliveira,M,57,United Arab Emirates,Ras Al Khaimah,3:35:34
6278,Alexander,White,M,47,Switzerland,Bern,5:34:43
6279,Ekaterina,Brown,F,22,Mexico,Puebla,2:11:41
6280,Oliver,Ivanov,M,29,Mexico,Guadalajara,3:37:34
6281,Isabela,Taylor,F,24,Austria,Linz,2:31:36
6282,Daria,Nowak,F,62,Russia,Moscow,2:07:01
6283,Magdalena,Jackson,F,30,Singapore,Singapore,2:17:30
6284,Sara,Perez,F,66,Israel,Haifa,2:06:45
6285,Alexander,Costa,M,21,Brazil,Sao Paulo,4:00:34
6286,Valentina,Silva,F,67,Finland,Tampere,4:39:11
6287,Isabella,Davis,F,59,South Korea,Daegu,5:56:01
6288,Henry,Gonzalez,M,20,Portugal,Lisbon,5:30:59
6289,Abigail,Gomes,F,29,Russia,Novosibirsk,5:39:15
6290,Marco,Jackson,M,18,United Kingdom,Manchester,2:58:58
6291,Daniel,Kowalski,M,44,Germany,Hamburg,2:25:44
6292,Michael,Ivanov,M,60,Russia,Novosibirsk,4:22:47
6293,Sunita,Popov,F,67,Turkey,Izmir,3:59:25
6294,James,Lewis,M,30,Denmark,Aarhus,4:38:21
6295,María,Santos,F,34,Italy,Bologna,2:59:42
6296,Laura,Wiśniewski,F,25,Slovakia,Presov,2:42:55
6297,Hugo,Thomas,M,49,Turkey,Ankara,3:08:28
6298,Nikolai,Nowak,M,37,Mexico,Mexico City,4:29:04
6299,Sofia,Young,F,68,Austria,Graz,2:17:45
6300,Mateo,Johnson,M,34,Poland,Warsaw,3:21:22
6301,Valentina,Costa,F,51,Hungary,Debrecen,2:50:15
6302,Thomas,Wright,M,52,United Kingdom,London,2:29:57
6303,Jakub,Ivanov,M,52,Switzerland,Lausanne,5:27:18
6304,Sofia,Ferrari,F,55,Ethiopia,Dire Dawa,5:23:44
6305,William,Santos,M,59,Slovakia,Bratislava,5:43:37
6306,John,Thompson,M,41,Canada,Ottawa,2:52:18
6307,Liam,Nowak,M,35,Turkey,Antalya,3:45:36
6308,Daniel,Brown,M,67,Germany,Munich,3:29:26
6309,Isabella,Murphy,F,63,Japan,Osaka,2:13:09
6310,Julia,Thomas,F,65,Ukraine,Odesa,5:01:55
6311,Oliver,Taylor,M,56,Australia,Perth,3:51:14
6312,Anna,Kuznetsov,F,50,Turkey,Antalya,2:37:15
6313,Valentina,Williams,F,66,Germany,Hamburg,2:50:49
6314,Jakub,Murphy,M,40,South Africa,Durban,5:16:28
6315,Lucas,Lee,M,42,Australia,Melbourne,5:37:42
6316,Hannah,Allen,F,54,Romania,Bucharest,5:23:03
6317,Abigail,Moore,F,44,Ethiopia,Dire Dawa,4:39:55
6318,Sunita,Santos,F,18,United States,Boston,4:15:12
6319,Chiara,Perez,F,38,Argentina,Cordoba,5:58:17
6320,Lucas,Oliveira,M,66,Russia,Moscow,4:48:11
6321,Daria,Smith,F,27,United States,Los Angeles,5:16:13
6322,Ava,Silva,F,48,Brazil,Salvador,4:09:24
6323,Charlotte,Allen,F,61,Japan,Sapporo,4:14:37
6324,William,Kuznetsov,M,42,Singapore,Singapore,5:49:43
6325,Luis,Lewis,M,37,Mexico,Mexico City,5:14:12
6326,John,Allen,M,19,Sweden,Malmo,5:27:17
6327,Alina,Allen,F,65,Canada,Toronto,4:25:17
6328,William,Romano,M,32,Romania,Constanta,3:49:46
6329,Pedro,Thompson,M,45,Argentina,Buenos Aires,5:41:35
6330,Santiago,Moore,M,30,Ukraine,Odesa,4:50:06
6331,Alexander,Taylor,M,67,India,Hyderabad,3:14:09
6332,Magdalena,Taylor,F,69,Canada,Toronto,4:58:55
6333,Maria,Ramirez,F,31,Israel,Tel Aviv,3:42:28
6334,Sophia,Ferrari,F,67,Switzerland,Bern,4:12:36
6335,Daniel,Wilson,M,19,Brazil,Brasilia,5:09:44
6336,Hannah,Oliveira,F,51,India,Delhi,2:44:05
6337,Mateusz,Smirnov,M,52,Poland,Poznan,3:37:29
6338,William,Walker,M,54,Poland,Gdansk,3:56:20
6339,George,Kowalski,M,42,Ethiopia,Bahir Dar,4:31:10
6340,Hugo,Lewis,M,65,Romania,Timisoara,2:33:18
6341,Thomas,Miller,M,32,Sweden,Gothenburg,5:38:07
6342,Olivia,Nowak,F,29,Russia,Saint Petersburg,5:06:03
6343,Zuzanna,Thomas,F,26,United States,Chicago,4:01:24
6344,Yuki,Davis,F,48,Ukraine,Odesa,5:33:13
6345,Alexander,Wright,M,31,Argentina,La Plata,3:45:37
6346,Giovanni,Allen,M,46,Netherlands,The Hague,5:10:19
6347,David,Petrov,M,70,Mexico,Puebla,3:32:36
6348,Maria,Costa,F,65,Germany,Berlin,3:54:11
6349,Hannah,Kowalczyk,F,60,Italy,Naples,2:09:38
6350,Julia,Bianchi,F,55,Austria,Salzburg,2:29:28
6351,Arthur,Torres,M,59,Kenya,Mombasa,5:41:04
6352,Maya,Ramirez,F,25,Kenya,Kisumu,4:37:12
6353,Harry,King,M,65,Germany,Berlin,2:43:38
6354,Isabella,Kaczmarek,F,20,South Africa,Cape Town,3:20:36
6355,Abigail,Oliveira,F,19,Italy,Bologna,3:34:07
6356,Yuki,Brown,F,33,Israel,Nazareth,5:51:21
6357,Daria,Lee,F,36,Ethiopia,Dire Dawa,3:43:59
6358,John,Nguyen,M,47,Singapore,Singapore,2:34:43
6359,Evelyn,Romano,F,58,Norway,Bergen,4:52:47
6360,Emily,Miller,F,33,Brazil,Fortaleza,3:55:30
6361,Mikhail,Romano,M,48,United States,Chicago,5:38:55
6362,Marco,Ivanov,M,45,India,Chennai,2:58:46
6363,Henry,Taylor,M,21,South Africa,Durban,5:23:40
6364,Jakub,Anderson,M,27,Hungary,Szeged,4:37:57
6365,Oliver,Bianchi,M,68,China,Shanghai,2:51:59
6366,Mia,Costa,F,62,Portugal,Coimbra,3:11:10
6367,George,Wright,M,35,Netherlands,Eindhoven,4:55:58
6368,Jakub,Kuznetsov,M,64,Australia,Melbourne,2:12:04
6369,Maria,Lopez,F,49,Netherlands,Rotterdam,2:40:05
6370,Ekaterina,Rodriguez,F,47,Russia,Moscow,2:46:10
6371,Giulia,Romano,F,53,Austria,Graz,3:43:14
6372,Thomas,Nowak,M,26,Czech Republic,Olomouc,3:08:14
6373,Chiara,Nguyen,F,53,United States,Chicago,2:53:11
6374,María,Hernandez,F,46,Denmark,Esbjerg,4:49:35
6375,Robert,Thomas,M,33,Austria,Innsbruck,5:14:25
6376,Ivan,Torres,M,45,Italy,Rome,2:57:27
6377,Charlotte,Martinez,F,38,India,Mumbai,5:29:13
6378,Amelia,Nowak,F,64,Kenya,Nairobi,3:12:31
6379,Olga,Young,F,19,Sweden,Uppsala,3:05:51
6380,Emma,Sanchez,F,63,South Korea,Seoul,5:30:53
6381,Sofia,Oliveira,F,52,Canada,Toronto,5:43:22
6382,Ingrid,Wilson,F,45,Argentina,Mendoza,4:16:41
6383,Santiago,King,M,53,United Arab Emirates,Dubai,2:24:34
6384,David,Gomes,M,48,Denmark,Copenhagen,2:54:09
6385,Elijah,Kuznetsov,M,50,Argentina,Mendoza,4:51:41
6386,Ingrid,Scott,F,40,Hungary,Miskolc,4:28:48
6387,Giulia,Hernandez,F,58,Austria,Salzburg,5:42:57
6388,Abigail,Davis,F,34,Finland,Oulu,3:46:56
6389,Oliver,Ferrari,M,63,Turkey,Antalya,2:08:54
6390,Amelia,Smith,F,66,Netherlands,Utrecht,5:58:46
6391,Santiago,Anderson,M,18,Netherlands,Eindhoven,4:16:52
6392,Santiago,Oliveira,M,59,Singapore,Singapore,3:24:30
6393,Olivia,Johnson,F,40,Portugal,Coimbra,4:57:17
6394,Isabella,Smirnov,F,65,United Arab Emirates,Sharjah,3:30:28
6395,Megan,Harris,F,44,Germany,Munich,5:45:14
6396,Giovanni,Ramirez,M,42,Italy,Bologna,5:21:07
6397,Jakub,Davis,M,49,Ukraine,Kyiv,3:25:56
6398,Oliver,Melo,M,36,South Korea,Daegu,5:20:53
6399,Noah,Allen,M,41,Canada,Calgary,4:20:59
6400,Yuki,Petrov,F,20,Poland,Krakow,2:46:14
6401,Olga,Melo,F,29,Turkey,Istanbul,2:08:46
6402,Emily,Kuznetsov,F,52,Slovakia,Nitra,5:59:24
6403,Jakub,Davis,M,32,Kenya,Nairobi,3:47:40
6404,Olivia,Scott,F,34,Spain,Seville,5:05:02
6405,James,Ferrari,M,67,Austria,Graz,4:59:27
6406,Alina,Gonzalez,F,49,Austria,Innsbruck,3:25:01
6407,Mateusz,Harris,M,24,Israel,Beer Sheva,4:51:47
6408,James,Jackson,M,36,Netherlands,Rotterdam,3:34:17
6409,Sophia,Melo,F,24,Finland,Espoo,4:10:48
6410,Anna,Santos,F,22,Portugal,Porto,5:25:46
6411,Thomas,Jackson,M,57,Spain,Bilbao,3:11:35
6412,Jan,Nowak,M,38,Sweden,Malmo,2:28:30
6413,Anna,Nowak,F,65,Japan,Kyoto,3:24:24
6414,James,Nguyen,M,65,China,Guangzhou,5:17:51
6415,David,Wiśniewski,M,68,Hungary,Debrecen,4:52:17
6416,Elijah,Rossi,M,64,United Kingdom,Birmingham,2:27:17
6417,John,Moore,M,24,Netherlands,The Hague,3:35:20
6418,Lucia,Rossi,F,54,Slovakia,Nitra,2:06:57
6419,Olga,Nowak,F,40,Finland,Vantaa,2:36:08
6420,Evelyn,Gonzalez,F,28,South Africa,Cape Town,2:39:57
6421,Zuzanna,Martin,F,27,Australia,Sydney,2:35:13
6422,Carlos,Costa,M,38,Kenya,Nakuru,4:47:59
6423,Harry,Lee,M,58,Austria,Vienna,5:15:44
6424,Benjamin,Williams,M,50,Portugal,Coimbra,4:30:34
6425,Liam,Gonzalez,M,37,South Africa,Pretoria,2:44:34
6426,Noah,Robinson,M,50,Finland,Vantaa,2:30:26
6427,Laura,Melo,F,57,Austria,Salzburg,5:20:59
6428,Camila,Smith,F,52,United Arab Emirates,Sharjah,4:03:07
6429,Mateusz,Ferrari,M,51,Ukraine,Odesa,4:42:41
6430,Ekaterina,Perez,F,53,Finland,Oulu,4:31:33
6431,Maya,Harris,F,44,Norway,Tromso,3:05:14
6432,María,Romano,F,36,South Africa,Johannesburg,2:40:49
6433,Isabella,Perez,F,60,Canada,Calgary,3:00:01
6434,Emma,Santos,F,22,Russia,Moscow,4:27:59
6435,Ava,Ramirez,F,46,South Africa,Pretoria,3:06:20
6436,Isabela,Santos,F,27,South Korea,Seoul,4:48:14
6437,Julia,Ramirez,F,57,Israel,Haifa,5:58:35
6438,Mikhail,Garcia,M,30,South Africa,Port Elizabeth,2:59:42
6439,William,Smith,M,46,Italy,Rome,2:49:56
6440,Laura,Melo,F,22,Portugal,Coimbra,5:35:26
6441,Mateusz,Martin,M,29,Germany,Cologne,3:14:11
6442,James,Kuznetsov,M,30,Poland,Wroclaw,5:25:25
6443,Mia,Kuznetsov,F,39,Czech Republic,Pilsen,2:26:45
6444,Lucas,Jackson,M,57,Romania,Constanta,5:48:59
6445,Olivia,Bianchi,F,32,Czech Republic,Pilsen,2:16:56
6446,María,Wright,F,30,Singapore,Singapore,3:42:25
6447,Zuzanna,Miller,F,18,Switzerland,Bern,3:40:58
6448,Luis,Kowalski,M,55,Denmark,Aarhus,3:05:55
6449,Harry,Moore,M,60,Finland,Oulu,3:50:59
6450,Sunita,Walker,F,62,India,Mumbai,5:11:23
6451,Ava,King,F,70,Israel,Beer Sheva,4:26:45
6452,Sunita,Smith,F,69,Mexico,Puebla,2:43:00
6453,Mateusz,Kaczmarek,M,18,Israel,Tel Aviv,2:48:42
6454,Thomas,Wiśniewski,M,28,Portugal,Coimbra,4:36:19
6455,Valentina,Ramirez,F,60,Poland,Krakow,3:17:22
6456,Carlos,Scott,M,57,India,Chennai,2:46:29
6457,Valentina,Jackson,F,39,Italy,Turin,2:37:02
6458,Thomas,Martinez,M,52,Slovakia,Nitra,3:49:38
6459,Jakub,Wright,M,68,France,Bordeaux,4:20:15
6460,Jack,Torres,M,61,Netherlands,The Hague,4:19:09
6461,Arthur,Sanchez,M,23,Finland,Oulu,3:12:09
6462,Sofia,Harris,F,45,France,Lyon,2:56:03
6463,Yuki,Robinson,F,48,Argentina,Cordoba,5:46:53
6464,Liam,King,M,25,Ethiopia,Addis Ababa,4:24:12
6465,Chiara,Wright,F,22,Sweden,Vasteras,4:57:59
6466,Pedro,Scott,M,59,Turkey,Bursa,5:00:43
6467,Olga,King,F,65,Czech Republic,Prague,4:46:15
6468,Jack,Davis,M,61,Brazil,Fortaleza,3:09:52
6469,Emily,King,F,34,Sweden,Vasteras,2:33:57
6470,Olivia,Rossi,F,55,South Korea,Daegu,3:15:20
6471,Sunita,Jones,F,26,Netherlands,The Hague,4:03:00
6472,Magdalena,Johnson,F,27,Norway,Tromso,4:53:20
6473,Magdalena,Bianchi,F,37,Turkey,Istanbul,4:44:22
6474,Maya,Ramirez,F,31,Denmark,Aalborg,5:56:45
6475,Camila,White,F,31,Canada,Vancouver,4:54:29
6476,Sara,Silva,F,43,Mexico,Monterrey,3:01:35
6477,Isabella,Torres,F,46,Australia,Perth,2:45:54
6478,Giovanni,Santos,M,66,United Arab Emirates,Dubai,5:32:31
6479,Julia,Johnson,F,44,Romania,Constanta,3:27:37
6480,George,Thomas,M,42,Australia,Sydney,2:43:07
6481,Evelyn,Johnson,F,33,Argentina,La Plata,4:42:08
6482,James,Rodriguez,M,53,Singapore,Singapore,4:20:50
6483,Isabela,Oliveira,F,51,Ukraine,Odesa,3:49:52
6484,Kacper,Robinson,M,33,Sweden,Uppsala,5:14:26
6485,Robert,Torres,M,50,United States,New York,4:41:38
6486,Thomas,Romano,M,20,United Kingdom,London,4:29:56
6487,Camila,Harris,F,40,Kenya,Mombasa,5:24:19
6488,Liam,Martin,M,28,Kenya,Mombasa,5:38:32
6489,James,Scott,M,65,Kenya,Eldoret,4:44:55
6490,Olivia,Wiśniewski,F,35,Italy,Rome,4:50:59
6491,Ingrid,White,F,64,Czech Republic,Brno,3:07:13
6492,Henry,Jones,M,58,Australia,Melbourne,4:33:12
6493,Giovanni,White,M,61,Germany,Frankfurt,5:14:56
6494,Piotr,Allen,M,46,Poland,Poznan,3:30:13
6495,Zuzanna,Davis,F,67,Australia,Brisbane,5:30:37
6496,Giovanni,Young,M,22,Brazil,Salvador,2:55:05
6497,Giovanni,Jackson,M,41,Germany,Cologne,3:24:50
6498,James,Petrov,M,46,Ukraine,Dnipro,5:30:13
6499,Henry,Young,M,46,China,Guangzhou,5:29:34
6500,Alina,Harris,F,43,Japan,Osaka,2:05:10
6501,George,Lopez,M,57,Hungary,Debrecen,5:43:15
6502,William,Miller,M,20,Finland,Tampere,3:32:01
6503,Daniel,Ivanov,M,19,Hungary,Szeged,4:55:50
6504,Thomas,Martinez,M,42,Germany,Cologne,3:06:17
6505,Mikhail,Garcia,M,36,Hungary,Szeged,5:08:31
6506,Yuki,Kuznetsov,F,57,South Africa,Pretoria,4:37:44
6507,Maya,Sanchez,F,19,Ukraine,Odesa,4:07:14
6508,Evelyn,Ramirez,F,36,Ukraine,Kyiv,5:24:44
6509,Ekaterina,Lopez,F,18,Australia,Adelaide,5:02:26
6510,Sofia,Martinez,F,44,Slovakia,Bratislava,3:31:04
6511,George,Walker,M,62,Slovakia,Zilina,4:35:33
6512,Anna,Allen,F,69,Ethiopia,Dire Dawa,3:59:20
6513,Maya,Jones,F,66,Austria,Innsbruck,4:20:05
6514,María,Brown,F,52,Romania,Cluj-Napoca,5:35:46
6515,Maria,Popov,F,58,Finland,Tampere,2:09:44
6516,Mateusz,Moore,M,22,Ethiopia,Addis Ababa,3:54:03
6517,Evelyn,Miller,F,55,Canada,Montreal,3:37:50
6518,Olga,Thompson,F,21,South Africa,Port Elizabeth,3:40:31
6519,Alina,White,F,34,Poland,Warsaw,4:11:51
6520,Michael,Romano,M,70,Slovakia,Bratislava,2:45:35
6521,Oliver,Lee,M,38,Germany,Cologne,4:10:23
6522,Pedro,Kaczmarek,M,70,Poland,Gdansk,5:08:43
6523,Isabella,Rodriguez,F,65,Spain,Madrid,5:36:52
6524,Liam,Silva,M,48,Romania,Timisoara,2:22:09
6525,Jack,Martinez,M,65,Kenya,Nairobi,3:54:44
6526,Evelyn,Silva,F,39,United States,Boston,4:19:51
6527,Mateusz,Young,M,28,United Arab Emirates,Ajman,3:19:11
6528,Olivia,Kuznetsov,F,51,Romania,Constanta,2:54:26
6529,Jack,Johnson,M,66,Romania,Iasi,4:14:15
6530,Sophia,Jones,F,32,South Korea,Incheon,2:14:13
6531,Laura,Anderson,F,67,Canada,Ottawa,2:09:27
6532,Anna,Clark,F,27,Hungary,Miskolc,4:03:55
6533,Ekaterina,Brown,F,55,China,Guangzhou,2:25:40
6534,Giovanni,Hernandez,M,49,Portugal,Faro,3:14:19
6535,Hugo,Ferrari,M,70,South Korea,Daejeon,2:46:29
6536,Henry,Moore,M,65,Mexico,Guadalajara,4:15:58
6537,Emily,Lopez,F,48,United States,Boston,5:04:40
6538,Isabella,Hernandez,F,54,Portugal,Faro,3:34:54
6539,Thomas,Kowalski,M,61,Norway,Bergen,4:29:21
6540,Zuzanna,Oliveira,F,45,Italy,Milan,2:59:47
6541,Mikhail,Smith,M,48,Hungary,Pecs,5:27:08
6542,Sophia,Garcia,F,23,Romania,Iasi,2:38:39
6543,Olivia,King,F,31,South Korea,Incheon,4:55:15
6544,Robert,Lopez,M,40,Denmark,Aalborg,4:48:01
6545,Mateo,Smirnov,M,33,Brazil,Rio de Janeiro,5:44:25
6546,Alexander,Kuznetsov,M,42,United Kingdom,Birmingham,3:33:33
6547,María,Thomas,F,56,Israel,Jerusalem,4:55:52
6548,Mia,Rodriguez,F,19,Hungary,Debrecen,3:16:57
6549,Carlos,Jones,M,55,Canada,Toronto,3:42:04
6550,Jakub,Gomes,M,58,Turkey,Istanbul,4:45:11
6551,Daniel,Gomes,M,56,Finland,Helsinki,4:36:12
6552,Magdalena,Smith,F,51,Finland,Espoo,2:18:58
6553,Emily,Jones,F,68,Norway,Stavanger,4:34:03
6554,Elijah,Rossi,M,57,Brazil,Salvador,4:26:01
6555,Katarzyna,Scott,F,60,Denmark,Aarhus,5:17:41
6556,Sophia,Garcia,F,42,Finland,Helsinki,5:57:02
6557,Lucas,Torres,M,53,Japan,Osaka,3:25:27
6558,Mateusz,Smith,M,33,India,Hyderabad,4:01:27
6559,Sunita,Lopez,F,35,Ukraine,Kharkiv,5:40:03
6560,Sara,Oliveira,F,30,Czech Republic,Olomouc,3:03:23
6561,Benjamin,Ferrari,M,54,Ukraine,Kharkiv,5:27:32
6562,James,Lee,M,44,Switzerland,Bern,5:53:39
6563,Santiago,Ramirez,M,51,Netherlands,Rotterdam,4:15:24
6564,Mia,Kowalczyk,F,28,Germany,Frankfurt,2:39:35
6565,Oliver,Kowalczyk,M,18,Brazil,Fortaleza,2:26:52
6566,Mateusz,Anderson,M,30,France,Nice,2:43:04
6567,María,Brown,F,47,Canada,Calgary,4:27:55
6568,Ingrid,Rodriguez,F,22,Argentina,Mendoza,5:31:12
6569,Lorenzo,Williams,M,35,Australia,Perth,5:33:53
6570,Oliver,Robinson,M,31,Ukraine,Odesa,2:51:48
6571,Isabella,Bianchi,F,30,Norway,Bergen,4:34:55
6572,Pedro,Nguyen,M,49,Russia,Saint Petersburg,5:33:47
6573,Jan,Ivanov,M,24,Turkey,Bursa,4:39:48
6574,Olivia,Smith,F,25,Germany,Cologne,5:23:54
6575,John,Taylor,M,67,India,Delhi,5:36:15
6576,Mia,Oliveira,F,24,Romania,Constanta,3:53:41
6577,Isabella,Torres,F,69,Czech Republic,Pilsen,3:50:55
6578,Oleg,Scott,M,66,China,Shanghai,3:06:59
6579,Jan,Smirnov,M,33,United Arab Emirates,Ras Al Khaimah,3:24:31
6580,Alina,Anderson,F,60,Argentina,Rosario,2:49:56
6581,Abigail,Bianchi,F,48,Argentina,Mendoza,5:32:38
6582,Ingrid,King,F,68,Australia,Adelaide,5:49:23
6583,Sara,Clark,F,44,Italy,Bologna,3:41:36
6584,Harry,Scott,M,50,Netherlands,The Hague,2:18:28
6585,Ingrid,Wilson,F,70,South Korea,Seoul,4:57:23
6586,Carlos,Thompson,M,46,Canada,Toronto,2:59:53
6587,Henry,Murphy,M,25,South Africa,Port Elizabeth,4:43:17
6588,Alexander,Moore,M,50,Switzerland,Lausanne,3:02:39
6589,John,Kaczmarek,M,58,United Arab Emirates,Sharjah,2:45:19
6590,Amelia,Clark,F,36,United Arab Emirates,Dubai,3:15:24
6591,James,Kowalski,M,38,Denmark,Esbjerg,4:11:11
6592,David,Gomes,M,58,Ethiopia,Mekelle,3:51:03
6593,Alexander,Walker,M,38,Germany,Berlin,4:41:28
6594,Valentina,Bianchi,F,42,Slovakia,Kosice,3:21:07
6595,Daria,Bianchi,F,59,Spain,Bilbao,3:03:44
6596,Daniel,Garcia,M,40,Ethiopia,Gondar,3:57:31
6597,Hugo,Santos,M,28,Portugal,Faro,4:46:57
6598,William,Williams,M,50,Argentina,La Plata,3:48:57
6599,Maria,Perez,F,37,Argentina,Buenos Aires,4:48:11
6600,Ava,Martinez,F,42,Romania,Constanta,4:38:56
6601,Katarzyna,Kaczmarek,F,43,United Arab Emirates,Ras Al Khaimah,4:57:25
6602,Olga,Petrov,F,57,Italy,Rome,3:33:39
6603,Arthur,Sanchez,M,69,Hungary,Debrecen,2:36:07
6604,Chiara,Ivanov,F,29,Portugal,Faro,2:27:55
6605,Camila,Jones,F,49,United Arab Emirates,Dubai,4:20:30
6606,Giovanni,Santos,M,50,Romania,Constanta,3:35:01
6607,Nikolai,Wilson,M,27,Canada,Calgary,4:31:43
6608,Magdalena,Lewis,F,21,United Kingdom,Birmingham,4:01:32
6609,Maria,King,F,32,Switzerland,Bern,5:55:50
6610,Ivan,Perez,M,68,Australia,Sydney,3:00:16
6611,Abigail,Clark,F,23,Austria,Graz,5:45:35
6612,Megan,Brown,F,44,Canada,Calgary,2:31:38
6613,Luis,Costa,M,22,Germany,Berlin,3:27:29
6614,Mikhail,Wright,M,22,Portugal,Faro,3:54:32
6615,Pedro,Williams,M,35,Poland,Wroclaw,4:54:29
6616,Isabela,Lewis,F,45,Russia,Yekaterinburg,5:47:29
6617,Lorenzo,Nguyen,M,52,Argentina,Mendoza,5:53:50
6618,Thomas,Anderson,M,39,Ethiopia,Dire Dawa,5:34:49
6619,Maria,Santos,F,51,Sweden,Malmo,2:15:38
6620,Daria,Gomes,F,21,Japan,Nagoya,3:14:26
6621,Daniel,Allen,M,35,Mexico,Monterrey,4:53:34
6622,Lorenzo,Scott,M,58,Germany,Hamburg,2:15:45
6623,Oleg,Lopez,M,68,Romania,Timisoara,3:43:04
6624,Zuzanna,Bianchi,F,43,Denmark,Aarhus,3:56:08
6625,Chiara,Harris,F,59,Denmark,Copenhagen,5:32:41
6626,Oleg,Sanchez,M,39,South Africa,Port Elizabeth,4:54:50
6627,Evelyn,Wright,F,64,Spain,Valencia,2:06:29
6628,Sophia,Perez,F,50,Austria,Linz,5:16:10
6629,Anna,Brown,F,60,South Korea,Incheon,5:00:58
6630,María,Ferrari,F,31,Sweden,Stockholm,4:35:15
6631,Marco,Gomes,M,48,Romania,Iasi,2:14:10
6632,Mikhail,Kuznetsov,M,27,United States,San Francisco,4:22:31
6633,Sophia,Sanchez,F,68,Spain,Barcelona,3:32:04
6634,Magdalena,Lewis,F,41,Slovakia,Zilina,5:50:50
6635,Sunita,Perez,F,38,Poland,Warsaw,3:38:01
6636,Kacper,Garcia,M,65,Finland,Tampere,5:31:54
6637,Magdalena,Sanchez,F,25,Turkey,Antalya,3:14:38
6638,Sofia,Wilson,F,49,Mexico,Mexico City,4:42:15
6639,Jack,Lopez,M,48,Switzerland,Basel,3:02:59
6640,Liam,Murphy,M,51,Poland,Wroclaw,4:37:17
6641,Ava,Wright,F,40,Slovakia,Bratislava,4:48:52
6642,Anna,Santos,F,42,Austria,Salzburg,4:54:04
6643,Jan,Miller,M,24,Ethiopia,Dire Dawa,3:46:31
6644,Ava,Young,F,36,Spain,Madrid,2:48:53
6645,Oleg,Popov,M,24,United States,Chicago,3:58:10
6646,Noah,Petrov,M,64,Romania,Timisoara,3:03:21
6647,Yuki,Miller,F,25,Finland,Espoo,2:19:49
6648,Chiara,Miller,F,31,United States,San Francisco,4:31:05
6649,Mia,Miller,F,18,Spain,Valencia,4:30:04
6650,Sara,Kaczmarek,F,30,Germany,Hamburg,4:05:46
6651,David,Harris,M,20,Czech Republic,Ostrava,3:14:20
6652,Charlotte,Murphy,F,70,Brazil,Sao Paulo,4:54:16
6653,Noah,Martinez,M,45,Norway,Oslo,3:12:31
6654,Piotr,Bianchi,M,55,Ethiopia,Dire Dawa,2:42:10
6655,Nikolai,Kuznetsov,M,68,South Korea,Busan,3:31:25
6656,Marco,Ivanov,M,32,Germany,Cologne,4:07:55
6657,Jakub,Brown,M,53,United Arab Emirates,Abu Dhabi,3:48:17
6658,Santiago,Hernandez,M,70,Czech Republic,Pilsen,5:50:32
6659,Noah,Sanchez,M,20,Russia,Kazan,2:43:03
6660,Arthur,White,M,21,Japan,Osaka,3:28:04
6661,Chiara,Lee,F,22,Australia,Brisbane,2:15:11
6662,Mikhail,Smirnov,M,67,Germany,Munich,4:28:49
6663,James,Ivanov,M,43,Mexico,Puebla,5:48:34
6664,Camila,Smith,F,42,Portugal,Porto,4:45:51
6665,Mia,Petrov,F,27,Italy,Bologna,3:58:57
6666,Evelyn,Lopez,F,25,Spain,Madrid,4:03:26
6667,Marco,Santos,M,29,Brazil,Brasilia,5:53:52
6668,Zuzanna,Rossi,F,20,Canada,Toronto,4:06:15
6669,Jack,Thompson,M,44,Czech Republic,Brno,4:30:15
6670,Elijah,Smith,M,67,Finland,Oulu,5:54:14
6671,Mateo,Costa,M,40,Canada,Vancouver,3:04:37
6672,Lucia,Wiśniewski,F,57,United Kingdom,Edinburgh,3:53:06
6673,Elijah,Garcia,M,50,Russia,Novosibirsk,5:43:07
6674,Jan,Davis,M,31,Switzerland,Lausanne,5:18:10
6675,Piotr,Wilson,M,40,Denmark,Aarhus,2:42:41
6676,Camila,Melo,F,48,Ukraine,Kharkiv,2:22:03
6677,Katarzyna,Bianchi,F,30,United Kingdom,Manchester,4:47:51
6678,Harry,Taylor,M,29,Ukraine,Lviv,4:26:53
6679,María,Novak,F,52,Poland,Poznan,5:13:38
6680,Sunita,Perez,F,35,France,Marseille,5:08:43
6681,Ava,Lewis,F,38,Switzerland,Zurich,4:05:35
6682,Nikolai,Williams,M,62,United States,Chicago,5:32:47
6683,Olivia,Miller,F,64,Romania,Bucharest,5:01:59
6684,Marco,Kuznetsov,M,59,Sweden,Stockholm,5:11:12
6685,Valentina,Silva,F,18,Russia,Saint Petersburg,3:07:37
6686,Henry,Robinson,M,55,Romania,Iasi,5:58:12
6687,George,Scott,M,58,Netherlands,Utrecht,4:19:28
6688,Elijah,Gomes,M,59,Canada,Ottawa,4:29:01
6689,Katarzyna,Kuznetsov,F,64,United States,Chicago,2:26:24
6690,Harry,Ivanov,M,26,Netherlands,Utrecht,5:20:10
6691,Magdalena,Nowak,F,40,Austria,Linz,2:32:40
6692,Noah,Melo,M,31,Slovakia,Kosice,3:34:13
6693,Chiara,Petrov,F,28,China,Guangzhou,2:20:03
6694,Isabella,Brown,F,24,Netherlands,Utrecht,4:41:09
6695,Olivia,Sanchez,F,48,Russia,Novosibirsk,4:27:01
6696,Alina,Ivanov,F,41,Finland,Tampere,4:32:08
6697,Sunita,Wilson,F,43,France,Lyon,4:53:01
6698,Oleg,Kaczmarek,M,47,Kenya,Eldoret,3:45:10
6699,Olivia,Wilson,F,51,Russia,Novosibirsk,4:52:39
6700,Harry,Davis,M,63,Switzerland,Zurich,5:03:27
6701,Olivia,Moore,F,55,Turkey,Izmir,2:11:52
6702,Katarzyna,Rodriguez,F,22,Germany,Frankfurt,3:55:39
6703,Oliver,Oliveira,M,22,Hungary,Miskolc,5:55:28
6704,Hugo,Ramirez,M,36,Kenya,Kisumu,3:08:53
6705,Oliver,Allen,M,68,Czech Republic,Olomouc,2:45:15
6706,Sunita,Smirnov,F,55,Russia,Moscow,2:48:06
6707,Alina,Jones,F,45,Russia,Moscow,3:37:51
6708,Isabella,Wright,F,43,Poland,Poznan,4:47:36
6709,Daria,Novak,F,59,Kenya,Kisumu,5:38:22
6710,Sunita,Melo,F,40,Austria,Innsbruck,4:29:32
6711,Benjamin,Anderson,M,63,Ethiopia,Dire Dawa,3:54:17
6712,Piotr,Oliveira,M,66,Ethiopia,Gondar,4:59:27
6713,Sunita,Kowalski,F,47,Sweden,Malmo,3:49:40
6714,Camila,Wright,F,20,United Arab Emirates,Sharjah,5:25:32
6715,Katarzyna,Thompson,F,45,United Kingdom,Birmingham,5:16:43
6716,Ivan,Melo,M,50,Romania,Bucharest,2:53:02
6717,Mateusz,Ivanov,M,59,Slovakia,Presov,5:23:55
6718,Jack,Perez,M,20,Portugal,Braga,2:46:59
6719,Alexander,Williams,M,22,Finland,Vantaa,5:38:25
6720,Mateusz,Harris,M,36,Hungary,Miskolc,5:54:32
6721,Isabella,Williams,F,59,Germany,Munich,3:18:20
6722,Elijah,Clark,M,65,South Korea,Daejeon,4:32:26
6723,Olivia,Torres,F,18,Japan,Osaka,4:54:29
6724,Jack,Smith,M,55,Denmark,Esbjerg,2:08:00
6725,Emma,Sanchez,F,26,Romania,Timisoara,3:13:45
6726,Jack,Ramirez,M,22,Switzerland,Geneva,2:55:19
6727,Thomas,Brown,M,63,Russia,Kazan,2:17:44
6728,William,Wright,M,59,Argentina,La Plata,3:13:55
6729,Julia,Kuznetsov,F,51,Germany,Berlin,5:00:58
6730,María,Walker,F,54,Slovakia,Bratislava,5:16:30
6731,Alexander,Williams,M,50,South Korea,Seoul,5:07:51
6732,Ivan,Walker,M,42,Czech Republic,Prague,5:44:39
6733,Isabella,Moore,F,59,Turkey,Bursa,5:01:03
6734,Henry,Kuznetsov,M,46,Russia,Moscow,3:28:58
6735,Hugo,Petrov,M,42,Germany,Cologne,5:47:34
6736,Valentina,Torres,F,26,Norway,Oslo,3:58:19
6737,Alina,Martin,F,20,Argentina,Mendoza,3:01:30
6738,Harry,Smirnov,M,32,Russia,Kazan,4:51:14
6739,Mateusz,Costa,M,21,Norway,Bergen,5:41:12
6740,Chiara,Johnson,F,62,Austria,Graz,2:22:44
6741,Liam,Sanchez,M,55,Czech Republic,Ostrava,2:45:56
6742,Michael,Robinson,M,37,Ukraine,Lviv,3:39:41
6743,Julia,Wiśniewski,F,66,United Kingdom,London,2:27:26
6744,Sofia,Perez,F,40,Austria,Vienna,4:58:39
6745,Jan,Smith,M,54,United Arab Emirates,Ras Al Khaimah,4:01:37
6746,Giulia,Hernandez,F,64,Norway,Oslo,4:41:14
6747,Katarzyna,Romano,F,25,India,Delhi,3:13:52
6748,Liam,Jones,M,54,Finland,Oulu,2:45:53
6749,Olivia,Wilson,F,62,Mexico,Guadalajara,2:13:58
6750,Jakub,Lee,M,50,South Africa,Port Elizabeth,5:01:55
6751,Alexander,Rodriguez,M,50,Singapore,Singapore,2:43:23
6752,Laura,Lopez,F,24,Russia,Moscow,3:52:01
6753,Nikolai,Miller,M,39,Romania,Bucharest,2:09:08
6754,Giovanni,Wright,M,22,Austria,Linz,5:41:20
6755,Alexander,Lopez,M,63,Singapore,Singapore,4:38:52
6756,Harry,Brown,M,32,Hungary,Miskolc,2:28:11
6757,Camila,Petrov,F,38,Denmark,Esbjerg,2:41:12
6758,Ingrid,Smirnov,F,42,South Korea,Busan,2:27:15
6759,Abigail,Anderson,F,34,Slovakia,Bratislava,2:42:39
6760,Lucas,Martin,M,67,Netherlands,Rotterdam,3:55:15
6761,Piotr,Silva,M,24,Kenya,Kisumu,3:37:14
6762,Benjamin,Jones,M,67,Switzerland,Basel,4:29:51
6763,Liam,Kowalczyk,M,36,India,Hyderabad,2:18:30
6764,Oliver,Torres,M,69,Finland,Helsinki,5:58:43
6765,Ava,Nowak,F,24,Switzerland,Lausanne,3:28:04
6766,Lucia,Romano,F,57,Japan,Kyoto,4:07:28
6767,Ava,Thompson,F,62,South Africa,Pretoria,4:10:56
6768,Ivan,Smith,M,67,Ukraine,Odesa,3:06:53
6769,Hannah,Scott,F,41,Portugal,Coimbra,3:06:44
6770,Carlos,Allen,M,28,Australia,Melbourne,2:25:10
6771,Alexander,Thomas,M,58,Kenya,Nairobi,3:07:25
6772,Olivia,Martinez,F,18,Australia,Brisbane,4:54:38
6773,Amelia,Garcia,F,49,Denmark,Copenhagen,4:14:51
6774,Jakub,Sanchez,M,57,Ukraine,Kharkiv,2:29:51
6775,Marco,Anderson,M,70,Romania,Iasi,4:06:41
6776,Henry,Kowalski,M,61,Mexico,Monterrey,5:32:42
6777,Olivia,Jackson,F,19,South Africa,Cape Town,3:52:40
6778,Piotr,Gomes,M,32,China,Shenzhen,2:55:48
6779,Sara,Perez,F,38,Slovakia,Presov,3:26:59
6780,Jack,Scott,M,41,Israel,Jerusalem,5:45:18
6781,Daniel,Lewis,M,67,Turkey,Bursa,2:53:54
6782,Jan,Silva,M,34,Norway,Oslo,3:46:50
6783,Ingrid,Costa,F,64,Canada,Ottawa,5:34:16
6784,Santiago,Garcia,M,69,United Arab Emirates,Abu Dhabi,2:35:17
6785,Sofia,Nguyen,F,69,Netherlands,Eindhoven,3:55:13
6786,Maya,Kaczmarek,F,26,Denmark,Aalborg,3:16:59
6787,Isabela,Martin,F,52,Switzerland,Geneva,2:26:15
6788,Sofia,Sanchez,F,37,Italy,Turin,4:05:31
6789,Ava,Anderson,F,36,Poland,Warsaw,5:11:54
6790,Anna,Clark,F,35,Ukraine,Lviv,2:52:57
6791,Camila,Bianchi,F,37,Sweden,Vasteras,3:11:54
6792,Liam,Oliveira,M,47,Slovakia,Nitra,3:13:07
6793,Alexander,Robinson,M,57,Norway,Bergen,2:24:07
6794,Mateusz,Thompson,M,18,France,Bordeaux,2:08:57
6795,Robert,Lopez,M,41,South Korea,Seoul,2:40:22
6796,William,Taylor,M,41,Switzerland,Lausanne,4:11:49
6797,Sara,Robinson,F,64,Switzerland,Basel,3:21:35
6798,Noah,Smirnov,M,36,Norway,Oslo,4:47:17
6799,George,Rodriguez,M,47,Australia,Sydney,3:11:23
6800,Olivia,Melo,F,43,Austria,Vienna,5:34:15
6801,Marco,Davis,M,59,Mexico,Mexico City,4:20:34
6802,James,Bianchi,M,61,Portugal,Braga,3:38:26
6803,Kacper,Romano,M,55,Finland,Tampere,4:37:58
6804,Mateo,Anderson,M,46,Mexico,Puebla,2:32:03
6805,Thomas,Smith,M,30,Turkey,Istanbul,5:13:33
6806,Camila,Gonzalez,F,21,Kenya,Nakuru,5:23:38
6807,Isabela,Smirnov,F,62,Argentina,Cordoba,4:05:26
6808,Mateo,Miller,M,34,Germany,Berlin,5:26:33
6809,George,Popov,M,50,Argentina,Buenos Aires,2:17:02
6810,Mateo,Jones,M,22,United States,Los Angeles,2:23:15
6811,Katarzyna,Melo,F,45,Australia,Brisbane,3:08:47
6812,Robert,Rossi,M,41,India,Mumbai,3:16:25
6813,Lucas,King,M,34,Germany,Hamburg,2:21:35
6814,Ingrid,Melo,F,67,Spain,Seville,3:39:41
6815,Michael,Popov,M,56,Spain,Bilbao,3:22:41
6816,Liam,Ivanov,M,65,Netherlands,Amsterdam,2:21:32
6817,Mateusz,Torres,M,57,Poland,Poznan,2:51:23
6818,Charlotte,Ramirez,F,61,India,Hyderabad,4:24:07
6819,Charlotte,Kaczmarek,F,63,Singapore,Singapore,4:53:07
6820,Amelia,Allen,F,68,Austria,Innsbruck,3:39:42
6821,Pedro,Wilson,M,28,Portugal,Faro,4:51:08
6822,Hannah,White,F,29,Mexico,Mexico City,3:44:21
6823,Anna,Scott,F,30,United Kingdom,Glasgow,3:24:28
6824,Olga,Garcia,F,25,Brazil,Rio de Janeiro,3:41:00
6825,Harry,Oliveira,M,18,Brazil,Sao Paulo,3:31:44
6826,Zuzanna,Torres,F,26,Finland,Vantaa,4:56:48
6827,Giovanni,Smirnov,M,45,Portugal,Faro,4:10:52
6828,John,Hernandez,M,19,Ethiopia,Addis Ababa,5:01:52
6829,Charlotte,Harris,F,31,Russia,Yekaterinburg,4:22:26
6830,Thomas,King,M,30,Kenya,Eldoret,2:06:24
6831,Ava,Kuznetsov,F,65,Portugal,Coimbra,3:44:36
6832,Elijah,Wiśniewski,M,19,Finland,Tampere,4:20:47
6833,Anna,Melo,F,21,Switzerland,Basel,4:03:04
6834,Anna,Walker,F,29,United Kingdom,Edinburgh,5:09:40
6835,Hannah,Wiśniewski,F,65,Kenya,Nairobi,5:39:39
6836,George,Silva,M,27,Austria,Vienna,2:51:19
6837,Hugo,Jones,M,20,Poland,Gdansk,3:45:55
6838,Olga,Harris,F,21,India,Chennai,2:49:29
6839,George,Martinez,M,23,Denmark,Odense,5:25:28
6840,Isabella,Melo,F,40,Netherlands,Amsterdam,2:21:48
6841,Maya,Walker,F,22,Canada,Ottawa,2:44:24
6842,Santiago,Bianchi,M,67,Germany,Hamburg,3:06:26
6843,David,Moore,M,20,Netherlands,Rotterdam,3:57:48
6844,Piotr,Oliveira,M,27,Japan,Osaka,5:33:59
6845,Daria,Costa,F,60,Kenya,Eldoret,2:41:39
6846,Elijah,Petrov,M,36,Israel,Tel Aviv,4:44:11
6847,Benjamin,Allen,M,31,India,Hyderabad,2:20:09
6848,Henry,Hernandez,M,38,India,Mumbai,3:02:19
6849,Emily,Hernandez,F,60,Mexico,Monterrey,3:43:02
6850,Liam,Brown,M,45,Italy,Turin,2:53:33
6851,Santiago,Scott,M,38,Poland,Warsaw,3:23:15
6852,Giulia,Kowalski,F,53,Mexico,Monterrey,2:21:46
6853,Alina,Wright,F,41,Austria,Innsbruck,4:03:34
6854,Evelyn,Novak,F,55,South Korea,Seoul,5:12:24
6855,Lucas,Rodriguez,M,34,China,Guangzhou,5:48:31
6856,Alexander,Brown,M,39,Slovakia,Kosice,2:24:03
6857,Maria,Garcia,F,36,Romania,Cluj-Napoca,4:10:52
6858,Mikhail,Moore,M,62,Portugal,Lisbon,5:34:50
6859,Olivia,Moore,F,27,Switzerland,Geneva,5:58:47
6860,Giulia,Popov,F,28,Canada,Toronto,5:15:12
6861,Henry,Gomes,M,55,Austria,Linz,2:25:24
6862,Megan,Kowalczyk,F,19,Kenya,Mombasa,5:26:10
6863,Amelia,Jones,F,50,Sweden,Uppsala,5:46:54
6864,Carlos,White,M,60,Slovakia,Nitra,3:19:55
6865,Ingrid,Murphy,F,48,Mexico,Mexico City,4:22:39
6866,Lorenzo,Smirnov,M,65,Denmark,Esbjerg,5:32:21
6867,Liam,Ivanov,M,52,United States,Chicago,4:38:26
6868,Henry,Kowalczyk,M,54,Hungary,Miskolc,5:55:05
6869,Olivia,Rodriguez,F,64,Japan,Sapporo,2:08:01
6870,Ava,Novak,F,64,Japan,Nagoya,5:38:32
6871,Giulia,Brown,F,53,Sweden,Stockholm,3:50:32
6872,Mikhail,Gomes,M,40,Kenya,Nairobi,5:30:07
6873,Abigail,Anderson,F,53,Australia,Brisbane,3:27:26
6874,Henry,Rodriguez,M,57,India,Delhi,4:09:10
6875,María,Young,F,56,Denmark,Odense,2:54:05
6876,Kacper,Silva,M,43,Netherlands,Amsterdam,4:55:49
6877,Henry,Smirnov,M,42,Austria,Innsbruck,5:07:19
6878,Benjamin,Thomas,M,34,Finland,Helsinki,4:52:52
6879,Magdalena,Kuznetsov,F,32,Turkey,Ankara,5:21:34
6880,Lorenzo,Williams,M,54,South Korea,Daejeon,4:32:26
6881,Evelyn,Allen,F,62,India,Hyderabad,3:06:26
6882,James,Clark,M,21,Slovakia,Zilina,5:51:54
6883,Piotr,Oliveira,M,39,Israel,Jerusalem,2:43:08
6884,Elijah,Clark,M,34,Netherlands,Eindhoven,4:58:11
6885,Maria,Sanchez,F,39,Japan,Osaka,2:52:11
6886,Valentina,Smith,F,34,Russia,Moscow,5:18:20
6887,Elijah,Thompson,M,31,South Africa,Cape Town,4:58:47
6888,George,Anderson,M,31,Sweden,Gothenburg,5:03:23
6889,Marco,Robinson,M,34,Switzerland,Lausanne,4:33:33
6890,Sara,Thompson,F,25,France,Paris,2:59:08
6891,Luis,Santos,M,51,Finland,Vantaa,4:41:32
6892,Maya,Miller,F,43,Australia,Adelaide,5:44:28
6893,Sunita,Wright,F,62,Slovakia,Bratislava,5:02:34
6894,Lucas,Rodriguez,M,47,Israel,Jerusalem,5:39:25
6895,William,Ivanov,M,39,Netherlands,Rotterdam,4:26:41
6896,Emma,Nowak,F,33,Norway,Oslo,2:22:05
6897,Sofia,Murphy,F,47,Singapore,Singapore,3:18:32
6898,James,Clark,M,33,Brazil,Sao Paulo,3:43:22
6899,William,Walker,M,55,Poland,Gdansk,4:47:04
6900,Oleg,Harris,M,41,Romania,Bucharest,5:46:47
6901,George,Williams,M,53,Japan,Nagoya,3:05:43
6902,Mateo,Nguyen,M,52,Canada,Calgary,4:27:39
6903,Robert,Wilson,M,23,Norway,Bergen,3:22:30
6904,Amelia,Rossi,F,21,Canada,Calgary,5:05:44
6905,Noah,Taylor,M,35,Canada,Toronto,2:25:49
6906,Ivan,Romano,M,23,Canada,Toronto,2:54:43
6907,Daniel,Ferrari,M,43,Italy,Rome,3:21:15
6908,Ekaterina,Jones,F,54,United States,Los Angeles,5:12:00
6909,Sunita,Harris,F,44,Norway,Tromso,5:13:46
6910,Luis,Hernandez,M,58,Portugal,Braga,4:09:07
6911,Alexander,Torres,M,28,Mexico,Guadalajara,5:29:47
6912,Mia,Bianchi,F,55,United States,New York,4:37:11
6913,Lorenzo,Davis,M,33,Czech Republic,Brno,3:13:29
6914,Carlos,Young,M,36,Ethiopia,Mekelle,5:32:09
6915,Liam,Allen,M,60,Mexico,Monterrey,3:12:03
6916,Elijah,White,M,70,Australia,Perth,5:23:03
6917,Luis,Scott,M,32,Denmark,Odense,4:17:49
6918,Magdalena,Romano,F,43,Netherlands,Amsterdam,2:14:49
6919,Lucia,Romano,F,58,Switzerland,Bern,2:34:42
6920,Luis,Robinson,M,48,Brazil,Fortaleza,3:21:08
6921,Ava,Harris,F,36,United Kingdom,Manchester,5:55:35
6922,Lucas,Smirnov,M,68,Czech Republic,Ostrava,4:41:39
6923,Luis,Gomes,M,41,Italy,Milan,3:18:32
6924,Abigail,Garcia,F,26,Israel,Tel Aviv,5:52:52
6925,Ingrid,Allen,F,40,Portugal,Braga,5:37:12
6926,Luis,White,M,21,United Arab Emirates,Abu Dhabi,5:00:35
6927,Mateusz,Brown,M,27,Ethiopia,Gondar,4:35:38
6928,Daria,Nguyen,F,26,South Korea,Seoul,5:01:56
6929,Alina,Kaczmarek,F,36,United Kingdom,London,3:23:00
6930,Maria,Martin,F,32,Argentina,Rosario,4:34:50
6931,Oliver,Lewis,M,68,Australia,Melbourne,2:12:50
6932,Pedro,Sanchez,M,51,Russia,Novosibirsk,5:26:41
6933,Lorenzo,Ivanov,M,59,Sweden,Gothenburg,3:25:27
6934,Oleg,Murphy,M,36,Czech Republic,Ostrava,3:29:27
6935,Valentina,Kuznetsov,F,66,Hungary,Pecs,4:56:26
6936,Lucas,Torres,M,69,Brazil,Rio de Janeiro,2:54:54
6937,Carlos,Thompson,M,38,Finland,Vantaa,2:57:09
6938,Olivia,Martin,F,51,Brazil,Rio de Janeiro,3:47:47
6939,George,Harris,M,68,Hungary,Pecs,2:26:53
6940,Mateo,Robinson,M,34,Denmark,Copenhagen,5:09:30
6941,Valentina,Rodriguez,F,35,Slovakia,Kosice,5:20:07
6942,Sofia,Harris,F,34,Ukraine,Kyiv,3:54:06
6943,Evelyn,Ramirez,F,19,France,Bordeaux,4:38:59
6944,Lucas,Garcia,M,68,Czech Republic,Pilsen,4:39:39
6945,Alina,Martinez,F,18,South Africa,Johannesburg,4:17:14
6946,Maria,Wilson,F,60,Switzerland,Zurich,5:57:51
6947,Carlos,Petrov,M,27,Sweden,Uppsala,5:57:19
6948,Henry,Melo,M,54,Portugal,Lisbon,5:22:53
6949,Anna,Nowak,F,65,United Arab Emirates,Dubai,3:34:18
6950,Thomas,Smirnov,M,22,Hungary,Budapest,2:09:42
6951,Zuzanna,Moore,F,29,Norway,Bergen,4:11:49
6952,Alexander,Miller,M,53,Ethiopia,Addis Ababa,5:22:20
6953,David,Silva,M,48,China,Chengdu,2:28:18
6954,David,Novak,M,55,Brazil,Brasilia,2:50:33
6955,Ava,Wright,F,68,Italy,Turin,3:12:47
6956,Michael,Murphy,M,26,Japan,Nagoya,2:44:17
6957,Sunita,Miller,F,61,Poland,Krakow,5:10:27
6958,Sunita,Gomes,F,43,Kenya,Mombasa,5:25:10
6959,Lucia,Martinez,F,32,South Korea,Busan,2:58:58
6960,Anna,Popov,F,33,Israel,Haifa,4:51:04
6961,Daria,Melo,F,30,Brazil,Fortaleza,5:29:29
6962,James,Petrov,M,42,Russia,Novosibirsk,5:29:54
6963,Yuki,Torres,F,47,India,Hyderabad,4:18:09
6964,Julia,Taylor,F,70,Finland,Espoo,4:05:10
6965,Lucas,Gonzalez,M,24,Russia,Saint Petersburg,2:18:07
6966,Thomas,Perez,M,69,Mexico,Cancun,5:15:16
6967,Anna,Oliveira,F,21,Portugal,Lisbon,4:22:14
6968,Henry,Popov,M,60,Netherlands,Eindhoven,5:33:08
6969,Alina,Robinson,F,57,South Korea,Busan,5:10:34
6970,Santiago,Oliveira,M,55,Turkey,Bursa,3:41:24
6971,Mateusz,Petrov,M,47,Israel,Nazareth,3:22:23
6972,Sophia,White,F,27,Norway,Oslo,3:17:01
6973,Daniel,Thomas,M,47,Turkey,Izmir,5:26:37
6974,Lucas,Thomas,M,56,Switzerland,Basel,3:23:48
6975,Maria,Gonzalez,F,24,South Africa,Pretoria,3:39:00
6976,Oliver,Bianchi,M,53,Poland,Warsaw,3:01:50
6977,Anna,Jones,F,52,Israel,Nazareth,2:27:38
6978,Mia,Kuznetsov,F,41,Czech Republic,Brno,4:41:36
6979,Magdalena,Silva,F,56,Canada,Vancouver,5:21:36
6980,Robert,Young,M,53,Norway,Oslo,5:11:25
6981,Luis,Johnson,M,62,Turkey,Antalya,4:58:53
6982,Magdalena,Popov,F,37,Hungary,Budapest,2:13:57
6983,Ekaterina,White,F,66,United States,San Francisco,5:28:23
6984,Sara,Kaczmarek,F,49,Switzerland,Basel,3:09:28
6985,Julia,Melo,F,56,Ukraine,Dnipro,3:21:16
6986,Jack,Ivanov,M,66,Austria,Linz,3:20:25
6987,Mikhail,Young,M,43,Denmark,Aarhus,3:04:43
6988,Piotr,Rossi,M,43,South Africa,Pretoria,4:16:38
6989,Giovanni,Sanchez,M,53,Switzerland,Geneva,2:27:30
6990,Harry,Kuznetsov,M,60,Finland,Tampere,4:37:16
6991,Ekaterina,Popov,F,52,Denmark,Copenhagen,3:09:16
6992,Piotr,Gonzalez,M,60,Japan,Osaka,4:51:55
6993,Mateusz,Thomas,M,52,Poland,Warsaw,2:48:45
6994,Pedro,White,M,29,Finland,Espoo,5:26:30
6995,Ingrid,Walker,F,50,Switzerland,Lausanne,5:19:39
6996,Ekaterina,Sanchez,F,53,Israel,Beer Sheva,5:31:38
6997,Julia,Gomes,F,31,Romania,Cluj-Napoca,3:16:47
6998,Yuki,Kaczmarek,F,50,Austria,Salzburg,5:58:14
6999,David,Harris,M,63,Australia,Sydney,4:35:42
7000,Isabella,Ramirez,F,62,Russia,Moscow,2:53:45
7001,Hugo,Santos,M,62,Slovakia,Presov,5:46:14
7002,Mikhail,Rodriguez,M,41,Portugal,Coimbra,4:38:07
7003,Mia,Lopez,F,32,Romania,Cluj-Napoca,3:56:54
7004,Anna,Jackson,F,48,France,Nice,4:04:57
7005,Mateusz,Johnson,M,34,South Korea,Incheon,3:45:06
7006,Daniel,Smirnov,M,29,Brazil,Brasilia,5:40:53
7007,Olivia,Torres,F,39,Italy,Bologna,4:27:21
7008,Piotr,Gomes,M,40,Poland,Wroclaw,2:30:37
7009,Arthur,Melo,M,43,Switzerland,Zurich,5:11:09
7010,Oleg,Allen,M,31,United Arab Emirates,Dubai,2:50:28
7011,James,Ferrari,M,29,Israel,Tel Aviv,4:08:01
7012,Anna,Lopez,F,67,Denmark,Esbjerg,3:17:26
7013,Luis,Murphy,M,21,Hungary,Debrecen,5:55:54
7014,Alexander,Lee,M,63,United States,Boston,2:44:26
7015,Magdalena,Torres,F,68,Argentina,Buenos Aires,5:49:54
7016,Julia,Sanchez,F,30,Netherlands,Utrecht,4:02:08
7017,Oleg,Silva,M,35,United Kingdom,Glasgow,4:58:48
7018,Marco,Lopez,M,60,Canada,Toronto,3:59:28
7019,Lucas,Silva,M,45,Russia,Moscow,3:09:35
7020,Anna,Smith,F,55,Ethiopia,Bahir Dar,5:51:47
7021,Sara,Costa,F,58,Singapore,Singapore,5:13:06
7022,Ekaterina,Rodriguez,F,61,Argentina,La Plata,3:45:41
7023,Anna,White,F,36,Norway,Tromso,3:05:01
7024,Maya,Davis,F,63,Ukraine,Odesa,3:14:34
7025,Ekaterina,Lopez,F,64,Kenya,Nakuru,5:38:53
7026,Jakub,Davis,M,60,Portugal,Porto,5:54:41
7027,Nikolai,Brown,M,55,Japan,Kyoto,2:20:23
7028,Maria,Nowak,F,63,Ukraine,Lviv,2:15:18
7029,Daniel,Nguyen,M,20,Russia,Moscow,3:18:20
7030,Lorenzo,Thomas,M,36,South Africa,Durban,3:50:42
7031,Sofia,Clark,F,37,Germany,Munich,5:15:54
7032,Lucas,Martin,M,42,Argentina,Buenos Aires,3:00:03
7033,Zuzanna,Oliveira,F,28,France,Lyon,5:56:25
7034,Daria,Wilson,F,34,Czech Republic,Pilsen,5:04:53
7035,Elijah,Lewis,M,66,Hungary,Debrecen,4:38:59
7036,Ingrid,Clark,F,52,Mexico,Puebla,4:49:50
7037,Lucas,Petrov,M,31,Romania,Cluj-Napoca,3:38:00
7038,Giovanni,Anderson,M,56,China,Beijing,4:58:42
7039,Charlotte,Melo,F,36,Switzerland,Lausanne,4:11:40
7040,Emma,Johnson,F,20,Brazil,Fortaleza,4:52:40
7041,Hannah,Nowak,F,51,United Arab Emirates,Ajman,5:05:46
7042,Lucas,Young,M,66,United States,New York,4:20:22
7043,Megan,Ferrari,F,58,United Kingdom,Edinburgh,2:06:22
7044,Kacper,Melo,M,39,Czech Republic,Brno,2:06:32
7045,Sofia,Martinez,F,55,Netherlands,Rotterdam,3:57:40
7046,Lucas,Garcia,M,44,Canada,Calgary,5:14:08
7047,Magdalena,Popov,F,38,South Africa,Pretoria,4:07:55
7048,Thomas,Lewis,M,58,Ukraine,Lviv,4:15:37
7049,James,Melo,M,48,Sweden,Uppsala,3:57:04
7050,Thomas,Moore,M,44,India,Bangalore,2:55:48
7051,Zuzanna,Hernandez,F,54,Austria,Salzburg,2:29:27
7052,Giulia,White,F,19,Slovakia,Nitra,4:55:16
7053,Ekaterina,Kowalczyk,F,64,France,Lyon,5:42:41
7054,Santiago,Ramirez,M,26,Norway,Trondheim,5:25:09
7055,David,Bianchi,M,36,Italy,Naples,3:36:29
7056,Giovanni,Taylor,M,59,Kenya,Mombasa,2:49:58
7057,Ekaterina,Silva,F,53,Argentina,Rosario,4:34:43
7058,Michael,Brown,M,27,France,Lyon,2:12:55
7059,Amelia,Young,F,57,Ukraine,Kyiv,4:29:55
7060,Valentina,Nowak,F,62,Netherlands,Eindhoven,2:08:50
7061,Sofia,Costa,F,56,Japan,Tokyo,4:02:01
7062,Emma,Smirnov,F,24,Kenya,Kisumu,4:47:58
7063,Megan,Clark,F,21,Poland,Krakow,4:51:06
7064,Anna,Oliveira,F,32,Austria,Vienna,5:13:02
7065,Alexander,Anderson,M,29,Brazil,Salvador,3:58:53
7066,María,Robinson,F,65,Canada,Ottawa,2:42:36
7067,Marco,Rodriguez,M,23,China,Guangzhou,3:11:10
7068,Jack,Ramirez,M,26,Denmark,Aarhus,5:31:58
7069,Luis,Ivanov,M,52,China,Shenzhen,3:25:38
7070,Jan,Clark,M,25,Netherlands,Rotterdam,2:11:23
7071,Lorenzo,Gonzalez,M,24,Romania,Timisoara,5:14:15
7072,Giovanni,Smith,M,21,India,Chennai,5:55:54
7073,Amelia,Moore,F,30,United Arab Emirates,Abu Dhabi,5:01:41
7074,Elijah,Nowak,M,36,Japan,Sapporo,2:17:40
7075,Ava,Gomes,F,24,Ethiopia,Bahir Dar,3:32:23
7076,Kacper,Ferrari,M,27,Russia,Yekaterinburg,3:10:52
7077,Abigail,Ferrari,F,42,Turkey,Antalya,2:20:42
7078,María,Gomes,F,61,United Arab Emirates,Abu Dhabi,2:49:55
7079,Hannah,Jones,F,52,Austria,Vienna,2:26:36
7080,Emma,Gomes,F,42,Australia,Perth,5:01:34
7081,Mateusz,Lee,M,46,Slovakia,Zilina,2:40:47
7082,Megan,Petrov,F,29,China,Guangzhou,3:59:34
7083,Oliver,Williams,M,68,United Arab Emirates,Abu Dhabi,4:48:51
7084,Noah,Melo,M,64,Czech Republic,Olomouc,3:18:16
7085,Abigail,Walker,F,57,United Kingdom,Edinburgh,2:15:08
7086,Santiago,Popov,M,29,Denmark,Aalborg,2:19:41
7087,Evelyn,Jones,F,69,China,Shenzhen,4:59:02
7088,Daria,Lopez,F,23,Australia,Sydney,5:13:04
7089,Jan,Robinson,M,27,Ethiopia,Mekelle,5:50:09
7090,Lorenzo,Davis,M,19,Switzerland,Geneva,4:57:31
7091,Pedro,Johnson,M,62,Germany,Munich,4:06:56
7092,Yuki,Martin,F,42,Switzerland,Basel,5:02:00
7093,Chiara,Torres,F,24,Czech Republic,Pilsen,5:42:22
7094,Lucas,Kaczmarek,M,57,Mexico,Cancun,5:11:33
7095,Hugo,Wiśniewski,M,40,Australia,Melbourne,5:49:54
7096,Laura,King,F,65,Slovakia,Zilina,3:26:31
7097,Mia,Young,F,28,Argentina,Cordoba,3:53:00
7098,Mateo,Melo,M,53,Argentina,La Plata,4:10:05
7099,Oliver,Gonzalez,M,66,Poland,Warsaw,2:38:14
7100,Amelia,Gonzalez,F,65,Portugal,Faro,2:27:03
7101,Jakub,Kowalski,M,68,Finland,Helsinki,4:14:28
7102,Kacper,Thompson,M,40,Ethiopia,Addis Ababa,5:33:29
7103,Abigail,King,F,60,Israel,Beer Sheva,2:21:51
7104,Laura,Lopez,F,24,Finland,Oulu,4:00:03
7105,Noah,Murphy,M,44,Kenya,Nairobi,5:28:50
7106,Santiago,Torres,M,30,Spain,Seville,2:16:28
7107,Michael,Rossi,M,68,Portugal,Braga,3:12:48
7108,Ivan,Thompson,M,34,Australia,Perth,5:31:45
7109,Evelyn,Popov,F,49,Israel,Beer Sheva,5:32:41
7110,Mateusz,Kowalski,M,43,Singapore,Singapore,4:42:14
7111,Katarzyna,Ferrari,F,39,South Korea,Daegu,3:02:27
7112,Giulia,Melo,F,30,Israel,Beer Sheva,4:16:37
7113,Ivan,Martinez,M,29,Netherlands,Rotterdam,4:05:55
7114,Mateo,Martinez,M,24,Ukraine,Kyiv,4:55:36
7115,María,Anderson,F,18,Hungary,Pecs,4:19:35
7116,Sunita,Gonzalez,F,50,Netherlands,Amsterdam,4:28:52
7117,Megan,Murphy,F,69,Ukraine,Kharkiv,4:41:56
7118,George,Lopez,M,31,Spain,Barcelona,5:56:27
7119,Olivia,Jackson,F,64,United Kingdom,Manchester,2:46:02
7120,Magdalena,Silva,F,60,Italy,Naples,3:30:23
7121,Emily,Smirnov,F,58,Russia,Kazan,5:45:37
7122,Lucas,Rossi,M,34,United States,Boston,3:14:38
7123,Katarzyna,Anderson,F,21,Italy,Rome,5:46:16
7124,Evelyn,Anderson,F,69,Brazil,Sao Paulo,3:47:29
7125,Pedro,Ramirez,M,68,India,Hyderabad,5:07:24
7126,James,Allen,M,56,Italy,Naples,2:34:12
7127,Kacper,Williams,M,18,Denmark,Aarhus,5:35:34
7128,John,Sanchez,M,58,Mexico,Puebla,3:22:09
7129,James,Melo,M,62,Switzerland,Bern,5:11:34
7130,Sophia,Scott,F,41,Canada,Calgary,3:43:36
7131,Giovanni,Williams,M,51,Denmark,Copenhagen,3:20:46
7132,David,Lopez,M,51,Poland,Wroclaw,5:15:08
7133,Julia,Murphy,F,41,Slovakia,Nitra,3:00:59
7134,Michael,Rossi,M,32,Italy,Milan,3:28:33
7135,Lucas,Wiśniewski,M,34,Argentina,Mendoza,5:27:14
7136,Isabella,Bianchi,F,30,Norway,Bergen,5:16:28
7137,Sofia,Romano,F,24,Poland,Gdansk,5:45:41
7138,Valentina,Harris,F,26,Poland,Wroclaw,4:11:44
7139,Ava,Miller,F,61,Singapore,Singapore,5:33:21
7140,Liam,Young,M,52,Ukraine,Kyiv,3:11:54
7141,Amelia,Martinez,F,40,India,Hyderabad,2:19:59
7142,Luis,Miller,M,64,Slovakia,Presov,2:24:49
7143,Katarzyna,Nowak,F,56,Israel,Nazareth,2:15:52
7144,Thomas,Anderson,M,40,South Korea,Seoul,4:18:16
7145,Olga,Ivanov,F,43,Sweden,Malmo,2:21:22
7146,Olga,Novak,F,18,India,Hyderabad,2:14:35
7147,Camila,Kuznetsov,F,31,Japan,Kyoto,4:27:04
7148,James,Silva,M,49,Norway,Tromso,3:16:47
7149,Michael,Petrov,M,68,Romania,Constanta,4:26:20
7150,Isabela,Gomes,F,65,France,Bordeaux,3:57:33
7151,Maria,Wright,F,27,Turkey,Ankara,4:58:25
7152,Alexander,Kaczmarek,M,18,Ukraine,Kyiv,4:57:45
7153,Laura,Walker,F,22,United States,San Francisco,5:25:25
7154,Valentina,Lee,F,20,Brazil,Brasilia,4:14:00
7155,Marco,Wiśniewski,M,66,Sweden,Stockholm,2:22:35
7156,Maria,Rodriguez,F,67,Denmark,Esbjerg,3:45:26
7157,Abigail,Wilson,F,70,Germany,Hamburg,3:17:49
7158,Hugo,Smirnov,M,44,Portugal,Lisbon,2:27:04
7159,Alexander,Martinez,M,68,Ethiopia,Addis Ababa,3:04:55
7160,Sofia,Melo,F,39,Austria,Innsbruck,3:08:47
7161,Isabella,Johnson,F,35,United Arab Emirates,Sharjah,5:05:54
7162,Benjamin,Wiśniewski,M,33,Switzerland,Lausanne,2:43:43
7163,Yuki,Jackson,F,19,United States,San Francisco,5:46:58
7164,Maria,Martinez,F,64,Portugal,Lisbon,2:36:22
7165,Katarzyna,Scott,F,30,South Korea,Incheon,5:12:35
7166,Jack,Martinez,M,62,Argentina,Rosario,5:54:26
7167,Camila,Lopez,F,33,South Africa,Johannesburg,2:24:13
7168,Kacper,Sanchez,M,25,France,Bordeaux,3:01:10
7169,Elijah,Harris,M,60,South Korea,Seoul,4:23:08
7170,Santiago,Ferrari,M,25,Argentina,La Plata,2:09:36
7171,Arthur,Perez,M,27,Singapore,Singapore,3:35:04
7172,Giulia,White,F,50,Italy,Milan,5:08:59
7173,Elijah,Santos,M,48,Kenya,Kisumu,3:33:12
7174,Julia,Thomas,F,29,Mexico,Guadalajara,4:27:03
7175,John,Costa,M,26,China,Chengdu,4:59:04
7176,Ivan,Jones,M,54,India,Delhi,3:14:58
7177,Amelia,Wright,F,26,Norway,Stavanger,5:12:23
7178,Sophia,Moore,F,65,Ethiopia,Dire Dawa,3:06:36
7179,Luis,Ivanov,M,35,Finland,Espoo,5:45:42
7180,Olivia,Moore,F,47,Israel,Jerusalem,5:01:39
7181,Benjamin,Ferrari,M,49,Canada,Montreal,2:58:22
7182,Ivan,Smith,M,57,Austria,Graz,2:39:46
7183,Olivia,Petrov,F,40,Poland,Gdansk,2:10:06
7184,Zuzanna,Anderson,F,28,Spain,Bilbao,2:19:43
7185,Thomas,Martin,M,37,United Kingdom,Edinburgh,3:56:03
7186,Amelia,Nowak,F,36,Mexico,Monterrey,3:48:09
7187,Olga,Lee,F,53,Norway,Oslo,3:16:29
7188,Alexander,Smith,M,69,Netherlands,Amsterdam,3:04:49
7189,Isabella,Anderson,F,43,China,Shenzhen,3:05:41
7190,Julia,Lopez,F,27,United Arab Emirates,Sharjah,4:07:16
7191,Laura,Petrov,F,41,Ethiopia,Mekelle,5:33:56
7192,Elijah,Allen,M,30,India,Hyderabad,3:30:08
7193,Alina,Petrov,F,69,Kenya,Eldoret,2:41:02
7194,Luis,Anderson,M,63,Ukraine,Dnipro,3:56:49
7195,Ingrid,Romano,F,70,China,Beijing,5:13:59
7196,Emily,Petrov,F,51,Austria,Innsbruck,5:49:40
7197,Mateusz,Harris,M,46,Slovakia,Zilina,3:31:07
7198,Isabella,Lee,F,53,Russia,Yekaterinburg,5:07:55
7199,Ekaterina,Rossi,F,24,United Arab Emirates,Sharjah,2:57:21
7200,Emily,Williams,F,68,Hungary,Miskolc,3:47:11
7201,Mateusz,Lee,M,47,Canada,Calgary,3:21:43
7202,Alexander,Torres,M,34,Czech Republic,Ostrava,2:07:34
7203,Isabella,Bianchi,F,65,Romania,Bucharest,3:05:30
7204,Santiago,Gomes,M,30,Russia,Saint Petersburg,4:29:12
7205,Isabella,White,F,41,Hungary,Miskolc,2:28:16
7206,James,Ramirez,M,48,Austria,Vienna,4:34:42
7207,Mikhail,Jones,M,44,Portugal,Lisbon,5:50:13
7208,William,Torres,M,67,Australia,Perth,3:58:17
7209,Piotr,Perez,M,38,Israel,Jerusalem,3:54:54
7210,Isabela,Moore,F,61,Australia,Brisbane,3:06:49
7211,Noah,Torres,M,18,Ethiopia,Addis Ababa,2:36:07
7212,James,Torres,M,32,Israel,Tel Aviv,4:49:40
7213,Jakub,Nguyen,M,20,Portugal,Porto,2:14:36
7214,Giulia,Nguyen,F,23,Ethiopia,Gondar,4:06:03
7215,Jan,Lewis,M,31,Japan,Tokyo,3:07:44
7216,Olga,Young,F,55,Canada,Vancouver,5:03:55
7217,Katarzyna,Bianchi,F,50,China,Guangzhou,4:27:33
7218,Camila,Brown,F,69,Poland,Krakow,2:12:36
7219,Emily,Bianchi,F,55,Australia,Melbourne,5:15:41
7220,Olivia,Bianchi,F,25,Netherlands,Eindhoven,5:31:56
7221,Evelyn,Johnson,F,43,Romania,Bucharest,3:04:21
7222,Alexander,Hernandez,M,32,Argentina,Rosario,2:56:50
7223,Pedro,Hernandez,M,31,South Korea,Daegu,3:03:49
7224,Liam,Jones,M,65,Finland,Oulu,3:26:47
7225,Sunita,Costa,F,37,Ethiopia,Bahir Dar,3:27:48
7226,Olivia,Miller,F,65,Portugal,Faro,4:27:21
7227,Evelyn,Popov,F,36,Hungary,Szeged,5:06:24
7228,James,Martinez,M,50,Italy,Turin,3:20:47
7229,Daria,Jones,F,53,Norway,Stavanger,3:13:03
7230,Lorenzo,Torres,M,41,South Africa,Cape Town,5:53:11
7231,Ivan,Wiśniewski,M,27,France,Marseille,2:06:48
7232,Pedro,Santos,M,69,Czech Republic,Brno,4:14:11
7233,Arthur,Sanchez,M,67,Argentina,Buenos Aires,2:25:31
7234,Sara,Wright,F,51,Finland,Helsinki,2:14:36
7235,Jack,Nowak,M,53,Australia,Melbourne,2:09:00
7236,Giovanni,Sanchez,M,64,Denmark,Esbjerg,5:05:30
7237,Ava,Torres,F,53,United States,Chicago,4:11:06
7238,Megan,Walker,F,33,Mexico,Puebla,3:41:49
7239,Giulia,Jones,F,32,Slovakia,Zilina,4:55:33
7240,Mateo,Ramirez,M,35,United Kingdom,Birmingham,5:51:13
7241,Olivia,Santos,F,24,Denmark,Odense,3:57:01
7242,Emily,Anderson,F,64,United Arab Emirates,Ajman,2:11:10
7243,James,Bianchi,M,39,Australia,Adelaide,3:45:54
7244,Yuki,Kaczmarek,F,49,Singapore,Singapore,4:57:24
7245,Santiago,Rodriguez,M,60,Hungary,Miskolc,2:06:37
7246,Marco,Nowak,M,36,Finland,Tampere,3:38:26
7247,Julia,Ivanov,F,57,Ethiopia,Dire Dawa,5:31:23
7248,Emma,Robinson,F,18,Netherlands,Rotterdam,4:54:00
7249,Piotr,Smirnov,M,52,Israel,Haifa,4:20:56
7250,Ingrid,King,F,22,Israel,Jerusalem,4:46:27
7251,Hannah,Kowalski,F,67,South Africa,Durban,4:56:25
7252,Emily,Nowak,F,29,Mexico,Guadalajara,5:10:29
7253,Daniel,Clark,M,29,Romania,Iasi,4:56:10
7254,Katarzyna,Thomas,F,38,Czech Republic,Ostrava,2:45:55
7255,Hugo,Novak,M,36,India,Bangalore,3:02:26
7256,Ingrid,Santos,F,26,Switzerland,Zurich,4:44:57
7257,Oleg,Gonzalez,M,60,Portugal,Porto,3:25:11
7258,Lucas,Murphy,M,66,Spain,Valencia,4:15:27
7259,Mia,Novak,F,65,Brazil,Brasilia,2:49:51
7260,Jakub,Perez,M,53,Brazil,Salvador,5:07:17
7261,Oleg,Gonzalez,M,59,United States,Boston,2:21:12
7262,Noah,Allen,M,64,Austria,Linz,5:07:20
7263,Maya,Novak,F,68,Canada,Vancouver,4:46:44
7264,Piotr,Lopez,M,49,Denmark,Esbjerg,4:15:06
7265,Chiara,Davis,F,52,United Arab Emirates,Sharjah,2:53:43
7266,Alexander,Williams,M,48,Netherlands,Rotterdam,3:28:21
7267,Mateo,Davis,M,70,Switzerland,Geneva,2:18:28
7268,Harry,Jones,M,49,Russia,Saint Petersburg,4:09:36
7269,Kacper,Romano,M,54,Australia,Melbourne,5:39:46
7270,Noah,Kaczmarek,M,49,Sweden,Gothenburg,5:45:54
7271,Kacper,Young,M,60,China,Beijing,3:44:23
7272,Julia,Moore,F,54,Slovakia,Bratislava,3:43:55
7273,Alina,Torres,F,56,Sweden,Malmo,3:15:30
7274,Giovanni,Bianchi,M,55,Italy,Bologna,2:10:27
7275,Nikolai,Walker,M,47,Argentina,Cordoba,5:33:06
7276,Olivia,Kuznetsov,F,49,Ethiopia,Mekelle,2:16:22
7277,Elijah,Smith,M,62,Turkey,Izmir,5:17:03
7278,Henry,Clark,M,19,Ethiopia,Gondar,2:07:03
7279,Olga,Robinson,F,68,Israel,Jerusalem,2:17:33
7280,Laura,Martin,F,28,Netherlands,Rotterdam,4:20:14
7281,Daria,Wright,F,37,Poland,Poznan,2:31:46
7282,Pedro,Young,M,54,Russia,Moscow,3:53:45
7283,Luis,Martin,M,26,United States,Chicago,3:04:38
7284,Ingrid,Lewis,F,55,Israel,Haifa,3:22:46
7285,Harry,Lewis,M,66,Romania,Cluj-Napoca,4:05:08
7286,Daria,Oliveira,F,36,United States,Chicago,4:46:00
7287,Mia,Clark,F,57,Finland,Vantaa,2:52:25
7288,Lorenzo,Harris,M,24,Slovakia,Zilina,2:53:58
7289,Katarzyna,Ramirez,F,22,Kenya,Mombasa,5:49:17
7290,Ava,Taylor,F,64,Singapore,Singapore,4:53:38
7291,Anna,Williams,F,59,Slovakia,Bratislava,5:56:15
7292,Noah,Clark,M,41,Australia,Sydney,3:50:19
7293,Ivan,Thompson,M,65,United States,Los Angeles,5:51:30
7294,Jan,Smirnov,M,58,South Africa,Pretoria,2:45:27
7295,Lucas,Walker,M,24,United Kingdom,Manchester,4:24:16
7296,Valentina,Williams,F,28,Ethiopia,Mekelle,4:46:41
7297,Harry,Kowalczyk,M,26,Argentina,Rosario,4:20:56
7298,Jakub,Moore,M,66,Hungary,Debrecen,4:00:07
7299,Jack,Ramirez,M,47,Netherlands,Amsterdam,5:40:02
7300,Sunita,Lopez,F,58,Italy,Bologna,4:13:52
7301,Giovanni,Lewis,M,20,Australia,Adelaide,3:43:06
7302,James,Davis,M,39,Sweden,Malmo,5:52:52
7303,Jack,Nowak,M,57,Ethiopia,Gondar,5:29:44
7304,Katarzyna,Rodriguez,F,68,Mexico,Puebla,5:08:22
7305,Jack,Smirnov,M,37,Portugal,Coimbra,4:41:32
7306,Julia,Anderson,F,49,Ethiopia,Dire Dawa,3:31:08
7307,Zuzanna,Wilson,F,65,Romania,Cluj-Napoca,5:48:42
7308,Elijah,Smirnov,M,24,Russia,Yekaterinburg,2:59:41
7309,Magdalena,Nguyen,F,24,Italy,Turin,5:59:31
7310,Giovanni,Popov,M,37,Germany,Hamburg,5:58:18
7311,Olivia,Lopez,F,42,South Africa,Cape Town,4:31:50
7312,Magdalena,Thompson,F,62,Kenya,Nakuru,2:50:12
7313,Lucas,Hernandez,M,52,Portugal,Lisbon,3:27:34
7314,Robert,Hernandez,M,61,Italy,Milan,5:49:26
7315,Giovanni,Clark,M,41,South Korea,Daejeon,3:07:03
7316,Giulia,Ramirez,F,57,South Korea,Seoul,2:33:06
7317,Oleg,Thomas,M,30,United Arab Emirates,Sharjah,4:09:00
7318,Mia,Silva,F,69,South Korea,Seoul,2:31:46
7319,Jan,Kowalski,M,65,Switzerland,Lausanne,5:40:24
7320,Alina,Melo,F,56,Ukraine,Dnipro,5:27:04
7321,Robert,Kowalski,M,21,Hungary,Debrecen,5:26:24
7322,Olga,Romano,F,29,Ethiopia,Mekelle,5:24:55
7323,Jack,Wiśniewski,M,34,Argentina,Rosario,5:33:22
7324,Anna,Kowalski,F,18,Israel,Tel Aviv,4:44:05
7325,Luis,Thompson,M,34,Denmark,Odense,3:15:39
7326,Nikolai,Clark,M,19,Norway,Oslo,4:31:50
7327,Pedro,Thomas,M,23,Czech Republic,Olomouc,3:30:03
7328,Daria,Perez,F,61,Russia,Saint Petersburg,4:27:25
7329,Alexander,Costa,M,28,Japan,Sapporo,2:09:40
7330,Alina,Kowalczyk,F,70,Hungary,Pecs,5:52:13
7331,Lucas,Martin,M,60,Norway,Bergen,5:17:49
7332,Maria,Rossi,F,35,Norway,Trondheim,3:27:12
7333,Isabella,Rossi,F,57,Kenya,Mombasa,3:04:10
7334,Daria,Kowalski,F,42,Poland,Warsaw,2:37:39
7335,Lucas,Sanchez,M,56,Sweden,Stockholm,2:11:29
7336,Jack,Gomes,M,45,United States,San Francisco,3:31:23
7337,George,Nguyen,M,63,Portugal,Faro,3:09:27
7338,Ivan,Wiśniewski,M,33,Brazil,Sao Paulo,3:17:40
7339,Yuki,Thomas,F,29,Poland,Poznan,2:39:13
7340,Maria,Moore,F,58,United Kingdom,Edinburgh,3:28:28
7341,Maya,Lewis,F,69,Kenya,Mombasa,4:24:19
7342,Nikolai,Anderson,M,46,Japan,Nagoya,3:50:16
7343,Ingrid,Oliveira,F,40,Hungary,Szeged,5:43:57
7344,Mikhail,Oliveira,M,38,Russia,Yekaterinburg,2:41:06
7345,Lucia,Taylor,F,33,Australia,Adelaide,4:20:06
7346,Noah,King,M,70,Italy,Bologna,5:32:41
7347,Thomas,Hernandez,M,68,United States,New York,5:11:38
7348,Alexander,Anderson,M,65,Spain,Valencia,3:49:32
7349,Sophia,Nguyen,F,58,Austria,Innsbruck,2:08:06
7350,Anna,Allen,F,62,United Arab Emirates,Abu Dhabi,3:31:22
7351,Carlos,Rodriguez,M,43,Switzerland,Lausanne,5:28:58
7352,George,Popov,M,54,Czech Republic,Ostrava,5:10:32
7353,John,Popov,M,39,Ethiopia,Mekelle,4:43:09
7354,Giulia,Torres,F,68,Japan,Kyoto,2:49:05
7355,Daniel,Nowak,M,27,Sweden,Stockholm,5:46:36
7356,Megan,Nguyen,F,24,Argentina,Rosario,2:25:16
7357,Ekaterina,Miller,F,26,United Arab Emirates,Sharjah,3:22:07
7358,Anna,Hernandez,F,42,Poland,Gdansk,5:11:31
7359,Benjamin,Smith,M,63,Russia,Kazan,2:25:05
7360,Ingrid,Lewis,F,32,Denmark,Aalborg,3:56:43
7361,Evelyn,Brown,F,30,United Kingdom,Glasgow,2:08:47
7362,Santiago,Davis,M,59,Finland,Helsinki,2:48:33
7363,Emily,Wiśniewski,F,63,Mexico,Guadalajara,5:40:01
7364,Ava,Walker,F,43,Japan,Nagoya,2:40:36
7365,Jan,Martin,M,38,Ethiopia,Mekelle,4:06:51
7366,Robert,Thompson,M,40,Japan,Nagoya,5:23:43
7367,Lorenzo,Jackson,M,61,Romania,Timisoara,5:59:13
7368,Lucia,White,F,45,Canada,Vancouver,4:00:58
7369,Piotr,Walker,M,68,Ethiopia,Mekelle,2:09:09
7370,Maya,Rodriguez,F,55,United Arab Emirates,Ajman,2:42:52
7371,Evelyn,Williams,F,29,Ethiopia,Bahir Dar,5:10:42
7372,Anna,Smith,F,41,Portugal,Braga,3:45:38
7373,Oliver,Martin,M,30,Switzerland,Bern,2:55:18
7374,Ekaterina,Torres,F,57,Netherlands,Amsterdam,5:41:00
7375,Pedro,Silva,M,65,Portugal,Porto,2:41:55
7376,Oleg,Harris,M,19,Hungary,Debrecen,2:40:57
7377,Isabella,Martinez,F,56,Israel,Haifa,2:34:56
7378,Arthur,Anderson,M,29,Mexico,Puebla,2:59:04
7379,Ingrid,Brown,F,56,Brazil,Fortaleza,4:19:06
7380,Noah,Martinez,M,68,Finland,Tampere,2:09:56
7381,Kacper,Miller,M,31,Czech Republic,Prague,2:37:07
7382,Henry,Kaczmarek,M,47,Singapore,Singapore,2:42:36
7383,Amelia,Wilson,F,58,India,Delhi,5:50:54
7384,Sara,Perez,F,67,South Africa,Cape Town,4:08:41
7385,Laura,Costa,F,60,Czech Republic,Pilsen,3:31:41
7386,Kacper,King,M,65,Poland,Gdansk,2:29:17
7387,George,Sanchez,M,36,Czech Republic,Pilsen,3:04:06
7388,Valentina,Perez,F,48,Austria,Salzburg,5:55:54
7389,Harry,Perez,M,60,Australia,Adelaide,5:46:55
7390,John,Smith,M,67,Italy,Turin,4:07:41
7391,Olga,Ramirez,F,60,Ethiopia,Dire Dawa,5:13:39
7392,James,Gomes,M,42,China,Shanghai,5:00:00
7393,Ingrid,Kowalski,F,21,Austria,Salzburg,3:06:04
7394,Giulia,Jones,F,67,France,Lyon,4:48:01
7395,Alexander,Kuznetsov,M,68,Czech Republic,Pilsen,4:12:34
7396,Mateusz,Scott,M,30,Sweden,Malmo,2:06:35
7397,Oleg,Gonzalez,M,53,Austria,Linz,3:10:32
7398,Maria,Smirnov,F,59,Brazil,Salvador,4:44:11
7399,Zuzanna,Sanchez,F,54,China,Beijing,4:00:12
7400,Jakub,Anderson,M,20,United Arab Emirates,Sharjah,3:47:20
7401,James,Jones,M,33,Italy,Bologna,2:33:59
7402,Chiara,Gomes,F,43,Sweden,Malmo,5:24:46
7403,Hannah,Scott,F,57,Ethiopia,Mekelle,2:27:32
7404,Mateusz,Brown,M,56,Netherlands,Eindhoven,3:27:04
7405,Hugo,Jackson,M,36,Slovakia,Nitra,3:40:57
7406,Santiago,Gonzalez,M,63,Romania,Cluj-Napoca,2:30:42
7407,Lucia,Hernandez,F,32,Australia,Sydney,5:45:13
7408,Evelyn,Williams,F,49,Portugal,Lisbon,3:32:24
7409,Ivan,Gonzalez,M,66,Turkey,Ankara,5:59:54
7410,Daria,Robinson,F,38,Japan,Kyoto,5:05:59
7411,Nikolai,Lopez,M,18,Slovakia,Presov,2:18:50
7412,Alexander,Clark,M,23,Czech Republic,Pilsen,2:31:45
7413,Hugo,Nowak,M,44,United Arab Emirates,Dubai,3:22:25
7414,Charlotte,Johnson,F,40,Sweden,Malmo,5:07:19
7415,Oleg,Anderson,M,64,Brazil,Salvador,5:25:02
7416,María,Kuznetsov,F,48,South Africa,Johannesburg,4:17:17
7417,Harry,Clark,M,29,Japan,Nagoya,3:59:12
7418,David,Kowalczyk,M,38,Portugal,Porto,5:46:59
7419,Luis,Rossi,M,69,Denmark,Copenhagen,5:39:10
7420,Hannah,Romano,F,19,Norway,Oslo,3:53:36
7421,Noah,Williams,M,22,Ethiopia,Gondar,2:08:41
7422,Olga,Rossi,F,26,United Arab Emirates,Ajman,3:10:51
7423,Jan,Kuznetsov,M,37,Norway,Oslo,4:30:22
7424,Alexander,Torres,M,63,Israel,Nazareth,3:53:13
7425,Mikhail,Harris,M,35,Canada,Montreal,5:30:18
7426,Harry,Brown,M,39,Japan,Sapporo,4:44:33
7427,Alexander,Oliveira,M,25,Slovakia,Nitra,3:13:37
7428,James,Nowak,M,51,United States,San Francisco,3:35:08
7429,Olivia,Lewis,F,26,Czech Republic,Pilsen,2:17:33
7430,Alina,Jones,F,24,Sweden,Malmo,5:33:21
7431,Giovanni,Taylor,M,47,France,Nice,5:41:39
7432,Lorenzo,Williams,M,35,United Arab Emirates,Dubai,2:24:48
7433,Oleg,Wilson,M,44,Poland,Gdansk,4:03:28
7434,Jan,Brown,M,33,South Africa,Port Elizabeth,4:09:47
7435,Alexander,Anderson,M,38,Russia,Yekaterinburg,4:28:20
7436,Hannah,Rossi,F,22,Finland,Helsinki,5:02:57
7437,Mateusz,Brown,M,46,Czech Republic,Ostrava,2:18:16
7438,Mateo,Hernandez,M,64,Norway,Bergen,3:30:45
7439,Thomas,Kowalski,M,54,Brazil,Fortaleza,3:56:17
7440,Mikhail,Ramirez,M,60,Poland,Warsaw,2:19:20
7441,Laura,Perez,F,39,Norway,Bergen,3:14:31
7442,Santiago,Lewis,M,31,United Arab Emirates,Sharjah,4:21:15
7443,Piotr,Popov,M,36,Austria,Innsbruck,2:11:05
7444,Sofia,Gonzalez,F,52,Russia,Saint Petersburg,2:30:14
7445,Lorenzo,Rodriguez,M,41,Hungary,Szeged,3:27:16
7446,Megan,Martinez,F,59,China,Shanghai,2:53:54
7447,Sunita,Rossi,F,23,South Korea,Seoul,4:47:55
7448,Lucas,Smith,M,20,Ethiopia,Gondar,2:13:18
7449,Evelyn,Johnson,F,51,United Kingdom,Birmingham,5:15:33
7450,Henry,Perez,M,62,United Kingdom,Edinburgh,2:27:49
7451,Laura,Torres,F,67,South Korea,Incheon,5:59:28
7452,Benjamin,Wilson,M,19,Australia,Sydney,4:42:23
7453,Hugo,Oliveira,M,32,Spain,Valencia,4:33:10
7454,Olivia,Anderson,F,54,Poland,Gdansk,4:20:16
7455,Emma,Anderson,F,32,United States,San Francisco,5:06:59
7456,Valentina,Taylor,F,49,Austria,Vienna,4:59:02
7457,Lucia,Robinson,F,38,Turkey,Antalya,5:03:05
7458,Marco,Jones,M,34,Brazil,Rio de Janeiro,4:23:43
7459,Lucas,Petrov,M,51,Finland,Espoo,3:34:24
7460,Pedro,Rossi,M,49,Norway,Oslo,2:06:30
7461,Giovanni,White,M,67,Finland,Oulu,5:26:26
7462,Liam,Lewis,M,64,Switzerland,Geneva,5:14:49
7463,Isabela,Martinez,F,69,Ukraine,Dnipro,2:12:51
7464,John,Kowalski,M,40,France,Marseille,3:46:24
7465,Arthur,Thompson,M,52,United Arab Emirates,Sharjah,4:42:37
7466,Jan,Thomas,M,54,United Kingdom,Birmingham,5:38:09
7467,Sophia,Lopez,F,60,France,Marseille,5:08:20
7468,Ekaterina,Nowak,F,58,Sweden,Malmo,3:19:42
7469,Magdalena,Wilson,F,54,Mexico,Mexico City,3:30:26
7470,Elijah,Garcia,M,50,Norway,Tromso,2:23:31
7471,Camila,Melo,F,42,Romania,Constanta,2:14:57
7472,Lucas,Kowalczyk,M,63,Germany,Hamburg,4:36:39
7473,Maya,Scott,F,54,Ethiopia,Bahir Dar,5:10:06
7474,Maria,Ferrari,F,57,Israel,Tel Aviv,5:15:08
7475,Michael,Hernandez,M,38,India,Mumbai,4:11:58
7476,Ivan,Johnson,M,63,Singapore,Singapore,2:27:34
7477,Giulia,Moore,F,65,South Africa,Durban,4:16:17
7478,Henry,Williams,M,55,Italy,Turin,5:27:18
7479,Evelyn,Wright,F,57,Spain,Seville,5:15:27
7480,Nikolai,Robinson,M,51,Austria,Graz,5:06:36
7481,William,Bianchi,M,36,Argentina,Cordoba,2:44:49
7482,Harry,Bianchi,M,44,Mexico,Mexico City,3:12:55
7483,Noah,Garcia,M,26,Italy,Milan,5:22:22
7484,Giovanni,Kuznetsov,M,22,Ethiopia,Bahir Dar,2:12:43
7485,Mateo,Hernandez,M,22,Sweden,Vasteras,5:27:10
7486,Evelyn,Jackson,F,42,Czech Republic,Brno,2:22:52
7487,Elijah,Oliveira,M,43,Turkey,Ankara,3:35:46
7488,Magdalena,Brown,F,36,South Korea,Daejeon,2:12:53
7489,María,Ferrari,F,47,China,Chengdu,3:28:03
7490,Lucia,Melo,F,53,Italy,Bologna,2:20:38
7491,Alexander,Petrov,M,65,Turkey,Antalya,2:26:50
7492,Daniel,Robinson,M,65,Portugal,Braga,4:04:51
7493,Benjamin,Romano,M,33,Spain,Madrid,2:44:00
7494,Emily,Nowak,F,24,Switzerland,Lausanne,3:03:40
7495,Olivia,Lee,F,35,Netherlands,Utrecht,3:12:36
7496,Alexander,Clark,M,38,South Africa,Cape Town,2:23:06
7497,Benjamin,Kowalski,M,48,United Kingdom,London,5:39:15
7498,Yuki,Gomes,F,18,United Arab Emirates,Abu Dhabi,5:20:21
7499,Santiago,Gomes,M,20,South Africa,Cape Town,4:13:17
7500,Maria,Brown,F,48,Russia,Novosibirsk,5:44:21
7501,Julia,White,F,42,South Korea,Incheon,4:03:24
7502,Hannah,Anderson,F,70,Portugal,Coimbra,3:57:12
7503,Daniel,Costa,M,25,United Kingdom,Birmingham,2:09:19
7504,Marco,Martinez,M,18,France,Lyon,2:32:36
7505,Emily,Novak,F,24,Italy,Turin,5:10:47
7506,Abigail,Perez,F,24,Finland,Oulu,5:32:51
7507,David,Costa,M,25,Australia,Adelaide,5:13:31
7508,William,Lopez,M,36,Singapore,Singapore,3:49:50
7509,Abigail,Lee,F,34,South Korea,Busan,3:43:33
7510,Yuki,Williams,F,28,South Korea,Incheon,4:17:53
7511,Maya,Rossi,F,64,Switzerland,Zurich,2:14:51
7512,Anna,Harris,F,58,Slovakia,Bratislava,3:42:47
7513,Luis,Wiśniewski,M,66,South Korea,Busan,4:45:24
7514,Daniel,Jackson,M,28,Slovakia,Kosice,5:46:45
7515,Maria,Melo,F,55,Germany,Munich,5:02:59
7516,Isabella,Popov,F,58,China,Shanghai,3:37:57
7517,Alexander,Thomas,M,67,Japan,Kyoto,2:08:48
7518,Michael,Thomas,M,69,Italy,Milan,5:56:24
7519,Valentina,Lewis,F,19,Kenya,Mombasa,5:07:51
7520,Jack,Kaczmarek,M,21,Netherlands,Rotterdam,4:44:20
7521,William,Rossi,M,67,Israel,Tel Aviv,2:32:04
7522,Camila,Miller,F,45,Slovakia,Nitra,4:03:10
7523,Evelyn,Garcia,F,50,Canada,Toronto,3:11:19
7524,Mia,Brown,F,28,South Africa,Cape Town,5:51:15
7525,Lucas,King,M,20,United States,New York,2:17:19
7526,Sara,Allen,F,57,Sweden,Uppsala,3:53:41
7527,Ava,Thomas,F,22,Austria,Innsbruck,2:57:54
7528,Katarzyna,Smirnov,F,69,Canada,Toronto,3:29:09
7529,Olga,Clark,F,38,Poland,Krakow,2:49:07
7530,Arthur,Brown,M,39,Hungary,Budapest,4:56:02
7531,William,Robinson,M,54,Canada,Toronto,3:52:16
7532,Elijah,Costa,M,28,Switzerland,Bern,3:34:46
7533,Michael,Jackson,M,61,Austria,Linz,3:21:11
7534,Ava,Bianchi,F,39,Hungary,Budapest,3:54:54
7535,Chiara,Murphy,F,58,Slovakia,Nitra,5:44:45
7536,Abigail,Thompson,F,70,Romania,Bucharest,4:55:26
7537,Charlotte,Nguyen,F,30,Germany,Hamburg,5:34:32
7538,Arthur,Kowalski,M,69,China,Beijing,4:09:40
7539,Alexander,Smirnov,M,20,Czech Republic,Prague,2:24:45
7540,Kacper,Lopez,M,30,Poland,Gdansk,2:14:49
7541,George,Lee,M,45,Norway,Oslo,3:15:17
7542,Lucas,Young,M,28,Turkey,Istanbul,4:12:28
7543,Charlotte,Lopez,F,28,Italy,Rome,2:23:55
7544,Camila,Martinez,F,38,Mexico,Cancun,5:50:50
7545,Michael,Harris,M,69,Finland,Espoo,3:02:00
7546,Alexander,Thomas,M,38,France,Bordeaux,5:04:10
7547,Chiara,Scott,F,24,Portugal,Porto,2:05:01
7548,Giovanni,Lopez,M,34,Spain,Barcelona,2:19:51
7549,Sofia,Johnson,F,65,Singapore,Singapore,4:16:22
7550,Magdalena,Silva,F,31,Hungary,Budapest,5:43:06
7551,Alina,Martinez,F,50,South Africa,Cape Town,5:40:16
7552,Alexander,Davis,M,28,South Africa,Johannesburg,5:37:28
7553,Julia,Lopez,F,30,France,Marseille,4:19:22
7554,Jakub,Ivanov,M,18,Poland,Poznan,5:11:31
7555,Zuzanna,Ivanov,F,51,Czech Republic,Ostrava,3:04:13
7556,Alexander,Nguyen,M,26,Sweden,Malmo,3:46:09
7557,Jakub,Silva,M,30,Kenya,Mombasa,5:22:29
7558,Valentina,Melo,F,54,Turkey,Antalya,4:37:43
7559,Valentina,Kowalczyk,F,47,United States,San Francisco,5:50:52
7560,Olivia,Smirnov,F,58,Mexico,Guadalajara,4:00:57
7561,Hannah,Ferrari,F,62,Denmark,Esbjerg,5:30:41
7562,Valentina,Gonzalez,F,54,Brazil,Fortaleza,5:23:54
7563,Nikolai,Jackson,M,64,Sweden,Stockholm,5:54:38
7564,Daria,Lewis,F,24,France,Paris,3:15:04
7565,Emma,Martin,F,31,Slovakia,Zilina,4:26:11
7566,Isabella,Romano,F,65,United Arab Emirates,Dubai,3:41:24
7567,Megan,Young,F,23,Australia,Adelaide,2:33:18
7568,David,Murphy,M,51,Finland,Espoo,5:47:48
7569,Maya,Gomes,F,33,Romania,Cluj-Napoca,5:09:39
7570,Piotr,Smith,M,68,Italy,Naples,2:53:04
7571,Mikhail,Robinson,M,54,South Africa,Johannesburg,5:16:17
7572,Emma,Bianchi,F,53,Italy,Bologna,3:04:39
7573,Mateo,Smith,M,63,Kenya,Nairobi,4:04:55
7574,Magdalena,Kowalski,F,23,Sweden,Stockholm,2:42:31
7575,Jakub,Kaczmarek,M,25,India,Mumbai,3:22:20
7576,David,Ivanov,M,41,Hungary,Pecs,2:44:16
7577,Katarzyna,Jones,F,20,Hungary,Miskolc,5:38:35
7578,Sunita,Kaczmarek,F,21,China,Shenzhen,4:53:43
7579,Zuzanna,Gonzalez,F,49,Netherlands,Eindhoven,3:01:54
7580,María,Young,F,18,Israel,Jerusalem,4:38:20
7581,Maria,Kowalski,F,51,Portugal,Faro,5:50:29
7582,Santiago,Sanchez,M,62,Spain,Madrid,5:40:04
7583,Pedro,Novak,M,26,Argentina,Cordoba,3:40:08
7584,Hugo,Hernandez,M,29,Hungary,Szeged,2:39:38
7585,Yuki,Kowalczyk,F,27,Portugal,Faro,3:14:55
7586,Zuzanna,Clark,F,27,India,Hyderabad,2:50:14
7587,Lucas,Moore,M,67,Canada,Vancouver,4:00:47
7588,Camila,Lewis,F,61,South Africa,Port Elizabeth,2:27:18
7589,Olivia,Walker,F,65,Japan,Osaka,5:38:02
7590,Jan,Rossi,M,40,Ukraine,Kharkiv,3:06:29
7591,Mateo,Hernandez,M,23,Italy,Rome,3:55:14
7592,Katarzyna,Torres,F,41,Slovakia,Presov,2:17:21
7593,Abigail,Johnson,F,41,United Arab Emirates,Dubai,5:55:26
7594,Lucia,Garcia,F,38,Norway,Stavanger,2:17:13
7595,Luis,Thompson,M,59,Ethiopia,Addis Ababa,5:57:24
7596,Hannah,Garcia,F,48,Brazil,Fortaleza,4:15:39
7597,Alexander,Bianchi,M,64,Israel,Jerusalem,2:35:06
7598,George,Rodriguez,M,58,Czech Republic,Pilsen,5:46:25
7599,Emma,Nowak,F,47,Switzerland,Basel,5:01:10
7600,Mateusz,Torres,M,51,United Arab Emirates,Sharjah,5:15:57
7601,Sofia,Martinez,F,35,United States,San Francisco,2:34:13
7602,Harry,Jackson,M,29,Switzerland,Zurich,4:07:38
7603,Amelia,Jones,F,52,Brazil,Sao Paulo,3:42:37
7604,Zuzanna,Gomes,F,24,India,Bangalore,2:22:04
7605,Carlos,Wilson,M,58,Hungary,Miskolc,4:46:14
7606,Ava,Martinez,F,57,Israel,Tel Aviv,3:41:04
7607,Harry,Lee,M,42,Argentina,Mendoza,3:31:49
7608,Zuzanna,Wiśniewski,F,23,India,Bangalore,5:04:17
7609,Harry,Sanchez,M,18,Hungary,Miskolc,3:04:14
7610,Lucas,Ramirez,M,63,Sweden,Vasteras,4:51:11
7611,Ivan,Robinson,M,33,Slovakia,Presov,5:23:28
7612,Alexander,Nowak,M,65,Portugal,Faro,3:48:36
7613,Lucia,Lopez,F,21,Germany,Munich,3:25:18
7614,Arthur,Popov,M,46,Poland,Poznan,4:56:48
7615,Nikolai,Petrov,M,55,Argentina,Mendoza,3:21:06
7616,Santiago,Williams,M,64,Australia,Brisbane,5:03:51
7617,Pedro,Harris,M,45,France,Nice,5:58:42
7618,Isabella,Perez,F,39,Czech Republic,Brno,3:33:45
7619,Maria,Kowalski,F,25,Turkey,Istanbul,5:10:57
7620,David,Johnson,M,49,Ethiopia,Mekelle,5:07:32
7621,Olga,Perez,F,50,Mexico,Monterrey,3:59:54
7622,Charlotte,Gonzalez,F,30,South Africa,Johannesburg,5:02:26
7623,Hugo,Popov,M,44,Norway,Oslo,4:03:02
7624,Charlotte,Anderson,F,35,Slovakia,Nitra,5:24:06
7625,Hannah,Wiśniewski,F,35,Spain,Madrid,4:53:57
7626,Ava,Williams,F,30,Romania,Iasi,3:01:08
7627,Ekaterina,Torres,F,39,South Korea,Daegu,2:48:49
7628,Daniel,Silva,M,31,Hungary,Pecs,4:00:42
7629,Chiara,Kuznetsov,F,28,Poland,Warsaw,4:30:20
7630,Sofia,Jones,F,56,Ukraine,Kyiv,3:15:32
7631,James,Lopez,M,67,United States,Boston,3:56:01
7632,Abigail,Miller,F,70,Switzerland,Lausanne,4:16:17
7633,Santiago,Rossi,M,39,Kenya,Nakuru,4:46:03
7634,Isabella,White,F,53,Australia,Adelaide,3:49:35
7635,Alina,Allen,F,34,Finland,Helsinki,4:55:27
7636,Lucas,Kuznetsov,M,68,Denmark,Aarhus,5:52:54
7637,Mateusz,Wright,M,49,Mexico,Mexico City,5:28:46
7638,Abigail,Costa,F,31,South Korea,Incheon,4:44:19
7639,Pedro,Wright,M,59,Finland,Espoo,2:33:39
7640,Carlos,Wright,M,46,Austria,Graz,4:38:53
7641,Michael,Sanchez,M,23,Austria,Salzburg,3:03:07
7642,Oleg,Santos,M,67,South Africa,Port Elizabeth,4:21:15
7643,Liam,Miller,M,21,United Kingdom,Edinburgh,3:42:24
7644,Harry,Davis,M,28,Switzerland,Zurich,4:30:51
7645,Robert,Lee,M,62,Denmark,Aarhus,4:47:36
7646,Maria,Scott,F,57,Ethiopia,Mekelle,5:45:15
7647,Hannah,Brown,F,27,Japan,Nagoya,5:15:16
7648,Jakub,Martin,M,45,Portugal,Coimbra,3:52:55
7649,Oleg,Wiśniewski,M,28,Norway,Tromso,3:42:49
7650,Evelyn,Romano,F,52,Slovakia,Zilina,3:52:42
7651,Liam,Williams,M,32,Turkey,Izmir,2:35:00
7652,Jakub,Lopez,M,25,Finland,Vantaa,5:16:02
7653,Jack,Gomes,M,37,Finland,Tampere,5:55:37
7654,Isabella,Melo,F,67,Poland,Wroclaw,4:51:43
7655,Olivia,Lewis,F,38,Singapore,Singapore,3:29:35
7656,Megan,Walker,F,18,Mexico,Puebla,5:12:53
7657,Anna,Romano,F,46,Poland,Poznan,3:16:02
7658,Zuzanna,King,F,41,Canada,Montreal,2:07:26
7659,Jan,Kaczmarek,M,47,France,Lyon,3:08:48
7660,Julia,Novak,F,57,Poland,Wroclaw,5:37:12
7661,Luis,Jackson,M,52,Australia,Sydney,2:40:17
7662,Laura,Kowalczyk,F,50,Singapore,Singapore,3:35:47
7663,Daria,Kaczmarek,F,37,Switzerland,Basel,3:28:34
7664,Amelia,Murphy,F,33,United Arab Emirates,Ajman,5:05:55
7665,Pedro,Popov,M,26,Brazil,Salvador,5:50:40
7666,Henry,Wilson,M,48,South Korea,Busan,3:44:07
7667,Alina,Petrov,F,34,Japan,Osaka,5:57:41
7668,Camila,Davis,F,48,Switzerland,Zurich,2:10:18
7669,Sunita,Martinez,F,65,Argentina,Buenos Aires,5:27:41
7670,Pedro,Bianchi,M,40,South Africa,Cape Town,5:30:23
7671,Abigail,Lopez,F,23,Canada,Toronto,3:40:49
7672,Isabella,Gonzalez,F,47,Ethiopia,Mekelle,2:09:14
7673,Camila,Johnson,F,24,South Korea,Seoul,4:43:48
7674,Daria,Smirnov,F,65,Portugal,Porto,3:29:17
7675,Isabella,Williams,F,57,Russia,Novosibirsk,4:27:06
7676,Alina,Hernandez,F,59,Portugal,Braga,5:13:03
7677,Sunita,Taylor,F,63,India,Bangalore,3:18:13
7678,Hannah,Wilson,F,28,Sweden,Gothenburg,2:22:24
7679,Lucas,Jackson,M,51,Hungary,Szeged,5:37:45
7680,Michael,Allen,M,29,Mexico,Cancun,2:34:51
7681,Ingrid,Kaczmarek,F,69,Spain,Bilbao,2:46:59
7682,Amelia,Garcia,F,69,Hungary,Budapest,2:21:01
7683,Emily,Costa,F,62,United States,New York,3:07:29
7684,Arthur,Lewis,M,64,United Arab Emirates,Ras Al Khaimah,3:21:05
7685,Alexander,Ferrari,M,44,United States,Los Angeles,4:10:16
7686,Lucia,Nguyen,F,29,Denmark,Aalborg,2:51:54
7687,Sunita,Murphy,F,30,Ethiopia,Bahir Dar,2:14:49
7688,Arthur,Moore,M,25,Netherlands,The Hague,2:38:08
7689,Jack,Smirnov,M,33,Ethiopia,Mekelle,5:08:51
7690,Megan,Miller,F,46,Romania,Iasi,3:09:25
7691,Mateo,Allen,M,52,Ukraine,Dnipro,5:02:05
7692,Valentina,Davis,F,46,Portugal,Coimbra,2:54:49
7693,Thomas,Johnson,M,48,Denmark,Esbjerg,5:27:20
7694,Sophia,Anderson,F,30,Romania,Timisoara,3:39:25
7695,Isabela,Ramirez,F,29,Singapore,Singapore,3:20:41
7696,Lucia,Johnson,F,68,Kenya,Nairobi,2:37:40
7697,Mateo,Kuznetsov,M,19,Norway,Stavanger,5:31:26
7698,Olivia,Brown,F,50,Argentina,Buenos Aires,4:32:26
7699,Liam,Thompson,M,25,Finland,Vantaa,2:22:58
7700,Lorenzo,Kowalczyk,M,58,Russia,Novosibirsk,2:56:14
7701,Sofia,Wright,F,57,Poland,Gdansk,4:44:07
7702,Anna,Gonzalez,F,70,Hungary,Miskolc,3:28:49
7703,Hannah,Sanchez,F,66,Canada,Ottawa,4:45:50
7704,Lorenzo,Costa,M,58,South Africa,Pretoria,4:08:06
7705,Benjamin,Smith,M,49,Germany,Berlin,5:16:14
7706,Jan,Novak,M,55,Norway,Oslo,5:43:24
7707,Ava,Lee,F,45,Portugal,Porto,3:24:16
7708,Camila,Moore,F,32,United Kingdom,Glasgow,3:51:15
7709,Anna,Oliveira,F,40,Australia,Brisbane,3:23:15
7710,Megan,Santos,F,41,Israel,Jerusalem,2:20:19
7711,Ivan,Scott,M,30,Argentina,Mendoza,4:50:38
7712,Liam,Gomes,M,38,South Korea,Daegu,2:34:18
7713,Kacper,Scott,M,29,Spain,Barcelona,2:35:31
7714,Mateo,Gomes,M,30,United States,Chicago,4:41:03
7715,Carlos,Romano,M,56,Finland,Vantaa,2:59:38
7716,Sunita,Hernandez,F,40,Kenya,Nakuru,2:10:59
7717,Jack,Kaczmarek,M,67,Romania,Bucharest,4:11:26
7718,Sunita,Brown,F,63,United Arab Emirates,Ras Al Khaimah,3:08:30
7719,Elijah,Lewis,M,60,Portugal,Faro,2:29:00
7720,Laura,Wright,F,45,Japan,Sapporo,5:10:11
7721,Isabela,Hernandez,F,31,South Korea,Daejeon,2:33:39
7722,Sara,Wiśniewski,F,34,Russia,Yekaterinburg,3:39:32
7723,Pedro,Gomes,M,41,Spain,Seville,5:15:45
7724,Anna,Silva,F,70,Slovakia,Nitra,2:14:15
7725,Chiara,Lopez,F,51,Switzerland,Bern,4:42:05
7726,Thomas,Oliveira,M,68,Israel,Jerusalem,5:26:52
7727,Hugo,Oliveira,M,65,Japan,Sapporo,5:28:51
7728,David,Kowalski,M,39,France,Paris,2:43:17
7729,Julia,Ivanov,F,27,Argentina,Mendoza,2:30:35
7730,Giulia,Wilson,F,25,Ethiopia,Gondar,3:49:42
7731,Emily,Clark,F,38,Poland,Wroclaw,3:29:45
7732,James,Allen,M,54,France,Bordeaux,5:29:10
7733,Piotr,Novak,M,24,Ethiopia,Mekelle,5:16:34
7734,Amelia,Oliveira,F,43,Finland,Oulu,4:36:41
7735,Daniel,Melo,M,30,Romania,Timisoara,2:37:41
7736,Laura,Lopez,F,33,Slovakia,Presov,4:20:42
7737,Laura,Robinson,F,47,United Arab Emirates,Sharjah,4:21:43
7738,Benjamin,Thomas,M,48,United States,New York,2:21:19
7739,Isabela,Scott,F,22,Israel,Tel Aviv,2:09:32
7740,Oleg,Kaczmarek,M,49,Argentina,La Plata,5:37:55
7741,Charlotte,Smith,F,33,Turkey,Istanbul,4:05:57
7742,William,Gonzalez,M,64,Ethiopia,Bahir Dar,4:54:49
7743,Abigail,Petrov,F,26,United States,Chicago,3:30:44
7744,David,Rossi,M,39,Slovakia,Presov,3:22:13
7745,Mateo,Gonzalez,M,61,Russia,Yekaterinburg,4:20:10
7746,Chiara,Kuznetsov,F,57,China,Beijing,2:33:08
7747,George,Martinez,M,62,India,Bangalore,2:31:35
7748,Charlotte,Ivanov,F,54,Spain,Seville,2:59:02
7749,Daniel,Silva,M,31,Poland,Warsaw,3:23:03
7750,Isabella,Popov,F,33,Norway,Stavanger,4:11:54
7751,Lucas,Thompson,M,60,Ukraine,Odesa,3:42:19
7752,Camila,Robinson,F,37,Turkey,Izmir,3:41:26
7753,George,Popov,M,61,China,Guangzhou,4:50:07
7754,William,King,M,32,Australia,Brisbane,5:56:45
7755,John,Lee,M,61,Finland,Helsinki,3:30:29
7756,Emma,Sanchez,F,43,Switzerland,Geneva,5:33:50
7757,John,Young,M,26,Poland,Krakow,4:41:33
7758,Julia,Miller,F,18,South Korea,Busan,2:52:25
7759,Ava,Ramirez,F,52,Singapore,Singapore,4:25:48
7760,Mateusz,Ferrari,M,61,Austria,Linz,3:47:18
7761,Maya,Hernandez,F,37,Denmark,Copenhagen,2:10:09
7762,Liam,Novak,M,62,Israel,Tel Aviv,5:04:15
7763,Daniel,King,M,23,Sweden,Malmo,3:33:54
7764,Charlotte,Silva,F,59,Singapore,Singapore,4:04:57
7765,Ekaterina,Thomas,F,27,Poland,Gdansk,5:18:29
7766,Isabella,Kowalski,F,65,Poland,Krakow,4:39:40
7767,Henry,Robinson,M,50,India,Delhi,5:40:23
7768,George,Lewis,M,33,Ukraine,Dnipro,5:43:04
7769,Carlos,Davis,M,53,Poland,Gdansk,2:24:36
7770,Sara,Melo,F,23,Netherlands,Amsterdam,3:48:03
7771,Isabella,Smirnov,F,36,Norway,Stavanger,2:56:37
7772,Amelia,Thompson,F,48,Norway,Stavanger,5:15:22
7773,Harry,Clark,M,19,United States,San Francisco,2:33:44
7774,Harry,Silva,M,35,United States,San Francisco,5:59:47
7775,Daniel,Nowak,M,59,Brazil,Salvador,2:48:48
7776,Ivan,Wright,M,45,India,Bangalore,3:47:24
7777,Oleg,Thompson,M,21,Denmark,Copenhagen,5:31:06
7778,Olivia,Lopez,F,18,South Korea,Daegu,5:16:31
7779,Emma,Kuznetsov,F,64,Austria,Linz,2:27:30
7780,Abigail,Smirnov,F,59,United States,New York,4:13:45
7781,Luis,Harris,M,67,Portugal,Coimbra,2:15:19
7782,Mateusz,Smirnov,M,33,Portugal,Faro,2:47:28
7783,Laura,Wright,F,62,Ethiopia,Dire Dawa,5:54:46
7784,Jakub,Wiśniewski,M,64,Russia,Novosibirsk,4:44:30
7785,Sofia,Kowalski,F,19,China,Shenzhen,3:32:23
7786,Kacper,Torres,M,69,Ukraine,Dnipro,5:29:10
7787,Benjamin,Rodriguez,M,53,Australia,Sydney,2:21:17
7788,Zuzanna,Lewis,F,18,Finland,Vantaa,3:37:23
7789,Hugo,Martin,M,56,Australia,Sydney,4:47:09
7790,Sunita,Allen,F,40,Slovakia,Kosice,3:42:33
7791,Maya,Torres,F,43,Hungary,Szeged,3:07:52
7792,Mateo,Perez,M,28,Australia,Perth,5:21:10
7793,Jan,Anderson,M,59,India,Chennai,2:47:13
7794,Yuki,Moore,F,18,Argentina,Rosario,4:29:29
7795,Isabela,Novak,F,28,United Arab Emirates,Abu Dhabi,5:22:26
7796,Liam,Wiśniewski,M,41,Israel,Nazareth,2:36:34
7797,María,Kowalczyk,F,27,Italy,Naples,5:01:12
7798,Oleg,Oliveira,M,31,Japan,Kyoto,4:48:44
7799,Henry,Nguyen,M,31,Finland,Vantaa,3:34:11
7800,George,Johnson,M,24,United Kingdom,Manchester,2:39:00
7801,Marco,Moore,M,40,Argentina,Mendoza,2:31:05
7802,John,Martinez,M,60,Canada,Toronto,3:13:45
7803,Sunita,Clark,F,39,Argentina,La Plata,5:41:54
7804,Pedro,Nguyen,M,53,Sweden,Gothenburg,3:16:08
7805,Oleg,Jones,M,44,Kenya,Kisumu,2:52:19
7806,Marco,Torres,M,19,Germany,Hamburg,2:12:47
7807,Sunita,Sanchez,F,56,Australia,Sydney,5:20:39
7808,Olivia,Johnson,F,68,Slovakia,Presov,4:54:27
7809,Thomas,Smith,M,63,Japan,Sapporo,3:01:28
7810,Thomas,Rossi,M,36,Portugal,Faro,4:21:16
7811,George,Robinson,M,24,Czech Republic,Brno,3:54:00
7812,Oleg,Ivanov,M,29,Canada,Calgary,5:31:52
7813,Michael,Taylor,M,20,Canada,Toronto,4:05:47
7814,Thomas,Thompson,M,64,China,Chengdu,2:50:43
7815,Arthur,Silva,M,22,South Africa,Cape Town,5:04:26
7816,Ingrid,Jackson,F,25,Denmark,Esbjerg,3:39:02
7817,Luis,Moore,M,31,Netherlands,The Hague,4:45:11
7818,Isabella,Allen,F,53,Denmark,Odense,4:52:49
7819,Valentina,Bianchi,F,24,Czech Republic,Prague,2:22:06
7820,Yuki,Bianchi,F,24,Slovakia,Zilina,3:22:11
7821,David,Silva,M,67,Mexico,Cancun,4:31:32
7822,Oleg,Davis,M,63,Czech Republic,Pilsen,3:04:52
7823,Carlos,Robinson,M,49,Japan,Nagoya,2:21:27
7824,Anna,Jackson,F,25,Denmark,Aarhus,4:31:37
7825,Giovanni,King,M,29,Mexico,Monterrey,4:05:38
7826,Anna,Wilson,F,27,Israel,Tel Aviv,2:50:47
7827,Laura,Popov,F,31,Brazil,Brasilia,4:23:50
7828,Harry,Wright,M,26,Sweden,Vasteras,4:55:49
7829,Hannah,Miller,F,55,Finland,Tampere,5:21:18
7830,Jakub,Jackson,M,47,Singapore,Singapore,3:39:10
7831,Harry,Wright,M,22,Slovakia,Zilina,3:15:25
7832,Noah,Taylor,M,18,Israel,Haifa,3:19:56
7833,Nikolai,Lee,M,18,Poland,Krakow,4:42:16
7834,Olivia,Rossi,F,37,Czech Republic,Pilsen,4:32:13
7835,George,Hernandez,M,66,Slovakia,Nitra,2:12:16
7836,David,Bianchi,M,28,Germany,Hamburg,2:28:43
7837,Laura,Oliveira,F,43,Ethiopia,Dire Dawa,4:40:28
7838,Olivia,Lee,F,61,Israel,Nazareth,3:07:01
7839,Mateo,Davis,M,20,Mexico,Puebla,5:54:23
7840,Ava,Hernandez,F,23,China,Chengdu,3:39:34
7841,Laura,Rodriguez,F,60,Ethiopia,Bahir Dar,5:16:21
7842,Giovanni,Williams,M,62,Netherlands,Amsterdam,4:22:29
7843,Luis,Sanchez,M,28,Ukraine,Dnipro,2:23:56
7844,Nikolai,Scott,M,25,Netherlands,Rotterdam,4:33:11
7845,Yuki,Santos,F,46,Hungary,Pecs,2:24:05
7846,Sophia,Johnson,F,27,Finland,Vantaa,5:02:27
7847,Hannah,Lopez,F,51,United States,Boston,3:37:59
7848,Mikhail,Wright,M,41,Romania,Iasi,4:40:00
7849,Alexander,Thompson,M,63,Italy,Naples,5:57:09
7850,Robert,Miller,M,65,South Africa,Port Elizabeth,3:19:55
7851,Lucas,Smith,M,34,Czech Republic,Olomouc,3:53:19
7852,Olga,Oliveira,F,49,Mexico,Puebla,3:49:02
7853,Hannah,Torres,F,28,South Korea,Daejeon,5:55:32
7854,Thomas,Gonzalez,M,51,Switzerland,Zurich,4:23:19
7855,Oliver,Perez,M,41,United States,San Francisco,4:54:36
7856,John,Martin,M,22,Israel,Jerusalem,5:32:19
7857,Daniel,Scott,M,46,China,Shenzhen,4:36:37
7858,Ivan,Kowalski,M,65,Netherlands,Utrecht,3:27:25
7859,George,Kowalczyk,M,65,Finland,Espoo,2:38:12
7860,John,Taylor,M,51,Canada,Vancouver,3:13:42
7861,Benjamin,Scott,M,33,Italy,Milan,5:31:46
7862,Kacper,Clark,M,42,Israel,Haifa,5:41:50
7863,Ivan,Smith,M,54,Slovakia,Nitra,4:57:19
7864,Abigail,Gomes,F,25,Japan,Nagoya,5:29:50
7865,Marco,Rossi,M,46,Ethiopia,Gondar,2:18:25
7866,Magdalena,Melo,F,69,Sweden,Stockholm,2:38:12
7867,Liam,Brown,M,63,Italy,Milan,4:09:56
7868,Liam,Wilson,M,42,United States,Los Angeles,3:05:00
7869,Oliver,Ivanov,M,59,Czech Republic,Ostrava,5:48:37
7870,Kacper,Popov,M,40,Israel,Haifa,5:50:41
7871,Julia,Wiśniewski,F,51,Ukraine,Lviv,5:34:51
7872,Luis,Miller,M,20,Austria,Graz,5:32:44
7873,Maya,Oliveira,F,47,South Africa,Port Elizabeth,3:11:50
7874,Yuki,Thompson,F,67,Portugal,Porto,4:22:55
7875,Giulia,Johnson,F,70,Portugal,Faro,3:17:38
7876,Katarzyna,Harris,F,51,Brazil,Rio de Janeiro,3:33:35
7877,Alina,Miller,F,49,Finland,Helsinki,3:00:20
7878,Thomas,Taylor,M,70,India,Mumbai,4:10:49
7879,Ingrid,Gonzalez,F,46,Portugal,Porto,2:46:45
7880,Marco,Wright,M,26,United Kingdom,London,4:15:28
7881,Nikolai,Ramirez,M,19,Hungary,Debrecen,4:16:25
7882,Marco,Torres,M,56,Canada,Montreal,2:45:56
7883,Sophia,Allen,F,24,Mexico,Puebla,4:05:48
7884,Emily,Melo,F,63,Denmark,Aalborg,4:16:08
7885,Noah,Nowak,M,22,China,Chengdu,3:50:49
7886,Amelia,King,F,25,South Africa,Pretoria,4:01:03
7887,John,Hernandez,M,49,Italy,Turin,2:56:02
7888,Carlos,Oliveira,M,35,Austria,Vienna,3:09:12
7889,Oliver,Johnson,M,55,China,Shanghai,5:43:09
7890,Lucas,Novak,M,63,Germany,Munich,3:28:10
7891,Hugo,Ramirez,M,35,Germany,Hamburg,5:44:20
7892,Magdalena,Oliveira,F,66,United Kingdom,Manchester,2:11:27
7893,Amelia,Brown,F,58,Hungary,Budapest,4:02:17
7894,Lucas,Moore,M,62,Australia,Brisbane,4:00:10
7895,Nikolai,Martin,M,33,Spain,Valencia,2:38:23
7896,Maria,Rodriguez,F,38,South Africa,Port Elizabeth,4:38:43
7897,Yuki,Murphy,F,27,Australia,Melbourne,3:40:45
7898,Oliver,Sanchez,M,59,Russia,Moscow,2:30:40
7899,John,Moore,M,21,Norway,Stavanger,4:29:01
7900,Anna,Ramirez,F,61,Netherlands,Amsterdam,3:04:07
7901,Olga,Santos,F,25,South Africa,Cape Town,5:35:29
7902,Luis,Ferrari,M,64,Kenya,Nairobi,4:39:48
7903,Mateusz,Hernandez,M,70,United Kingdom,Birmingham,4:35:51
7904,Daria,Williams,F,36,France,Bordeaux,2:10:01
7905,Jakub,Martinez,M,64,Spain,Valencia,4:03:24
7906,Evelyn,Davis,F,57,Poland,Warsaw,2:38:39
7907,Jan,Melo,M,57,Austria,Innsbruck,4:36:12
7908,Katarzyna,Kowalski,F,68,Spain,Valencia,4:59:33
7909,George,Ramirez,M,26,South Africa,Cape Town,3:14:21
7910,John,Rodriguez,M,47,Argentina,Mendoza,2:08:49
7911,Zuzanna,Gomes,F,34,Israel,Jerusalem,4:36:53
7912,Pedro,Kaczmarek,M,57,Japan,Osaka,4:13:30
7913,Camila,Lopez,F,61,Switzerland,Zurich,2:35:32
7914,Santiago,Davis,M,32,Australia,Adelaide,4:22:22
7915,George,Smith,M,21,Romania,Constanta,3:06:18
7916,Piotr,Thomas,M,23,Italy,Rome,4:09:56
7917,Giulia,Gomes,F,33,Poland,Poznan,3:19:42
7918,Nikolai,Lewis,M,43,Australia,Adelaide,5:47:29
7919,Noah,Taylor,M,54,Kenya,Eldoret,5:24:33
7920,Michael,Martin,M,40,Canada,Montreal,4:34:04
7921,Emily,Santos,F,30,Germany,Frankfurt,5:49:44
7922,Julia,Martin,F,64,Slovakia,Bratislava,3:43:07
7923,Daniel,Jackson,M,34,India,Mumbai,2:29:38
7924,Jan,White,M,44,Finland,Oulu,2:39:48
7925,Yuki,Anderson,F,69,Ethiopia,Addis Ababa,3:45:40
7926,George,Ramirez,M,39,Finland,Tampere,4:20:52
7927,Zuzanna,Hernandez,F,54,Austria,Graz,2:54:53
7928,Charlotte,Silva,F,36,Mexico,Cancun,5:49:00
7929,Chiara,Wright,F,56,Mexico,Puebla,5:47:45
7930,Lucas,Lee,M,52,Japan,Osaka,5:24:47
7931,Olivia,Young,F,30,South Africa,Pretoria,3:00:40
7932,Mia,Rodriguez,F,31,China,Shanghai,2:44:03
7933,Alina,Perez,F,65,United States,Boston,4:04:48
7934,Kacper,Wilson,M,48,Romania,Bucharest,2:25:38
7935,Benjamin,Hernandez,M,62,United Arab Emirates,Abu Dhabi,5:36:52
7936,George,Brown,M,19,Netherlands,Rotterdam,4:58:48
7937,Olivia,Kowalczyk,F,63,United Arab Emirates,Sharjah,5:32:28
7938,Anna,Sanchez,F,69,Romania,Iasi,3:59:16
7939,Henry,Petrov,M,56,United Arab Emirates,Ajman,3:39:20
7940,Santiago,Garcia,M,54,Italy,Naples,5:02:00
7941,William,Gomes,M,31,India,Chennai,3:17:19
7942,Emily,Thomas,F,26,Romania,Bucharest,4:24:34
7943,Abigail,Novak,F,27,Germany,Frankfurt,4:30:35
7944,Giovanni,Young,M,24,Italy,Bologna,2:52:06
7945,Mateo,Ramirez,M,45,Canada,Montreal,4:03:11
7946,Mikhail,Wright,M,63,Australia,Sydney,5:55:59
7947,Hannah,Popov,F,42,Australia,Brisbane,2:06:32
7948,Anna,Kowalski,F,63,Ethiopia,Dire Dawa,2:45:15
7949,Katarzyna,Scott,F,45,Brazil,Salvador,3:15:54
7950,Jan,Kuznetsov,M,19,Czech Republic,Pilsen,5:02:17
7951,Zuzanna,Scott,F,34,Austria,Salzburg,4:20:26
7952,Jan,Hernandez,M,69,Italy,Naples,3:20:33
7953,Camila,Nguyen,F,21,Germany,Munich,3:53:36
7954,Oleg,Hernandez,M,30,China,Shenzhen,3:18:21
7955,Katarzyna,Rodriguez,F,35,South Korea,Daegu,2:55:32
7956,Zuzanna,Miller,F,20,Italy,Naples,4:54:25
7957,Laura,Davis,F,68,Australia,Brisbane,2:59:49
7958,Isabella,Lee,F,54,Sweden,Stockholm,5:46:09
7959,Michael,White,M,50,China,Chengdu,5:01:08
7960,Arthur,Garcia,M,58,Austria,Vienna,3:18:58
7961,María,Jones,F,41,Canada,Toronto,3:59:27
7962,Elijah,Perez,M,25,Canada,Vancouver,2:58:54
7963,Elijah,King,M,52,Japan,Kyoto,3:44:57
7964,Elijah,White,M,19,Finland,Oulu,3:50:01
7965,Daria,Murphy,F,50,Switzerland,Lausanne,2:23:53
7966,James,Taylor,M,29,Singapore,Singapore,5:22:10
7967,Marco,Robinson,M,39,Czech Republic,Ostrava,5:01:29
7968,Oleg,Moore,M,30,Sweden,Stockholm,5:07:45
7969,John,Anderson,M,27,Australia,Adelaide,5:35:52
7970,Magdalena,Novak,F,34,United States,Boston,4:53:32
7971,Giulia,Thompson,F,60,Russia,Novosibirsk,2:39:22
7972,Abigail,Martin,F,22,Norway,Stavanger,4:58:12
7973,Marco,Costa,M,26,China,Beijing,3:22:07
7974,Megan,Popov,F,30,Austria,Innsbruck,5:11:46
7975,Alina,Davis,F,69,Ethiopia,Gondar,3:02:51
7976,Giovanni,Davis,M,40,Portugal,Coimbra,5:47:43
7977,Katarzyna,Nguyen,F,47,Slovakia,Bratislava,5:44:02
7978,Daria,Smirnov,F,60,Slovakia,Kosice,2:12:48
7979,Ingrid,Robinson,F,21,Japan,Kyoto,2:27:24
7980,Valentina,Taylor,F,38,Ukraine,Lviv,4:36:10
7981,Nikolai,Silva,M,60,United Kingdom,Manchester,5:35:54
7982,George,Wilson,M,26,Japan,Nagoya,3:46:38
7983,Ava,Perez,F,24,Canada,Montreal,5:26:41
7984,Lucas,Young,M,33,Italy,Turin,3:08:27
7985,David,Wright,M,40,Kenya,Nairobi,3:23:56
7986,Emma,Anderson,F,40,Denmark,Odense,3:27:37
7987,Valentina,Davis,F,48,South Africa,Cape Town,5:10:33
7988,Robert,Wilson,M,22,Slovakia,Nitra,5:53:42
7989,Lucia,Garcia,F,23,India,Hyderabad,3:00:45
7990,Isabella,Smirnov,F,68,Portugal,Faro,2:14:48
7991,Valentina,Thomas,F,18,Brazil,Brasilia,3:09:43
7992,Robert,Melo,M,65,South Korea,Daegu,4:43:41
7993,George,Lopez,M,45,India,Delhi,2:06:31
7994,Pedro,Gomes,M,35,Austria,Salzburg,2:12:37
7995,Oliver,Allen,M,41,Ethiopia,Gondar,5:17:13
7996,John,Allen,M,30,Spain,Bilbao,5:47:43
7997,Daniel,Oliveira,M,50,Singapore,Singapore,2:36:24
7998,Santiago,Bianchi,M,27,Slovakia,Presov,5:48:52
7999,Olga,Jones,F,24,Italy,Turin,2:57:01
8000,Kacper,Rossi,M,54,Russia,Yekaterinburg,4:55:31
8001,Camila,Walker,F,49,Denmark,Esbjerg,4:12:22
8002,Hannah,Walker,F,62,Australia,Brisbane,3:38:31
8003,Lorenzo,Smith,M,39,Romania,Iasi,4:17:32
8004,Alina,Ferrari,F,33,Sweden,Stockholm,4:44:55
8005,Olga,Ramirez,F,41,Singapore,Singapore,3:06:43
8006,Santiago,Lee,M,69,Poland,Krakow,3:19:42
8007,Isabella,Lee,F,31,Switzerland,Lausanne,2:38:01
8008,Santiago,Davis,M,28,Norway,Bergen,5:56:58
8009,María,Smirnov,F,36,Ethiopia,Addis Ababa,5:57:52
8010,Oleg,Clark,M,40,Netherlands,Utrecht,5:51:40
8011,Zuzanna,Romano,F,51,Brazil,Rio de Janeiro,4:51:24
8012,Hugo,Gomes,M,57,Argentina,Rosario,3:19:26
8013,Zuzanna,Popov,F,30,Czech Republic,Ostrava,2:42:11
8014,Lucas,Walker,M,56,Mexico,Cancun,4:34:23
8015,Isabella,Brown,F,61,Ukraine,Kyiv,3:41:21
8016,Charlotte,Allen,F,45,Spain,Madrid,4:24:56
8017,Jack,Costa,M,57,Brazil,Rio de Janeiro,5:45:41
8018,Charlotte,Thompson,F,33,Singapore,Singapore,4:58:31
8019,Pedro,Ivanov,M,67,Ethiopia,Dire Dawa,5:43:32
8020,Emily,Gonzalez,F,68,China,Shanghai,4:25:13
8021,Nikolai,Moore,M,45,Spain,Bilbao,4:41:23
8022,Julia,Young,F,21,France,Nice,3:00:15
8023,Mia,Kowalczyk,F,45,Ethiopia,Gondar,5:16:21
8024,John,Lewis,M,29,Hungary,Miskolc,3:31:15
8025,Jakub,Gomes,M,33,Israel,Beer Sheva,2:31:38
8026,Mateo,Nguyen,M,70,Norway,Bergen,4:53:20
8027,Laura,Nguyen,F,66,Canada,Montreal,3:16:02
8028,William,Martin,M,53,Ukraine,Lviv,2:30:42
8029,Chiara,Wilson,F,37,Finland,Oulu,4:23:53
8030,Laura,Rodriguez,F,43,Norway,Trondheim,2:06:29
8031,Harry,Murphy,M,43,United Arab Emirates,Sharjah,5:27:57
8032,Ingrid,Taylor,F,39,United Arab Emirates,Abu Dhabi,3:18:26
8033,Jakub,Novak,M,26,Russia,Moscow,3:36:30
8034,Pedro,Taylor,M,22,South Africa,Pretoria,4:59:15
8035,Anna,Brown,F,34,Netherlands,The Hague,5:20:04
8036,Arthur,Nguyen,M,66,United Kingdom,Manchester,3:06:46
8037,Jack,Nguyen,M,51,Switzerland,Lausanne,2:25:09
8038,Emma,Smirnov,F,19,Ethiopia,Mekelle,3:27:58
8039,Oliver,Davis,M,70,Kenya,Eldoret,2:58:44
8040,Sophia,Wright,F,24,Argentina,Cordoba,3:25:56
8041,Yuki,Scott,F,53,Austria,Vienna,4:14:53
8042,Piotr,Walker,M,30,Ukraine,Kyiv,3:48:59
8043,Lucas,Torres,M,37,Sweden,Vasteras,3:59:13
8044,Emma,Wright,F,47,South Africa,Port Elizabeth,4:44:11
8045,Lucas,Romano,M,47,Germany,Munich,2:30:38
8046,Piotr,Hernandez,M,28,United Kingdom,London,2:07:28
8047,Charlotte,Kuznetsov,F,48,Italy,Turin,4:19:25
8048,James,Wright,M,20,Switzerland,Geneva,4:13:19
8049,Yuki,Clark,F,19,Argentina,Rosario,5:41:42
8050,Robert,Jackson,M,65,Finland,Espoo,2:28:45
8051,Nikolai,Hernandez,M,20,Germany,Berlin,2:33:37
8052,Nikolai,Harris,M,32,Ethiopia,Mekelle,4:44:06
8053,Ekaterina,Kowalczyk,F,34,South Korea,Daejeon,5:50:38
8054,Isabella,Kaczmarek,F,65,Argentina,Mendoza,5:01:37
8055,Megan,Martin,F,69,Germany,Cologne,2:48:55
8056,Arthur,Wiśniewski,M,24,Romania,Timisoara,2:44:23
8057,Arthur,Popov,M,65,Turkey,Ankara,5:10:24
8058,Giovanni,Nguyen,M,22,Kenya,Nairobi,2:56:47
8059,Mateusz,Lewis,M,51,Canada,Montreal,3:38:48
8060,Sofia,Scott,F,50,Hungary,Debrecen,2:30:01
8061,Magdalena,Ferrari,F,62,China,Chengdu,2:29:11
8062,Michael,Perez,M,33,Kenya,Nairobi,4:29:01
8063,Ingrid,Thompson,F,54,Czech Republic,Prague,2:35:35
8064,Robert,Rodriguez,M,20,Austria,Linz,5:31:17
8065,Megan,Kowalczyk,F,64,South Korea,Daegu,5:04:40
8066,Lucas,Romano,M,65,France,Nice,5:32:43
8067,Harry,Brown,M,60,Sweden,Uppsala,4:45:35
8068,Santiago,Martinez,M,68,India,Delhi,3:42:31
8069,William,Lewis,M,67,South Korea,Busan,2:54:08
8070,Maya,Robinson,F,38,Ukraine,Lviv,3:10:35
8071,Daniel,Murphy,M,58,Israel,Jerusalem,3:58:50
8072,William,Ferrari,M,25,Canada,Montreal,3:06:49
8073,Evelyn,Martin,F,39,Portugal,Coimbra,5:15:34
8074,Megan,Wright,F,68,Switzerland,Lausanne,2:26:29
8075,Valentina,Novak,F,22,China,Guangzhou,2:13:23
8076,George,Melo,M,34,Portugal,Porto,4:17:31
8077,María,Santos,F,54,Portugal,Faro,3:29:11
8078,Mia,Robinson,F,31,Portugal,Porto,2:56:37
8079,Liam,Gomes,M,56,Singapore,Singapore,5:51:28
8080,Piotr,Wiśniewski,M,58,Japan,Kyoto,2:40:47
8081,Harry,King,M,45,Hungary,Debrecen,4:45:57
8082,Oleg,Melo,M,48,Russia,Novosibirsk,3:20:20
8083,Alexander,Gomes,M,34,Argentina,Cordoba,2:36:37
8084,Piotr,Bianchi,M,52,Sweden,Uppsala,5:47:21
8085,Charlotte,Rossi,F,57,Hungary,Debrecen,3:06:56
8086,Ekaterina,Rossi,F,39,Italy,Rome,5:44:53
8087,Giulia,Ramirez,F,62,Italy,Naples,4:32:22
8088,Olivia,Wiśniewski,F,65,Russia,Kazan,5:46:25
8089,Mateo,King,M,70,France,Lyon,5:15:54
8090,Laura,King,F,46,Australia,Adelaide,2:25:10
8091,Charlotte,Garcia,F,27,Japan,Nagoya,2:41:27
8092,Santiago,Popov,M,35,Romania,Cluj-Napoca,4:19:18
8093,Giulia,Novak,F,52,Mexico,Monterrey,3:08:40
8094,Emma,Wilson,F,61,Norway,Tromso,2:11:08
8095,Megan,Allen,F,33,Sweden,Uppsala,5:00:36
8096,Anna,Wiśniewski,F,67,Mexico,Mexico City,5:16:03
8097,Pedro,Silva,M,66,Australia,Sydney,2:52:23
8098,Daniel,Davis,M,24,Spain,Seville,3:02:30
8099,James,Torres,M,47,Singapore,Singapore,5:14:03
8100,Anna,Kowalski,F,36,United Kingdom,Birmingham,3:03:38
8101,Olivia,Romano,F,40,Argentina,Mendoza,3:55:44
8102,Hannah,Garcia,F,25,Singapore,Singapore,5:34:06
8103,Mikhail,Melo,M,34,Austria,Innsbruck,4:48:48
8104,Piotr,Torres,M,38,Kenya,Nakuru,5:55:55
8105,Olivia,Oliveira,F,43,United Kingdom,Glasgow,3:09:20
8106,Emma,Kowalczyk,F,45,United Kingdom,Birmingham,2:24:04
8107,Arthur,Petrov,M,56,Germany,Berlin,2:57:06
8108,Jack,Novak,M,50,Italy,Rome,4:12:40
8109,Sofia,Romano,F,57,United States,San Francisco,2:05:17
8110,Charlotte,Lewis,F,36,China,Beijing,5:52:00
8111,Giovanni,Torres,M,46,Spain,Madrid,3:44:59
8112,Elijah,White,M,37,Slovakia,Presov,2:32:36
8113,Zuzanna,Martinez,F,37,Germany,Munich,5:31:37
8114,Olga,Costa,F,27,Finland,Vantaa,5:35:18
8115,Pedro,Gomes,M,29,France,Marseille,2:31:36
8116,Pedro,Nguyen,M,50,United Kingdom,Glasgow,4:37:17
8117,Giulia,Anderson,F,42,Canada,Calgary,2:26:27
8118,Mateusz,Garcia,M,42,South Korea,Seoul,2:09:27
8119,Jan,Kowalczyk,M,70,Israel,Tel Aviv,2:12:14
8120,Isabella,Wright,F,21,Brazil,Brasilia,2:38:55
8121,Noah,Wiśniewski,M,21,South Korea,Daejeon,2:46:37
8122,Sara,Kowalczyk,F,26,Japan,Sapporo,3:52:20
8123,Liam,Kaczmarek,M,32,China,Guangzhou,3:45:37
8124,Zuzanna,Gonzalez,F,43,Netherlands,The Hague,4:15:06
8125,Henry,Ivanov,M,32,Ethiopia,Mekelle,2:58:28
8126,Luis,Johnson,M,43,Singapore,Singapore,2:31:53
8127,Lucas,Davis,M,45,United States,Boston,4:33:30
8128,Ingrid,Thomas,F,24,China,Chengdu,5:27:50
8129,Maya,Garcia,F,49,Israel,Tel Aviv,4:04:24
8130,Liam,Thomas,M,29,Kenya,Eldoret,2:42:11
8131,Hannah,Rodriguez,F,52,Ethiopia,Bahir Dar,5:22:44
8132,Ingrid,Walker,F,69,Austria,Graz,3:52:43
8133,Daria,Rodriguez,F,49,United Arab Emirates,Abu Dhabi,4:33:52
8134,Jan,Thompson,M,26,Israel,Nazareth,3:39:55
8135,Amelia,Thomas,F,31,Kenya,Nakuru,5:52:17
8136,Pedro,Williams,M,30,South Korea,Incheon,5:56:18
8137,Jack,Brown,M,61,Denmark,Aalborg,4:34:56
8138,Megan,Lee,F,50,South Africa,Johannesburg,3:20:12
8139,Hannah,Bianchi,F,49,Ethiopia,Addis Ababa,4:17:40
8140,Benjamin,Silva,M,36,Kenya,Kisumu,5:44:29
8141,David,Kuznetsov,M,47,Czech Republic,Olomouc,3:26:26
8142,Amelia,Williams,F,33,Ukraine,Kharkiv,3:07:51
8143,Alina,Lee,F,29,Mexico,Guadalajara,4:50:18
8144,Elijah,Oliveira,M,27,Ethiopia,Gondar,3:45:23
8145,Evelyn,Martin,F,19,South Korea,Seoul,3:43:24
8146,Hugo,Kuznetsov,M,35,Ethiopia,Gondar,5:56:58
8147,Giovanni,Wilson,M,30,Singapore,Singapore,3:03:32
8148,Laura,Jones,F,46,Norway,Bergen,4:39:50
8149,Piotr,Gomes,M,41,Italy,Turin,5:05:13
8150,Robert,Young,M,55,Turkey,Izmir,5:24:57
8151,Giulia,Harris,F,29,United Arab Emirates,Sharjah,5:51:18
8152,Laura,Rodriguez,F,46,India,Hyderabad,5:11:42
8153,Marco,Garcia,M,39,Ukraine,Odesa,5:11:15
8154,Giulia,Smirnov,F,53,Canada,Montreal,4:20:03
8155,Katarzyna,Allen,F,18,Norway,Tromso,5:23:16
8156,George,Sanchez,M,60,Turkey,Izmir,5:17:55
8157,Ingrid,Thomas,F,57,Australia,Adelaide,2:35:44
8158,Hugo,Thompson,M,51,Canada,Montreal,3:10:24
8159,Ivan,Bianchi,M,51,United Kingdom,Edinburgh,5:13:11
8160,Sunita,Brown,F,65,Brazil,Rio de Janeiro,5:36:53
8161,Olivia,Novak,F,50,India,Bangalore,5:44:30
8162,Piotr,Wright,M,21,Norway,Stavanger,3:26:21
8163,Jan,Costa,M,55,Finland,Espoo,2:13:54
8164,Pedro,Garcia,M,47,Germany,Cologne,4:11:17
8165,Mateusz,Novak,M,70,Hungary,Miskolc,3:40:30
8166,Nikolai,Lewis,M,69,Italy,Rome,4:26:16
8167,Ivan,Garcia,M,63,Canada,Vancouver,4:18:07
8168,Anna,Costa,F,37,Finland,Espoo,5:06:01
8169,Jakub,Ferrari,M,43,Germany,Berlin,5:24:38
8170,Jakub,Thomas,M,32,Hungary,Debrecen,4:40:21
8171,Maya,Young,F,24,Sweden,Gothenburg,4:29:55
8172,Ingrid,Lopez,F,24,South Korea,Seoul,3:14:01
8173,Kacper,Thompson,M,67,Mexico,Puebla,4:17:16
8174,Lucas,Miller,M,46,Portugal,Coimbra,5:54:18
8175,Julia,Jackson,F,40,Germany,Munich,5:49:15
8176,Ivan,Sanchez,M,51,Austria,Innsbruck,4:30:28
8177,Arthur,Williams,M,37,France,Nice,4:22:33
8178,Evelyn,Romano,F,32,Slovakia,Bratislava,3:42:41
8179,David,Melo,M,50,Austria,Innsbruck,3:31:41
8180,Ivan,Walker,M,70,Russia,Moscow,2:44:43
8181,Michael,Lopez,M,34,Romania,Iasi,4:25:02
8182,Giovanni,Johnson,M,37,Turkey,Izmir,2:45:47
8183,Mateo,Wright,M,30,United States,San Francisco,3:25:04
8184,Yuki,Clark,F,61,Turkey,Bursa,5:01:26
8185,Jakub,Clark,M,41,Russia,Novosibirsk,2:59:29
8186,Liam,Perez,M,64,Argentina,Mendoza,4:27:48
8187,Ivan,Jackson,M,54,Sweden,Stockholm,4:41:17
8188,Camila,King,F,24,Spain,Barcelona,5:16:11
8189,Mia,Harris,F,25,Hungary,Budapest,4:01:04
8190,Alexander,Taylor,M,40,Canada,Montreal,4:02:42
8191,Isabella,Ferrari,F,31,Norway,Oslo,3:03:18
8192,Carlos,Jones,M,21,China,Shanghai,2:52:27
8193,Oliver,Santos,M,38,Portugal,Coimbra,4:12:38
8194,Benjamin,Kowalski,M,63,Australia,Melbourne,4:09:06
8195,Giovanni,Lee,M,27,Turkey,Ankara,4:19:43
8196,Hugo,Perez,M,39,Australia,Adelaide,4:34:38
8197,Hannah,Costa,F,47,Australia,Brisbane,2:17:12
8198,Oleg,Clark,M,47,South Africa,Port Elizabeth,3:29:23
8199,Maria,Williams,F,33,Switzerland,Bern,5:26:00
8200,Mateusz,Davis,M,28,South Korea,Busan,4:06:53
8201,Oliver,Gonzalez,M,39,Italy,Bologna,4:05:36
8202,Thomas,Wright,M,46,China,Beijing,2:49:59
8203,Olivia,Rodriguez,F,42,Sweden,Vasteras,5:38:29
8204,Michael,Wilson,M,31,Canada,Calgary,2:40:58
8205,Olivia,Taylor,F,31,Argentina,Cordoba,5:21:52
8206,Alexander,Young,M,19,Israel,Beer Sheva,3:06:04
8207,Carlos,Wilson,M,30,India,Delhi,5:05:47
8208,Pedro,Rodriguez,M,20,India,Mumbai,4:39:30
8209,David,Costa,M,47,Norway,Stavanger,4:15:11
8210,Benjamin,Taylor,M,35,China,Beijing,5:16:26
8211,Alexander,Ivanov,M,53,United Kingdom,Birmingham,5:22:18
8212,Ekaterina,Robinson,F,38,Portugal,Lisbon,4:20:53
8213,Lucas,King,M,70,Italy,Naples,3:21:59
8214,Maya,Anderson,F,36,India,Delhi,2:41:33
8215,Harry,Lee,M,33,France,Nice,5:00:03
8216,Giulia,Gomes,F,45,United Kingdom,Birmingham,3:21:03
8217,Emma,Torres,F,21,United Arab Emirates,Ras Al Khaimah,4:47:56
8218,Carlos,Torres,M,68,Austria,Vienna,2:55:06
8219,Oliver,Clark,M,32,Netherlands,The Hague,3:12:24
8220,Olivia,Sanchez,F,18,Turkey,Ankara,2:25:10
8221,Maria,Smirnov,F,65,Finland,Helsinki,5:18:26
8222,George,Novak,M,64,Japan,Tokyo,2:38:06
8223,Liam,Torres,M,33,South Africa,Pretoria,2:57:50
8224,Camila,Lopez,F,37,United States,Los Angeles,5:06:58
8225,David,Wright,M,50,Kenya,Nakuru,4:09:33
8226,Ekaterina,Kowalski,F,34,Poland,Gdansk,2:34:08
8227,David,Robinson,M,22,Ukraine,Dnipro,2:17:37
8228,Mikhail,Costa,M,22,Hungary,Budapest,4:41:09
8229,Zuzanna,Wiśniewski,F,56,Ukraine,Odesa,2:20:18
8230,Katarzyna,Davis,F,30,Kenya,Nairobi,4:40:11
8231,Ivan,Romano,M,61,Ukraine,Dnipro,4:33:17
8232,Piotr,Wright,M,53,Australia,Perth,3:45:54
8233,Sara,Rodriguez,F,47,Argentina,Rosario,3:27:09
8234,Olivia,Davis,F,21,Denmark,Esbjerg,5:18:42
8235,Giovanni,Moore,M,40,Germany,Munich,2:52:41
8236,Valentina,Johnson,F,38,Japan,Osaka,3:19:54
8237,Isabela,Bianchi,F,38,Portugal,Lisbon,2:35:07
8238,Olga,Scott,F,23,Sweden,Malmo,4:44:51
8239,Amelia,Rossi,F,41,India,Bangalore,2:49:09
8240,Benjamin,Wiśniewski,M,64,Finland,Helsinki,3:18:43
8241,Julia,Romano,F,70,Ukraine,Kyiv,2:26:35
8242,Ekaterina,Kaczmarek,F,48,Canada,Calgary,4:48:32
8243,Oliver,Gonzalez,M,36,Japan,Sapporo,2:45:42
8244,Oleg,Wilson,M,55,India,Hyderabad,4:12:19
8245,Harry,Allen,M,29,Slovakia,Bratislava,2:48:15
8246,Megan,Santos,F,31,South Korea,Daegu,3:30:37
8247,William,Allen,M,67,Argentina,Rosario,5:45:06
8248,Olivia,Wilson,F,29,Portugal,Porto,5:31:04
8249,Olga,Walker,F,32,Norway,Bergen,2:22:52
8250,María,Nowak,F,36,Mexico,Puebla,3:12:55
8251,Katarzyna,Allen,F,45,Ethiopia,Addis Ababa,4:45:41
8252,Chiara,Popov,F,57,Slovakia,Bratislava,3:10:42
8253,Lucas,Wilson,M,58,Kenya,Mombasa,2:34:31
8254,Laura,Jackson,F,22,Mexico,Guadalajara,3:39:35
8255,John,Lewis,M,22,United Kingdom,Edinburgh,2:21:57
8256,Olivia,Romano,F,23,Slovakia,Nitra,3:06:32
8257,Alexander,Miller,M,40,Turkey,Izmir,5:31:56
8258,Chiara,Kuznetsov,F,20,Austria,Salzburg,4:30:10
8259,Olivia,Murphy,F,54,Portugal,Lisbon,2:44:11
8260,Olivia,Kowalski,F,50,Spain,Valencia,4:40:27
8261,Lucas,Thompson,M,60,Italy,Turin,2:51:12
8262,Lorenzo,Allen,M,38,Czech Republic,Pilsen,2:20:11
8263,Lucia,Johnson,F,37,Germany,Hamburg,4:35:07
8264,Santiago,Wright,M,18,Ethiopia,Dire Dawa,2:21:13
8265,Evelyn,Sanchez,F,56,Singapore,Singapore,4:54:14
8266,Henry,Thompson,M,64,Poland,Gdansk,5:09:18
8267,Maria,Rossi,F,34,Finland,Helsinki,5:01:42
8268,Mateo,Williams,M,46,South Africa,Durban,5:47:57
8269,Maria,Jones,F,25,Hungary,Pecs,2:56:42
8270,Sofia,Costa,F,43,Singapore,Singapore,4:09:22
8271,Lucas,Santos,M,45,Canada,Ottawa,2:35:00
8272,James,Kowalski,M,51,Spain,Seville,2:18:28
8273,Oliver,Popov,M,43,South Korea,Daegu,3:35:38
8274,Katarzyna,Lewis,F,30,Portugal,Faro,3:30:33
8275,Sara,Rodriguez,F,61,Finland,Tampere,4:31:01
8276,Olivia,Moore,F,54,Germany,Cologne,2:21:09
8277,Ekaterina,Jones,F,30,Kenya,Eldoret,3:12:59
8278,Noah,Brown,M,55,Norway,Stavanger,2:36:19
8279,Michael,Smirnov,M,42,Canada,Toronto,3:00:19
8280,Harry,Romano,M,64,Argentina,Mendoza,3:23:25
8281,Mikhail,Miller,M,40,Finland,Tampere,3:55:11
8282,Ingrid,Wilson,F,39,Kenya,Eldoret,2:11:27
8283,Sofia,Moore,F,38,Norway,Bergen,5:58:05
8284,Mateusz,Kaczmarek,M,47,Singapore,Singapore,4:19:27
8285,Anna,Romano,F,28,France,Nice,5:42:26
8286,Olga,Nowak,F,21,South Africa,Cape Town,3:44:17
8287,William,Brown,M,50,South Africa,Cape Town,2:46:29
8288,Arthur,Walker,M,64,Mexico,Cancun,4:10:09
8289,Arthur,Martin,M,29,Finland,Tampere,4:30:07
8290,Charlotte,Novak,F,26,Switzerland,Lausanne,3:43:57
8291,Abigail,Martinez,F,49,Japan,Osaka,3:09:04
8292,Ekaterina,Wright,F,28,Slovakia,Kosice,2:53:10
8293,Giovanni,Johnson,M,54,Switzerland,Lausanne,5:30:32
8294,Harry,Popov,M,41,Switzerland,Bern,2:29:02
8295,Olga,Walker,F,24,Japan,Sapporo,2:17:02
8296,Abigail,Kowalczyk,F,25,Ukraine,Kyiv,4:34:07
8297,Julia,Taylor,F,50,Ethiopia,Gondar,2:42:30
8298,Ingrid,Clark,F,42,Ethiopia,Mekelle,2:36:48
8299,Hugo,Lopez,M,18,Canada,Ottawa,2:48:06
8300,Camila,White,F,20,Turkey,Istanbul,4:27:57
8301,Mia,Young,F,57,Slovakia,Nitra,3:47:06
8302,Oleg,Rossi,M,45,Czech Republic,Ostrava,3:57:53
8303,Abigail,Lopez,F,60,Australia,Melbourne,5:11:47
8304,Nikolai,Smith,M,50,Mexico,Guadalajara,5:35:47
8305,Alexander,Romano,M,63,Switzerland,Basel,4:21:30
8306,Hugo,Lopez,M,18,South Africa,Johannesburg,3:13:07
8307,Carlos,Miller,M,55,India,Chennai,4:46:23
8308,Benjamin,Wright,M,70,Mexico,Puebla,3:29:38
8309,Arthur,Brown,M,44,United States,Chicago,4:20:42
8310,Ava,Gonzalez,F,55,Ukraine,Dnipro,4:54:19
8311,Oleg,Harris,M,52,Switzerland,Zurich,5:33:12
8312,Robert,Ramirez,M,27,Ethiopia,Dire Dawa,3:00:18
8313,Benjamin,Smirnov,M,29,Hungary,Budapest,2:55:38
8314,Julia,Wilson,F,27,South Korea,Seoul,4:39:24
8315,Elijah,Walker,M,51,Spain,Bilbao,5:35:53
8316,Liam,Martinez,M,41,South Africa,Cape Town,4:59:52
8317,Hannah,Sanchez,F,45,Canada,Calgary,2:17:48
8318,María,Smirnov,F,39,Spain,Seville,5:06:11
8319,Sofia,Brown,F,62,Japan,Nagoya,4:37:58
8320,Alexander,Kaczmarek,M,33,Mexico,Mexico City,5:36:44
8321,Oliver,Williams,M,30,United States,Los Angeles,5:13:18
8322,Yuki,Perez,F,53,France,Bordeaux,3:37:37
8323,Ivan,Sanchez,M,53,Sweden,Malmo,5:00:51
8324,Carlos,Popov,M,60,South Africa,Durban,3:32:42
8325,Henry,Jones,M,40,Kenya,Kisumu,2:08:16
8326,Ingrid,White,F,31,Kenya,Eldoret,5:12:16
8327,Lorenzo,Clark,M,49,Denmark,Copenhagen,2:43:27
8328,Hannah,Nguyen,F,20,Mexico,Cancun,2:28:09
8329,Emma,Smith,F,44,Japan,Tokyo,3:57:19
8330,Piotr,Robinson,M,36,United Kingdom,London,3:33:31
8331,Emily,Murphy,F,39,Austria,Innsbruck,3:04:18
8332,Zuzanna,Johnson,F,18,China,Shanghai,5:04:33
8333,Sophia,Miller,F,22,Israel,Jerusalem,4:56:03
8334,Michael,Thomas,M,66,United Arab Emirates,Ajman,2:54:50
8335,Evelyn,Perez,F,50,Netherlands,Amsterdam,5:48:06
8336,Jack,Smith,M,68,Poland,Warsaw,3:44:57
8337,Emma,Bianchi,F,36,Sweden,Uppsala,4:49:21
8338,Giovanni,Wilson,M,53,China,Shenzhen,4:45:09
8339,Arthur,Robinson,M,68,Spain,Valencia,5:06:58
8340,Mia,Gonzalez,F,23,Singapore,Singapore,3:49:13
8341,Ava,Nowak,F,32,Finland,Vantaa,3:48:53
8342,María,Hernandez,F,53,United Arab Emirates,Ras Al Khaimah,5:30:24
8343,Mateo,Garcia,M,50,China,Shenzhen,5:09:21
8344,Benjamin,Wilson,M,41,Sweden,Malmo,5:46:20
8345,Hannah,Ferrari,F,44,Romania,Cluj-Napoca,4:47:58
8346,Julia,Torres,F,66,Denmark,Aarhus,3:22:47
8347,Ava,Kowalczyk,F,28,Ukraine,Lviv,3:18:22
8348,David,Walker,M,66,Norway,Oslo,3:48:25
8349,William,Nowak,M,40,China,Chengdu,5:34:52
8350,Julia,Young,F,50,Poland,Gdansk,4:58:38
8351,Abigail,Lopez,F,58,Norway,Oslo,5:59:15
8352,Lucas,Johnson,M,63,Hungary,Miskolc,5:23:48
8353,Maria,Lee,F,64,Romania,Constanta,4:37:03
8354,Ekaterina,Kowalczyk,F,46,Netherlands,Amsterdam,4:01:28
8355,Carlos,Rossi,M,48,China,Beijing,5:54:15
8356,Lucas,Young,M,18,Japan,Nagoya,4:47:14
8357,Lucas,Torres,M,51,Japan,Tokyo,2:38:12
8358,Sofia,Scott,F,35,Kenya,Nairobi,5:23:18
8359,William,Walker,M,35,Spain,Barcelona,3:12:39
8360,Liam,Robinson,M,23,Portugal,Faro,4:05:03
8361,Maria,Martin,F,69,Brazil,Salvador,3:59:53
8362,Ivan,Clark,M,57,Slovakia,Nitra,5:20:41
8363,Elijah,Martinez,M,18,Denmark,Esbjerg,2:57:24
8364,Lucas,Wiśniewski,M,64,Netherlands,Utrecht,3:59:42
8365,Daria,Jackson,F,59,United States,Chicago,4:09:30
8366,Evelyn,Lopez,F,47,Poland,Poznan,5:43:04
8367,Mateusz,Martinez,M,21,Italy,Bologna,4:47:06
8368,Mia,Nowak,F,49,Switzerland,Basel,5:13:48
8369,Laura,Smith,F,27,Switzerland,Lausanne,5:42:14
8370,Alexander,Perez,M,60,Norway,Trondheim,2:49:34
8371,Santiago,Wilson,M,22,Austria,Vienna,3:20:48
8372,Harry,Moore,M,26,Australia,Melbourne,5:43:38
8373,James,Martinez,M,22,United Arab Emirates,Abu Dhabi,5:42:25
8374,Emma,Nguyen,F,28,United States,New York,4:35:52
8375,Ekaterina,Martin,F,52,Portugal,Porto,2:30:52
8376,Marco,Bianchi,M,44,Canada,Toronto,3:45:14
8377,John,Oliveira,M,21,Hungary,Budapest,5:43:26
8378,Santiago,Harris,M,27,Romania,Cluj-Napoca,2:28:12
8379,Sunita,Johnson,F,56,South Africa,Cape Town,4:52:51
8380,Hugo,Ivanov,M,50,United Arab Emirates,Abu Dhabi,4:27:52
8381,Camila,Clark,F,55,Sweden,Uppsala,3:33:58
8382,Kacper,Lee,M,25,Sweden,Gothenburg,2:15:48
8383,Charlotte,Anderson,F,66,United Arab Emirates,Abu Dhabi,5:33:53
8384,Evelyn,Walker,F,41,India,Hyderabad,5:21:53
8385,Carlos,Garcia,M,56,Canada,Calgary,3:51:34
8386,Giovanni,Murphy,M,50,Ethiopia,Bahir Dar,3:22:40
8387,Daria,Popov,F,58,Singapore,Singapore,5:18:29
8388,Thomas,Johnson,M,60,Germany,Hamburg,2:18:40
8389,Evelyn,Moore,F,36,South Korea,Daegu,2:12:51
8390,Kacper,Ferrari,M,19,Norway,Bergen,4:19:14
8391,Katarzyna,Nguyen,F,28,Turkey,Bursa,4:55:08
8392,Daniel,Thompson,M,52,Romania,Iasi,2:07:01
8393,Amelia,Harris,F,34,Kenya,Nairobi,3:35:45
8394,Ava,Rodriguez,F,59,Kenya,Nairobi,4:13:15
8395,Charlotte,Miller,F,20,Romania,Cluj-Napoca,3:26:16
8396,Ingrid,Petrov,F,39,United Arab Emirates,Abu Dhabi,2:51:35
8397,Amelia,Lee,F,52,Finland,Vantaa,3:15:16
8398,Daniel,Nguyen,M,38,South Africa,Pretoria,2:41:26
8399,Mia,Hernandez,F,42,Italy,Turin,2:40:34
8400,Isabela,Wright,F,56,Brazil,Sao Paulo,2:41:17
8401,Luis,Wiśniewski,M,19,Poland,Wroclaw,2:43:19
8402,Alina,Popov,F,18,United States,San Francisco,3:44:41
8403,Yuki,Bianchi,F,24,Hungary,Debrecen,2:28:03
8404,Hannah,Oliveira,F,37,Sweden,Gothenburg,5:19:53
8405,Carlos,Taylor,M,60,Austria,Graz,3:14:02
8406,John,Scott,M,23,Australia,Adelaide,2:37:48
8407,Pedro,Rossi,M,53,Slovakia,Nitra,5:22:34
8408,David,Ivanov,M,68,Mexico,Mexico City,3:55:44
8409,Lucia,Rodriguez,F,38,China,Shenzhen,4:52:05
8410,Hugo,Robinson,M,68,United States,New York,5:27:19
8411,Jakub,Brown,M,63,Japan,Tokyo,2:46:12
8412,Olivia,Allen,F,52,Mexico,Puebla,3:36:34
8413,Robert,Moore,M,53,India,Hyderabad,5:41:58
8414,Oleg,Robinson,M,25,Singapore,Singapore,5:31:38
8415,Alexander,Johnson,M,67,Brazil,Fortaleza,4:42:22
8416,David,Kowalczyk,M,21,China,Chengdu,3:43:26
8417,Chiara,Lewis,F,60,Japan,Sapporo,2:56:50
8418,Olga,Garcia,F,33,Japan,Kyoto,4:23:46
8419,Ingrid,Davis,F,20,South Korea,Seoul,5:51:46
8420,Jack,Williams,M,24,Norway,Stavanger,4:31:41
8421,Olivia,Jackson,F,19,Portugal,Faro,4:39:09
8422,Arthur,Silva,M,18,Russia,Novosibirsk,5:12:06
8423,Jack,Rodriguez,M,18,Kenya,Eldoret,3:54:31
8424,James,Ramirez,M,55,Brazil,Fortaleza,4:54:40
8425,Oleg,Williams,M,68,Poland,Poznan,3:07:54
8426,Elijah,Sanchez,M,24,Israel,Beer Sheva,4:58:58
8427,Jack,Kowalczyk,M,41,Australia,Melbourne,3:22:35
8428,Megan,Gomes,F,22,China,Beijing,2:09:18
8429,Lorenzo,Sanchez,M,38,Netherlands,Eindhoven,3:59:28
8430,George,Popov,M,45,Germany,Berlin,3:58:37
8431,Henry,Romano,M,35,Canada,Ottawa,3:40:44
8432,Valentina,Rossi,F,41,United Arab Emirates,Ras Al Khaimah,5:26:32
8433,Jan,Anderson,M,49,China,Shenzhen,4:36:47
8434,Ekaterina,Wright,F,62,France,Bordeaux,3:10:42
8435,Ekaterina,Allen,F,50,United Arab Emirates,Dubai,2:08:57
8436,Pedro,Moore,M,27,Netherlands,The Hague,3:00:55
8437,Marco,Williams,M,26,Kenya,Nakuru,4:32:59
8438,David,Hernandez,M,66,Netherlands,Utrecht,4:16:44
8439,Amelia,Anderson,F,50,Australia,Sydney,3:55:01
8440,Jack,King,M,50,Brazil,Salvador,3:40:06
8441,Carlos,Lee,M,24,Poland,Poznan,2:24:18
8442,Mikhail,Ramirez,M,21,Argentina,Rosario,4:57:01
8443,Camila,Martinez,F,45,South Korea,Daegu,2:14:54
8444,Liam,Hernandez,M,40,Hungary,Miskolc,5:06:33
8445,William,Hernandez,M,70,Kenya,Nairobi,2:34:10
8446,Valentina,Kowalczyk,F,49,Turkey,Ankara,2:11:42
8447,Olivia,Ivanov,F,61,Netherlands,The Hague,4:35:13
8448,Abigail,Costa,F,33,Finland,Espoo,3:08:58
8449,Liam,Thompson,M,63,Spain,Seville,4:58:47
8450,Anna,Smith,F,27,Norway,Trondheim,2:47:20
8451,Giulia,Wiśniewski,F,31,Hungary,Miskolc,3:42:58
8452,Hugo,Smith,M,56,Germany,Munich,4:59:54
8453,Sophia,Johnson,F,53,Canada,Calgary,4:09:50
8454,Noah,Scott,M,51,Brazil,Rio de Janeiro,4:49:49
8455,Megan,Harris,F,41,Argentina,La Plata,5:27:00
8456,Ivan,Rossi,M,35,Portugal,Coimbra,3:37:14
8457,Alina,Kowalczyk,F,33,Singapore,Singapore,3:33:06
8458,Luis,Robinson,M,58,Norway,Bergen,2:31:53
8459,Anna,Nguyen,F,54,Poland,Gdansk,5:37:52
8460,Lucas,Kowalski,M,58,Germany,Frankfurt,3:54:39
8461,Olivia,Smith,F,42,Japan,Nagoya,3:39:11
8462,Megan,King,F,25,Ethiopia,Gondar,3:06:19
8463,Jack,Kaczmarek,M,41,Sweden,Uppsala,3:04:12
8464,Ingrid,Garcia,F,37,Norway,Bergen,4:58:39
8465,Amelia,Taylor,F,65,United Arab Emirates,Ras Al Khaimah,5:22:50
8466,Lucas,Sanchez,M,47,Poland,Krakow,4:05:38
8467,Liam,Johnson,M,37,South Korea,Incheon,3:28:16
8468,Maya,Silva,F,35,Russia,Moscow,2:29:24
8469,James,Harris,M,21,South Korea,Daegu,5:40:31
8470,Jack,Wiśniewski,M,65,Denmark,Aarhus,3:49:42
8471,Alexander,Ferrari,M,53,Romania,Cluj-Napoca,3:26:22
8472,Ivan,Rodriguez,M,23,Ethiopia,Bahir Dar,3:49:05
8473,Michael,Gonzalez,M,20,Germany,Munich,3:55:11
8474,Giovanni,Kowalczyk,M,35,United Kingdom,Glasgow,2:56:40
8475,Maya,Ivanov,F,64,Japan,Nagoya,3:13:33
8476,Hannah,Kaczmarek,F,57,Russia,Moscow,4:54:08
8477,Jack,Popov,M,35,Spain,Seville,3:13:13
8478,Sara,Kowalczyk,F,40,Singapore,Singapore,4:20:24
8479,Sunita,Williams,F,52,Italy,Naples,3:25:51
8480,Julia,Smith,F,23,Denmark,Aarhus,4:32:58
8481,Daniel,Rossi,M,43,Finland,Espoo,4:55:28
8482,Piotr,Martin,M,38,Austria,Linz,3:04:39
8483,Hannah,Romano,F,41,Switzerland,Zurich,4:31:32
8484,Mia,Silva,F,32,Russia,Moscow,4:38:55
8485,Olga,Ramirez,F,44,South Korea,Incheon,3:35:45
8486,Emily,Taylor,F,49,South Africa,Durban,4:44:31
8487,Jakub,Thomas,M,29,France,Marseille,3:20:28
8488,Ava,Brown,F,22,Italy,Milan,4:11:06
8489,Noah,Melo,M,24,Russia,Saint Petersburg,4:38:53
8490,George,Ferrari,M,39,Denmark,Esbjerg,2:31:13
8491,Maya,Allen,F,44,Singapore,Singapore,5:36:03
8492,Mikhail,Ivanov,M,32,Singapore,Singapore,3:40:20
8493,Lucas,Thomas,M,56,Netherlands,The Hague,4:44:15
8494,Isabela,Davis,F,62,Israel,Beer Sheva,4:38:22
8495,Benjamin,Popov,M,52,Ukraine,Kyiv,5:41:43
8496,Anna,Lewis,F,43,Denmark,Esbjerg,2:25:56
8497,Mia,Gomes,F,40,Romania,Cluj-Napoca,2:23:47
8498,Charlotte,King,F,30,Hungary,Budapest,4:38:35
8499,James,Lee,M,43,Hungary,Pecs,5:23:06
8500,James,Petrov,M,20,Austria,Salzburg,2:51:24
8501,George,Scott,M,46,Sweden,Uppsala,5:33:28
8502,Mateusz,Smirnov,M,19,Mexico,Monterrey,3:46:21
8503,Alexander,Perez,M,45,Portugal,Coimbra,2:22:29
8504,Isabella,Martinez,F,40,South Africa,Durban,3:31:23
8505,Jack,Bianchi,M,53,Kenya,Nairobi,2:43:21
8506,Daria,Martinez,F,66,Japan,Sapporo,5:43:33
8507,Noah,Gonzalez,M,23,India,Bangalore,4:40:46
8508,Maria,Bianchi,F,28,Slovakia,Kosice,2:05:29
8509,Olivia,Jones,F,55,United Arab Emirates,Ras Al Khaimah,4:34:38
8510,Mateusz,Wilson,M,51,Australia,Adelaide,5:29:57
8511,Jan,Wiśniewski,M,34,South Africa,Cape Town,5:14:12
8512,Anna,Moore,F,20,South Africa,Cape Town,4:41:02
8513,Lucia,Clark,F,61,United Kingdom,Edinburgh,2:58:18
8514,Emma,Lewis,F,63,Mexico,Puebla,5:07:17
8515,Jan,Harris,M,51,Singapore,Singapore,5:57:10
8516,Jack,Murphy,M,39,Poland,Warsaw,2:27:44
8517,Yuki,Taylor,F,46,United Kingdom,Glasgow,4:47:13
8518,Alina,Nguyen,F,46,Ethiopia,Dire Dawa,5:30:38
8519,Mikhail,Costa,M,22,Denmark,Copenhagen,3:19:53
8520,Laura,Ramirez,F,27,Canada,Calgary,4:26:45
8521,Marco,Martinez,M,27,United Kingdom,London,2:49:55
8522,Elijah,Miller,M,70,United Arab Emirates,Ras Al Khaimah,5:38:21
8523,Elijah,Scott,M,26,Kenya,Nairobi,3:55:45
8524,Henry,Moore,M,38,Ethiopia,Bahir Dar,4:30:21
8525,Emma,Bianchi,F,30,United Arab Emirates,Dubai,3:43:00
8526,Henry,Kuznetsov,M,27,South Africa,Johannesburg,4:20:49
8527,Daniel,Melo,M,55,Denmark,Odense,3:42:39
8528,Mia,Smirnov,F,28,United States,Boston,5:44:07
8529,Isabella,Martinez,F,21,Romania,Timisoara,5:02:38
8530,Evelyn,Nowak,F,63,Netherlands,Utrecht,4:58:53
8531,Chiara,Allen,F,48,Finland,Oulu,4:26:43
8532,Marco,Murphy,M,66,Norway,Stavanger,2:21:35
8533,Alina,Smith,F,69,South Korea,Seoul,3:59:25
8534,Abigail,Santos,F,51,Singapore,Singapore,5:51:50
8535,Laura,Martinez,F,59,United Kingdom,Birmingham,4:09:56
8536,Oliver,King,M,52,Norway,Trondheim,5:03:35
8537,Kacper,Allen,M,56,Russia,Saint Petersburg,2:48:51
8538,Isabella,Young,F,56,France,Paris,2:09:23
8539,Alexander,Smirnov,M,50,Singapore,Singapore,4:13:04
8540,Zuzanna,Santos,F,25,Norway,Stavanger,5:25:44
8541,Evelyn,Robinson,F,49,United Arab Emirates,Ajman,5:55:30
8542,Chiara,Rossi,F,50,Hungary,Budapest,4:21:52
8543,Katarzyna,Novak,F,25,India,Mumbai,5:03:36
8544,Valentina,Clark,F,63,Hungary,Miskolc,5:38:56
8545,Oleg,Hernandez,M,31,South Korea,Incheon,4:41:28
8546,Chiara,Thompson,F,51,Switzerland,Basel,3:29:03
8547,Sara,Johnson,F,25,Portugal,Braga,3:30:16
8548,Liam,Jackson,M,68,Austria,Salzburg,2:57:13
8549,James,Hernandez,M,59,Hungary,Budapest,4:24:57
8550,Arthur,Miller,M,24,Switzerland,Basel,2:32:16
8551,Olga,Rodriguez,F,30,United Kingdom,Birmingham,4:32:02
8552,Thomas,Smirnov,M,38,Poland,Wroclaw,4:58:38
8553,Anna,Miller,F,64,China,Shenzhen,4:15:11
8554,Thomas,Davis,M,49,Kenya,Mombasa,5:01:21
8555,Carlos,Jones,M,28,United Arab Emirates,Abu Dhabi,3:20:35
8556,Camila,Rossi,F,31,Czech Republic,Olomouc,2:23:18
8557,Jan,Thompson,M,28,Australia,Perth,2:09:49
8558,Ingrid,Johnson,F,19,Netherlands,Rotterdam,2:48:24
8559,Alina,Petrov,F,51,China,Shanghai,2:08:27
8560,Laura,Davis,F,61,Kenya,Nakuru,5:25:06
8561,Oliver,Brown,M,64,Norway,Stavanger,4:26:03
8562,Sara,Murphy,F,34,Slovakia,Nitra,3:06:18
8563,Camila,Anderson,F,31,China,Guangzhou,4:28:26
8564,Sophia,Taylor,F,42,China,Chengdu,3:02:48
8565,Pedro,Clark,M,65,China,Shenzhen,5:36:11
8566,Emma,Brown,F,44,Argentina,Buenos Aires,4:42:56
8567,Mia,Rodriguez,F,25,Germany,Frankfurt,3:28:06
8568,Olga,Thomas,F,34,Russia,Saint Petersburg,4:49:14
8569,Robert,Martinez,M,22,Norway,Oslo,5:28:26
8570,Giovanni,Garcia,M,29,United States,San Francisco,4:38:53
8571,Noah,Garcia,M,55,Argentina,Buenos Aires,3:13:10
8572,Santiago,Gonzalez,M,35,Hungary,Budapest,3:58:23
8573,Henry,Torres,M,43,Singapore,Singapore,2:43:14
8574,Pedro,Jones,M,48,Ukraine,Odesa,5:23:25
8575,Katarzyna,Garcia,F,54,Portugal,Faro,5:51:47
8576,Henry,Johnson,M,23,Brazil,Rio de Janeiro,2:46:01
8577,Maria,Wright,F,58,Ethiopia,Mekelle,4:17:25
8578,Mateusz,Smith,M,32,Mexico,Mexico City,4:43:55
8579,Michael,Kowalczyk,M,59,Russia,Novosibirsk,3:39:33
8580,Pedro,Ramirez,M,66,Singapore,Singapore,5:07:34
8581,Jan,Anderson,M,43,Germany,Munich,5:58:24
8582,Maria,Martin,F,68,South Africa,Port Elizabeth,4:58:40
8583,Julia,Popov,F,29,Norway,Oslo,3:01:07
8584,Oliver,Oliveira,M,58,Russia,Yekaterinburg,5:57:47
8585,Oleg,Nowak,M,64,Denmark,Odense,2:20:43
8586,Santiago,Santos,M,31,Ethiopia,Mekelle,5:44:40
8587,Abigail,Lewis,F,18,United States,Los Angeles,3:14:16
8588,Lucia,Anderson,F,34,United Arab Emirates,Ras Al Khaimah,5:29:11
8589,Daria,Harris,F,50,Brazil,Brasilia,5:50:20
8590,Emma,Miller,F,46,Australia,Brisbane,2:07:45
8591,Sunita,Garcia,F,70,Israel,Haifa,2:36:45
8592,Piotr,Thomas,M,62,India,Delhi,2:55:56
8593,Liam,White,M,48,South Korea,Incheon,4:43:35
8594,Olivia,Popov,F,25,Poland,Poznan,5:40:42
8595,Giulia,Popov,F,47,Germany,Cologne,2:10:50
8596,Daria,Young,F,30,France,Lyon,5:00:02
8597,Abigail,Taylor,F,33,Ethiopia,Mekelle,3:00:09
8598,Ivan,Thompson,M,19,Poland,Wroclaw,3:39:21
8599,Olga,Clark,F,62,Netherlands,Rotterdam,2:20:31
8600,Mia,Young,F,35,China,Chengdu,3:08:58
8601,Carlos,Wright,M,52,Russia,Yekaterinburg,4:40:05
8602,Sofia,Hernandez,F,62,South Africa,Port Elizabeth,4:57:58
8603,Zuzanna,Wiśniewski,F,36,China,Guangzhou,4:19:18
8604,Benjamin,Kowalczyk,M,30,France,Marseille,2:38:09
8605,Henry,Ferrari,M,68,Poland,Wroclaw,4:44:37
8606,Giovanni,Petrov,M,21,France,Lyon,3:03:04
8607,Camila,Sanchez,F,36,Italy,Naples,4:16:26
8608,Marco,Smith,M,67,South Korea,Seoul,2:23:36
8609,Isabella,Sanchez,F,42,Hungary,Budapest,4:23:45
8610,Lucia,Kuznetsov,F,55,United States,San Francisco,5:27:23
8611,Jakub,Gomes,M,68,Ethiopia,Gondar,4:41:59
8612,Katarzyna,Gomes,F,48,Argentina,Mendoza,4:01:02
8613,Laura,Martinez,F,53,China,Shanghai,3:44:27
8614,Henry,Moore,M,21,Slovakia,Zilina,5:13:21
8615,William,Gomes,M,56,Japan,Sapporo,5:46:45
8616,Sunita,Oliveira,F,24,Kenya,Kisumu,5:03:16
8617,María,Oliveira,F,33,Ethiopia,Bahir Dar,5:21:37
8618,Carlos,Silva,M,65,Australia,Sydney,4:16:44
8619,Daniel,Lewis,M,22,Italy,Bologna,4:52:53
8620,David,Silva,M,64,China,Chengdu,3:20:33
8621,Ekaterina,Rossi,F,40,Mexico,Monterrey,4:32:51
8622,Arthur,Jackson,M,53,Italy,Bologna,5:06:26
8623,Emily,Robinson,F,49,United Arab Emirates,Sharjah,2:49:29
8624,Mia,Petrov,F,41,Portugal,Porto,4:42:19
8625,Mateo,Nguyen,M,42,South Korea,Seoul,2:24:51
8626,Sophia,Novak,F,62,Japan,Tokyo,2:23:50
8627,Hugo,White,M,45,Ethiopia,Dire Dawa,2:28:23
8628,Olivia,Williams,F,36,Slovakia,Zilina,4:56:03
8629,Carlos,Gomes,M,24,Romania,Timisoara,3:38:50
8630,Charlotte,Bianchi,F,61,Australia,Melbourne,4:43:42
8631,Isabella,Martin,F,58,Austria,Graz,3:28:50
8632,David,Torres,M,34,China,Guangzhou,2:28:01
8633,John,Martin,M,19,Norway,Tromso,2:11:09
8634,Alexander,Rodriguez,M,33,South Korea,Seoul,3:29:52
8635,Ivan,Lee,M,56,South Africa,Cape Town,3:08:14
8636,Ekaterina,Bianchi,F,35,Ukraine,Odesa,3:50:14
8637,Giulia,Martin,F,56,Argentina,Rosario,3:40:00
8638,Elijah,Martin,M,18,United States,San Francisco,5:03:02
8639,Lucia,Oliveira,F,20,Canada,Montreal,4:41:08
8640,Julia,Scott,F,38,Denmark,Copenhagen,4:27:47
8641,Abigail,Davis,F,47,Poland,Warsaw,2:51:00
8642,Alexander,Garcia,M,28,Portugal,Lisbon,5:16:22
8643,Piotr,Rossi,M,39,Kenya,Nakuru,2:37:23
8644,Pedro,Romano,M,64,Spain,Valencia,2:20:57
8645,Maria,Murphy,F,42,Brazil,Fortaleza,4:35:02
8646,Kacper,Hernandez,M,20,Sweden,Stockholm,3:27:02
8647,Kacper,Taylor,M,47,Switzerland,Lausanne,3:55:29
8648,Jack,Rossi,M,41,Slovakia,Presov,2:30:33
8649,Camila,Johnson,F,62,United States,Boston,5:35:22
8650,Luis,Petrov,M,53,Russia,Yekaterinburg,3:59:45
8651,Mikhail,Bianchi,M,40,Ukraine,Dnipro,4:28:21
8652,Nikolai,Nowak,M,25,Australia,Adelaide,2:05:53
8653,James,Kaczmarek,M,21,United States,San Francisco,3:24:56
8654,Amelia,Miller,F,67,Czech Republic,Brno,5:59:05
8655,Arthur,Young,M,56,Russia,Kazan,4:39:50
8656,Lorenzo,Wright,M,60,Kenya,Kisumu,2:44:56
8657,Olga,Garcia,F,48,Norway,Trondheim,4:37:46
8658,Robert,Martinez,M,46,Czech Republic,Olomouc,4:15:51
8659,Giovanni,Thomas,M,53,Netherlands,Rotterdam,5:36:20
8660,Olivia,Silva,F,30,Ethiopia,Mekelle,5:39:01
8661,Pedro,Anderson,M,58,South Africa,Port Elizabeth,5:09:46
8662,Oleg,Anderson,M,26,Poland,Krakow,5:16:11
8663,Piotr,Ivanov,M,38,United States,New York,3:27:01
8664,Harry,Rossi,M,68,Denmark,Odense,4:05:53
8665,Alina,Allen,F,20,Canada,Calgary,3:25:39
8666,Isabella,Bianchi,F,42,Netherlands,Eindhoven,5:54:18
8667,Camila,Popov,F,42,Mexico,Guadalajara,4:58:36
8668,William,King,M,29,Germany,Hamburg,2:47:38
8669,Robert,Moore,M,46,Israel,Beer Sheva,5:23:02
8670,Maya,Bianchi,F,28,Germany,Berlin,4:23:50
8671,Lucia,Wright,F,69,Ethiopia,Bahir Dar,5:14:25
8672,Noah,Sanchez,M,28,Switzerland,Lausanne,2:47:00
8673,Luis,Taylor,M,66,Sweden,Uppsala,3:22:17
8674,Noah,Thompson,M,43,Finland,Helsinki,4:58:53
8675,Benjamin,Ferrari,M,70,Kenya,Nairobi,3:08:47
8676,Benjamin,Williams,M,31,Romania,Bucharest,3:55:29
8677,Santiago,Garcia,M,33,Argentina,Mendoza,2:27:17
8678,Sofia,Ferrari,F,27,Canada,Vancouver,5:29:41
8679,Magdalena,Martin,F,48,Denmark,Aalborg,5:58:28
8680,Lorenzo,Petrov,M,48,Spain,Barcelona,5:09:04
8681,Mikhail,Garcia,M,53,South Africa,Pretoria,2:43:14
8682,Camila,Thomas,F,27,Czech Republic,Prague,2:49:37
8683,Noah,Davis,M,43,Australia,Brisbane,3:54:41
8684,Laura,Brown,F,37,United States,San Francisco,2:06:12
8685,Oleg,Kowalski,M,61,Singapore,Singapore,4:05:36
8686,Megan,Ramirez,F,26,Japan,Sapporo,4:06:59
8687,Liam,Ferrari,M,32,Ukraine,Dnipro,5:09:30
8688,Ivan,Young,M,26,Romania,Constanta,2:40:41
8689,Alexander,Miller,M,24,Romania,Iasi,3:20:30
8690,David,Harris,M,43,Russia,Kazan,4:51:38
8691,Elijah,Brown,M,41,Turkey,Antalya,4:55:37
8692,Valentina,Hernandez,F,29,United States,Los Angeles,5:19:54
8693,Elijah,Smirnov,M,37,Germany,Frankfurt,3:20:52
8694,Lorenzo,Miller,M,31,United States,Los Angeles,3:03:21
8695,Yuki,Lewis,F,39,United States,Los Angeles,4:59:28
8696,Olga,Ferrari,F,33,Australia,Perth,2:39:37
8697,Maya,Kowalski,F,46,Sweden,Gothenburg,4:49:00
8698,Yuki,Melo,F,49,Netherlands,Rotterdam,4:27:06
8699,Elijah,Garcia,M,36,South Korea,Daejeon,3:24:15
8700,Mia,Bianchi,F,52,Sweden,Gothenburg,5:39:16
8701,Ekaterina,Williams,F,60,Germany,Frankfurt,5:32:44
8702,Olivia,Wilson,F,49,Turkey,Bursa,5:09:23
8703,Oleg,Melo,M,70,Turkey,Ankara,2:48:35
8704,John,Ferrari,M,37,Italy,Bologna,5:42:44
8705,Lucas,Thomas,M,68,Turkey,Antalya,3:34:16
8706,Charlotte,Wiśniewski,F,57,United States,New York,5:51:29
8707,Olivia,Kowalczyk,F,37,Denmark,Aarhus,3:14:32
8708,Charlotte,Nguyen,F,25,Australia,Perth,2:20:32
8709,Giovanni,Wiśniewski,M,52,Australia,Perth,2:15:35
8710,Olga,Clark,F,59,Switzerland,Zurich,3:56:23
8711,Ava,Kaczmarek,F,30,Argentina,Cordoba,3:41:13
8712,Benjamin,Oliveira,M,58,Hungary,Pecs,2:58:49
8713,Julia,Oliveira,F,23,Turkey,Izmir,2:24:50
8714,Alexander,Wiśniewski,M,64,Canada,Toronto,3:36:48
8715,Katarzyna,Ivanov,F,33,Switzerland,Bern,2:05:11
8716,Sunita,Wiśniewski,F,22,South Korea,Daegu,5:28:14
8717,Sophia,Popov,F,70,Slovakia,Bratislava,5:43:38
8718,Isabella,Taylor,F,62,Romania,Bucharest,4:45:41
8719,Charlotte,Nguyen,F,68,Czech Republic,Ostrava,4:19:20
8720,Nikolai,Silva,M,51,Spain,Bilbao,2:12:28
8721,Giovanni,Ferrari,M,23,Italy,Naples,4:12:41
8722,Megan,Perez,F,50,Canada,Toronto,2:46:36
8723,Mateusz,Melo,M,32,Switzerland,Bern,3:43:05
8724,Liam,Novak,M,32,South Korea,Busan,2:12:06
8725,Amelia,Jones,F,31,Finland,Helsinki,4:03:19
8726,Giulia,Lewis,F,56,Poland,Gdansk,4:36:47
8727,Piotr,Anderson,M,22,Singapore,Singapore,2:57:49
8728,Piotr,King,M,69,Singapore,Singapore,5:40:18
8729,Mateo,Kuznetsov,M,43,Denmark,Odense,5:33:33
8730,Lucas,Johnson,M,65,South Korea,Incheon,2:12:26
8731,John,Gomes,M,34,Italy,Turin,4:53:22
8732,Sofia,Scott,F,60,Argentina,Buenos Aires,5:23:47
8733,Robert,Ivanov,M,64,Hungary,Debrecen,5:54:47
8734,Marco,King,M,69,Kenya,Mombasa,2:42:30
8735,Liam,Walker,M,33,Portugal,Braga,4:03:31
8736,Evelyn,Kaczmarek,F,52,Norway,Stavanger,5:41:02
8737,Giovanni,Murphy,M,55,Australia,Sydney,5:51:48
8738,Elijah,Kuznetsov,M,70,Hungary,Szeged,2:49:41
8739,Lucas,Robinson,M,40,Slovakia,Presov,2:28:21
8740,Amelia,Clark,F,30,United Arab Emirates,Abu Dhabi,3:01:47
8741,Charlotte,Ramirez,F,50,Argentina,Cordoba,3:57:41
8742,Noah,Scott,M,46,Slovakia,Nitra,2:22:23
8743,David,Davis,M,70,China,Beijing,3:34:23
8744,Arthur,Walker,M,63,Denmark,Copenhagen,5:50:55
8745,Abigail,Rodriguez,F,51,Turkey,Antalya,5:11:50
8746,Valentina,Ivanov,F,51,Czech Republic,Ostrava,2:11:31
8747,George,Oliveira,M,44,Ukraine,Kyiv,3:25:19
8748,Harry,Novak,M,32,Slovakia,Bratislava,3:59:39
8749,Jakub,Taylor,M,67,South Korea,Daegu,3:44:44
8750,John,Young,M,26,Finland,Vantaa,2:26:25
8751,Amelia,Wright,F,43,Israel,Nazareth,3:51:03
8752,Lorenzo,Young,M,20,Kenya,Kisumu,3:30:27
8753,Piotr,Romano,M,53,South Korea,Daejeon,3:54:49
8754,Lucas,Williams,M,64,Poland,Wroclaw,5:30:01
8755,María,Oliveira,F,22,Singapore,Singapore,5:02:06
8756,Lucia,Scott,F,37,Portugal,Faro,4:32:13
8757,Benjamin,Santos,M,37,Netherlands,Utrecht,4:38:57
8758,Liam,Lopez,M,22,Russia,Yekaterinburg,5:33:32
8759,Nikolai,Scott,M,27,Spain,Barcelona,3:12:17
8760,Liam,Ivanov,M,33,Canada,Vancouver,5:12:19
8761,Thomas,White,M,42,Romania,Constanta,3:59:14
8762,Katarzyna,Robinson,F,61,Spain,Seville,4:40:49
8763,Isabella,Williams,F,42,Israel,Beer Sheva,2:59:09
8764,Olivia,Hernandez,F,47,Ethiopia,Mekelle,5:21:59
8765,Alexander,Petrov,M,31,Canada,Vancouver,2:30:43
8766,Alina,Gonzalez,F,39,United Kingdom,Birmingham,2:18:11
8767,Evelyn,Wilson,F,60,United Arab Emirates,Dubai,5:55:50
8768,Luis,Lopez,M,45,France,Bordeaux,4:28:48
8769,Mateo,Ferrari,M,47,United Arab Emirates,Ras Al Khaimah,3:31:10
8770,Lucas,Sanchez,M,36,Mexico,Puebla,3:45:43
8771,Harry,Williams,M,55,Finland,Vantaa,5:20:06
8772,Jakub,Murphy,M,59,Israel,Jerusalem,5:39:28
8773,Julia,Scott,F,37,Poland,Wroclaw,3:46:38
8774,Kacper,Silva,M,52,Switzerland,Basel,4:09:08
8775,Sara,Taylor,F,39,Brazil,Fortaleza,4:05:11
8776,Luis,Petrov,M,32,South Africa,Cape Town,3:24:42
8777,Emily,Johnson,F,28,Germany,Frankfurt,4:14:58
8778,Jakub,Bianchi,M,51,Canada,Montreal,5:35:52
8779,María,Ivanov,F,41,Netherlands,Amsterdam,3:10:59
8780,Kacper,Jones,M,23,Finland,Espoo,3:17:44
8781,Pedro,Kowalski,M,34,Portugal,Lisbon,2:33:36
8782,Amelia,Thomas,F,45,Denmark,Esbjerg,3:05:36
8783,Jack,Silva,M,67,Spain,Valencia,5:17:36
8784,Magdalena,Smirnov,F,48,Poland,Poznan,4:16:10
8785,Abigail,Garcia,F,53,Argentina,Buenos Aires,4:07:41
8786,Jan,Brown,M,26,Czech Republic,Olomouc,5:53:02
8787,Lucas,Romano,M,27,United Arab Emirates,Dubai,3:39:31
8788,Lucia,Santos,F,38,Romania,Cluj-Napoca,5:31:05
8789,Oleg,Ferrari,M,51,Argentina,La Plata,4:24:40
8790,Abigail,Harris,F,48,Finland,Oulu,3:40:26
8791,Isabella,Smith,F,46,Poland,Poznan,4:10:57
8792,John,Gomes,M,60,Germany,Berlin,4:14:42
8793,Liam,Wilson,M,60,Mexico,Cancun,5:51:53
8794,Valentina,White,F,28,Israel,Nazareth,2:50:18
8795,Oliver,Ferrari,M,50,Slovakia,Kosice,2:45:05
8796,Robert,Kaczmarek,M,63,Norway,Stavanger,4:16:27
8797,Alexander,Santos,M,18,Canada,Calgary,5:45:46
8798,Sofia,Jackson,F,38,Australia,Sydney,5:27:02
8799,Hugo,Smirnov,M,40,Slovakia,Bratislava,5:14:17
8800,Lucas,Kowalski,M,26,Finland,Oulu,4:18:23
8801,Hannah,Costa,F,18,Russia,Saint Petersburg,4:13:38
8802,Lucas,Torres,M,38,Norway,Oslo,4:36:34
8803,Henry,Jackson,M,39,Finland,Tampere,4:27:12
8804,Hannah,Silva,F,21,South Korea,Busan,2:53:01
8805,Alina,Allen,F,18,Argentina,Cordoba,3:56:50
8806,Isabella,Anderson,F,68,Netherlands,Eindhoven,5:47:33
8807,Noah,Smith,M,27,Hungary,Miskolc,5:36:38
8808,Daria,Melo,F,32,Ethiopia,Addis Ababa,5:44:45
8809,Benjamin,Kowalczyk,M,69,Czech Republic,Olomouc,2:15:43
8810,Pedro,Murphy,M,53,Slovakia,Zilina,2:05:20
8811,William,Ferrari,M,46,United Arab Emirates,Sharjah,5:12:44
8812,Liam,Lee,M,69,India,Hyderabad,2:16:17
8813,Chiara,Williams,F,63,South Korea,Daejeon,4:39:51
8814,Alexander,Miller,M,22,Kenya,Nairobi,2:49:10
8815,Magdalena,Melo,F,46,Italy,Turin,3:02:49
8816,Isabella,Harris,F,64,Singapore,Singapore,4:16:26
8817,Emily,Popov,F,64,Brazil,Brasilia,3:14:43
8818,Mateusz,Wiśniewski,M,44,Finland,Vantaa,5:56:45
8819,Olga,Harris,F,42,Poland,Krakow,4:55:56
8820,Nikolai,Sanchez,M,33,Austria,Innsbruck,5:18:12
8821,Ivan,Anderson,M,33,France,Paris,4:03:06
8822,Sunita,Costa,F,53,United Arab Emirates,Ras Al Khaimah,4:07:57
8823,Piotr,Anderson,M,42,South Korea,Incheon,5:09:23
8824,Oleg,Scott,M,58,Japan,Nagoya,5:02:02
8825,Mia,Garcia,F,18,Israel,Haifa,3:39:44
8826,Liam,Lee,M,22,Czech Republic,Prague,2:49:47
8827,Emma,Ferrari,F,58,Norway,Oslo,5:49:17
8828,Lucas,Oliveira,M,37,Denmark,Copenhagen,3:54:56
8829,Mikhail,Melo,M,22,Finland,Oulu,2:28:36
8830,Michael,Clark,M,53,Japan,Osaka,3:18:25
8831,Alexander,Kaczmarek,M,46,Ethiopia,Gondar,4:02:54
8832,Alexander,Young,M,65,South Africa,Johannesburg,2:13:11
8833,Isabella,Ferrari,F,51,Canada,Vancouver,2:17:39
8834,Maya,Rossi,F,65,Ethiopia,Gondar,3:03:21
8835,Isabela,Silva,F,35,United Arab Emirates,Dubai,4:21:32
8836,Lucas,Lee,M,19,Spain,Barcelona,2:39:48
8837,Emily,Thomas,F,33,Israel,Haifa,3:05:56
8838,Olga,Perez,F,46,Finland,Vantaa,3:24:27
8839,Zuzanna,Kowalczyk,F,50,Germany,Munich,2:08:31
8840,Lucas,Rodriguez,M,33,Sweden,Stockholm,5:52:24
8841,Hannah,Kaczmarek,F,52,Slovakia,Zilina,4:17:55
8842,Isabella,Santos,F,64,Mexico,Monterrey,3:07:02
8843,Marco,Melo,M,60,Ukraine,Lviv,5:20:09
8844,Olivia,Perez,F,59,Ethiopia,Addis Ababa,4:54:17
8845,Benjamin,Rodriguez,M,34,Australia,Sydney,2:10:03
8846,Chiara,Nguyen,F,21,Spain,Valencia,3:24:46
8847,Magdalena,Wiśniewski,F,66,Norway,Stavanger,3:07:52
8848,Ingrid,Young,F,21,Israel,Tel Aviv,2:34:41
8849,David,Miller,M,68,Poland,Gdansk,2:58:45
8850,Piotr,White,M,42,Israel,Jerusalem,5:40:03
8851,Maria,Martinez,F,50,Austria,Innsbruck,5:38:30
8852,Jakub,Silva,M,31,Romania,Timisoara,4:56:04
8853,Oliver,Wiśniewski,M,41,Netherlands,The Hague,4:34:59
8854,Yuki,Robinson,F,28,Romania,Iasi,5:30:12
8855,Mateo,Anderson,M,42,United Arab Emirates,Dubai,3:57:19
8856,Jakub,Johnson,M,45,Turkey,Istanbul,4:06:13
8857,Alexander,Jackson,M,24,Denmark,Aarhus,4:51:08
8858,Nikolai,Ramirez,M,66,Slovakia,Kosice,5:14:42
8859,Magdalena,Kaczmarek,F,53,Romania,Constanta,5:28:54
8860,Ekaterina,Ramirez,F,27,Argentina,La Plata,3:15:03
8861,Sara,Robinson,F,66,Ethiopia,Bahir Dar,2:27:33
8862,Abigail,Williams,F,53,Mexico,Puebla,4:24:31
8863,Katarzyna,Jones,F,48,Australia,Adelaide,4:36:12
8864,María,Miller,F,36,India,Chennai,3:49:34
8865,Noah,Robinson,M,35,Hungary,Miskolc,2:35:30
8866,Giulia,Brown,F,66,Japan,Tokyo,3:23:18
8867,David,Robinson,M,23,Finland,Tampere,3:11:42
8868,Amelia,White,F,45,Poland,Warsaw,2:51:40
8869,Julia,Bianchi,F,24,Hungary,Szeged,4:00:02
8870,Alexander,Wiśniewski,M,55,Singapore,Singapore,3:16:03
8871,Emily,Wright,F,29,United Arab Emirates,Ras Al Khaimah,2:08:42
8872,Lucas,Walker,M,58,Canada,Ottawa,5:37:36
8873,Sophia,Wilson,F,67,Ukraine,Kyiv,5:34:25
8874,Benjamin,Young,M,51,South Africa,Pretoria,2:42:17
8875,Zuzanna,Martin,F,42,Switzerland,Zurich,2:47:58
8876,Lucas,King,M,34,Australia,Perth,5:55:37
8877,Noah,Kaczmarek,M,70,Germany,Munich,2:34:38
8878,Santiago,Oliveira,M,50,Spain,Madrid,2:15:20
8879,Marco,Jackson,M,40,Switzerland,Basel,4:41:45
8880,William,Romano,M,26,Hungary,Pecs,3:12:34
8881,Daria,Allen,F,23,Israel,Nazareth,5:33:25
8882,Jan,Kuznetsov,M,19,Ethiopia,Addis Ababa,4:09:26
8883,Giovanni,Petrov,M,55,United States,Boston,3:35:30
8884,Santiago,Harris,M,26,Ethiopia,Dire Dawa,3:51:19
8885,Sophia,Hernandez,F,20,Japan,Osaka,3:16:03
8886,Ingrid,Lopez,F,33,Finland,Tampere,5:08:39
8887,Anna,Taylor,F,42,Israel,Nazareth,2:42:20
8888,Laura,Ivanov,F,41,Sweden,Uppsala,5:49:33
8889,Robert,Sanchez,M,64,Mexico,Puebla,4:19:03
8890,Alexander,Santos,M,46,Canada,Toronto,2:27:42
8891,Marco,Lopez,M,61,Switzerland,Bern,5:08:50
8892,Olga,King,F,57,Denmark,Aarhus,5:03:14
8893,Daria,Williams,F,43,United States,Boston,2:42:20
8894,Marco,Clark,M,55,Finland,Tampere,3:37:01
8895,Pedro,Taylor,M,52,United Arab Emirates,Ras Al Khaimah,3:53:55
8896,Henry,Smith,M,40,Sweden,Gothenburg,3:57:24
8897,Marco,Nowak,M,21,Norway,Bergen,5:47:33
8898,Julia,Ivanov,F,59,Israel,Nazareth,4:23:04
8899,Hugo,Martinez,M,31,Czech Republic,Pilsen,2:25:38
8900,Emily,Jones,F,70,Russia,Yekaterinburg,3:53:12
8901,Hugo,Perez,M,64,Romania,Iasi,3:21:48
8902,Giulia,Popov,F,56,Switzerland,Zurich,4:10:02
8903,Olga,Melo,F,24,South Korea,Seoul,3:02:50
8904,Laura,Walker,F,25,United Kingdom,Edinburgh,5:15:27
8905,Lucia,Smirnov,F,59,United Kingdom,Glasgow,3:15:01
8906,Evelyn,Thompson,F,68,Finland,Tampere,3:34:11
8907,Yuki,Rodriguez,F,36,Poland,Krakow,5:07:36
8908,Giulia,Santos,F,19,Finland,Helsinki,5:21:36
8909,Megan,Ramirez,F,64,Turkey,Istanbul,5:49:48
8910,Isabella,Romano,F,18,South Korea,Daegu,5:58:10
8911,Emily,Murphy,F,59,Canada,Montreal,3:35:13
8912,Sophia,Clark,F,55,Netherlands,Eindhoven,4:08:52
8913,Emma,Bianchi,F,30,Canada,Montreal,5:08:47
8914,Alexander,King,M,59,United States,Los Angeles,3:44:31
8915,Robert,Sanchez,M,61,Czech Republic,Ostrava,5:55:31
8916,Harry,Ivanov,M,41,Japan,Osaka,4:08:57
8917,Chiara,Lopez,F,49,South Africa,Port Elizabeth,3:10:01
8918,Sophia,Smirnov,F,47,Brazil,Fortaleza,5:50:23
8919,Piotr,Kaczmarek,M,23,Poland,Gdansk,5:15:26
8920,Magdalena,Kaczmarek,F,55,Japan,Tokyo,3:05:28
8921,Anna,Taylor,F,50,Argentina,Cordoba,5:45:04
8922,Liam,Thompson,M,61,United States,San Francisco,2:34:28
8923,Emma,Ivanov,F,40,Czech Republic,Olomouc,5:47:44
8924,Megan,Romano,F,27,Ethiopia,Addis Ababa,3:34:12
8925,George,Kaczmarek,M,63,Austria,Graz,5:20:01
8926,Abigail,Walker,F,32,Finland,Helsinki,2:53:21
8927,Valentina,Torres,F,40,Romania,Iasi,2:30:41
8928,Carlos,Kowalczyk,M,53,Austria,Vienna,5:45:38
8929,James,Santos,M,18,South Africa,Johannesburg,2:39:51
8930,Zuzanna,Murphy,F,25,Germany,Cologne,5:05:42
8931,Marco,Ramirez,M,20,Mexico,Monterrey,4:50:23
8932,Alexander,Kaczmarek,M,31,South Korea,Daegu,5:55:27
8933,Liam,Lee,M,34,Slovakia,Kosice,4:14:02
8934,Valentina,Ivanov,F,51,France,Bordeaux,4:23:03
8935,Zuzanna,Clark,F,64,Italy,Bologna,3:25:54
8936,María,Brown,F,23,Slovakia,Presov,4:33:42
8937,John,Allen,M,22,Poland,Gdansk,3:29:09
8938,Yuki,Oliveira,F,63,Italy,Naples,3:37:37
8939,Giovanni,Young,M,68,Germany,Frankfurt,3:18:52
8940,Piotr,Thompson,M,58,Romania,Timisoara,5:25:06
8941,Alexander,Hernandez,M,57,United Kingdom,Manchester,5:51:45
8942,Pedro,Silva,M,46,Sweden,Malmo,4:33:11
8943,Isabella,Nguyen,F,52,France,Marseille,4:18:07
8944,Emma,Thomas,F,35,South Korea,Busan,3:28:40
8945,Robert,Taylor,M,57,Turkey,Bursa,2:55:14
8946,Abigail,Silva,F,65,Israel,Nazareth,5:00:03
8947,Camila,Walker,F,47,South Korea,Incheon,3:49:08
8948,Giulia,Costa,F,32,South Africa,Cape Town,2:38:36
8949,Luis,Kowalczyk,M,70,United States,Boston,5:19:42
8950,Evelyn,Robinson,F,32,Argentina,Buenos Aires,2:21:17
8951,Hugo,Lopez,M,33,Czech Republic,Olomouc,3:15:10
8952,Sophia,Kuznetsov,F,50,Netherlands,Utrecht,4:02:14
8953,Santiago,Lopez,M,27,China,Beijing,2:25:58
8954,Abigail,Walker,F,36,France,Paris,5:25:47
8955,Benjamin,Miller,M,54,Germany,Munich,2:26:37
8956,William,Romano,M,67,India,Hyderabad,4:54:30
8957,Sara,Romano,F,20,France,Bordeaux,4:08:17
8958,Magdalena,Nowak,F,53,Slovakia,Nitra,3:59:32
8959,Olivia,Ramirez,F,21,Japan,Nagoya,3:13:49
8960,Yuki,Davis,F,28,Spain,Bilbao,5:53:19
8961,Michael,Miller,M,58,Spain,Madrid,2:33:52
8962,Isabela,Hernandez,F,50,Finland,Helsinki,2:54:02
8963,Elijah,Kaczmarek,M,45,United States,San Francisco,5:03:21
8964,Nikolai,Hernandez,M,49,France,Paris,2:12:28
8965,Sunita,Oliveira,F,33,Czech Republic,Pilsen,4:42:09
8966,Hannah,White,F,26,Denmark,Copenhagen,5:47:37
8967,Amelia,Jackson,F,28,Ukraine,Odesa,3:20:00
8968,Ekaterina,Romano,F,23,Portugal,Faro,4:27:04
8969,Olga,Sanchez,F,66,Ukraine,Dnipro,3:47:13
8970,Jack,Scott,M,44,Kenya,Kisumu,5:51:05
8971,Lucas,Williams,M,29,Hungary,Miskolc,5:33:35
8972,Magdalena,Lopez,F,39,United Kingdom,Manchester,2:07:45
8973,Benjamin,Romano,M,57,Slovakia,Bratislava,5:39:32
8974,Pedro,Nguyen,M,65,Ukraine,Kyiv,3:25:32
8975,Liam,Wilson,M,54,Hungary,Miskolc,5:55:22
8976,Maya,Silva,F,38,Brazil,Brasilia,5:39:45
8977,Santiago,Lopez,M,50,Sweden,Gothenburg,5:39:40
8978,Emma,Santos,F,34,Israel,Beer Sheva,5:28:39
8979,Camila,Kowalczyk,F,46,Brazil,Sao Paulo,2:51:14
8980,Carlos,Torres,M,70,Argentina,Cordoba,4:49:51
8981,Olga,Smith,F,57,Ethiopia,Addis Ababa,4:45:05
8982,Charlotte,Oliveira,F,27,Turkey,Izmir,4:45:38
8983,Ekaterina,Lopez,F,35,Finland,Tampere,3:28:40
8984,Laura,Moore,F,64,Czech Republic,Brno,5:19:34
8985,Michael,Romano,M,69,South Africa,Cape Town,4:14:08
8986,Isabella,Brown,F,30,Norway,Tromso,3:24:04
8987,Pedro,Wright,M,44,Australia,Brisbane,4:49:39
8988,Emma,Costa,F,27,United States,Boston,2:12:26
8989,Isabella,Lewis,F,49,Ukraine,Lviv,5:19:26
8990,Sara,Oliveira,F,58,China,Guangzhou,2:06:36
8991,Noah,Melo,M,62,Norway,Trondheim,2:45:26
8992,Hugo,Bianchi,M,20,Switzerland,Zurich,5:06:49
8993,James,Sanchez,M,39,Mexico,Monterrey,2:59:17
8994,Lorenzo,Lewis,M,44,Romania,Iasi,5:58:11
8995,Oliver,Oliveira,M,20,Netherlands,Eindhoven,5:50:55
8996,Anna,Ivanov,F,50,Ethiopia,Bahir Dar,3:23:46
8997,Liam,Williams,M,19,Australia,Sydney,3:59:11
8998,Alina,Nguyen,F,28,South Korea,Busan,4:29:54
8999,Lorenzo,Wilson,M,63,Denmark,Aalborg,5:34:35
9000,Camila,Clark,F,27,Poland,Warsaw,4:21:29
9001,Sara,Lopez,F,56,Italy,Naples,5:35:56
9002,Maria,Melo,F,50,Mexico,Cancun,4:22:36
9003,Ekaterina,Harris,F,24,United States,San Francisco,5:32:29
9004,Jack,Anderson,M,32,Poland,Wroclaw,3:57:20
9005,Amelia,Costa,F,43,China,Shanghai,3:56:54
9006,Marco,Hernandez,M,28,Turkey,Antalya,2:16:01
9007,Jack,Moore,M,55,Japan,Osaka,5:19:41
9008,María,Ramirez,F,44,Netherlands,Eindhoven,4:29:32
9009,Ivan,Melo,M,56,Spain,Bilbao,5:57:24
9010,Olga,Smith,F,24,Ukraine,Dnipro,5:59:38
9011,Daniel,Anderson,M,18,Germany,Munich,3:59:39
9012,Jack,Williams,M,27,Australia,Sydney,3:22:42
9013,Luis,Wiśniewski,M,38,Austria,Linz,4:15:15
9014,Jan,Taylor,M,32,United States,Boston,2:59:21
9015,Elijah,Hernandez,M,47,South Korea,Seoul,2:11:45
9016,Kacper,Kowalski,M,47,Brazil,Rio de Janeiro,3:26:00
9017,Arthur,Ferrari,M,25,Canada,Montreal,3:04:20
9018,Olga,Lee,F,41,United Kingdom,Glasgow,5:17:55
9019,Benjamin,Smirnov,M,36,Australia,Melbourne,5:22:39
9020,Yuki,Anderson,F,20,Slovakia,Zilina,5:44:13
9021,George,Anderson,M,32,Turkey,Izmir,4:15:56
9022,Evelyn,Robinson,F,53,Kenya,Mombasa,4:40:09
9023,Mateo,Wiśniewski,M,23,Norway,Oslo,5:02:09
9024,Michael,Lopez,M,59,Kenya,Eldoret,3:56:30
9025,Hannah,Costa,F,67,Ethiopia,Dire Dawa,5:19:34
9026,James,Hernandez,M,65,Ukraine,Odesa,3:33:51
9027,Ingrid,Davis,F,35,Switzerland,Bern,5:23:21
9028,Jakub,Anderson,M,55,Turkey,Bursa,3:02:20
9029,Katarzyna,Nowak,F,36,Italy,Rome,2:17:21
9030,Elijah,Martin,M,66,Austria,Innsbruck,5:15:31
9031,Jack,Ferrari,M,67,Spain,Madrid,4:04:41
9032,Isabela,Brown,F,47,Finland,Tampere,4:13:51
9033,Henry,Romano,M,30,Mexico,Puebla,2:53:41
9034,Isabela,Kuznetsov,F,56,Norway,Stavanger,4:07:54
9035,Carlos,Lewis,M,69,South Korea,Incheon,4:52:03
9036,Laura,Nowak,F,29,Hungary,Budapest,5:30:30
9037,Piotr,Ferrari,M,51,Japan,Sapporo,4:02:03
9038,Sofia,Robinson,F,29,Denmark,Aalborg,3:37:41
9039,Sofia,Scott,F,61,South Korea,Daegu,3:38:54
9040,Oleg,Thompson,M,41,Germany,Hamburg,2:20:10
9041,Hugo,Nguyen,M,21,Poland,Poznan,5:28:24
9042,Michael,Taylor,M,53,Kenya,Nairobi,3:23:22
9043,Sunita,Kowalczyk,F,67,Israel,Jerusalem,2:28:38
9044,Harry,White,M,65,Hungary,Budapest,3:41:38
9045,Noah,Lewis,M,31,Ethiopia,Gondar,4:13:18
9046,Liam,Allen,M,34,Mexico,Puebla,5:41:46
9047,Daniel,Ramirez,M,66,Norway,Tromso,5:33:21
9048,Daria,Ferrari,F,20,South Korea,Daegu,3:12:18
9049,Olivia,Clark,F,55,India,Bangalore,5:22:11
9050,Olivia,White,F,40,Turkey,Istanbul,3:02:25
9051,Lucia,Silva,F,30,Poland,Wroclaw,2:07:11
9052,Emma,Hernandez,F,26,South Korea,Busan,4:55:48
9053,Oliver,Wright,M,38,Portugal,Coimbra,3:42:42
9054,Liam,Petrov,M,58,France,Paris,2:07:32
9055,Charlotte,Torres,F,25,South Korea,Daejeon,2:46:18
9056,Sofia,Murphy,F,34,Austria,Vienna,4:29:34
9057,Ava,Hernandez,F,33,Russia,Saint Petersburg,3:46:56
9058,Santiago,Kaczmarek,M,33,United Kingdom,Edinburgh,2:10:04
9059,William,Santos,M,45,Singapore,Singapore,2:46:59
9060,Mateusz,Kaczmarek,M,68,Sweden,Gothenburg,3:46:52
9061,Daria,Oliveira,F,33,Romania,Cluj-Napoca,2:21:32
9062,Anna,Kowalski,F,63,Canada,Vancouver,4:58:49
9063,Ava,Moore,F,69,Israel,Haifa,3:39:07
9064,Alexander,Wright,M,63,Sweden,Malmo,5:04:11
9065,Ingrid,Melo,F,31,Turkey,Istanbul,5:35:30
9066,Oliver,Nguyen,M,63,Mexico,Mexico City,4:11:37
9067,Lucas,Lopez,M,61,Canada,Toronto,4:33:26
9068,Sofia,Thompson,F,55,Slovakia,Nitra,2:33:29
9069,Lorenzo,Thomas,M,37,Japan,Nagoya,4:18:38
9070,Hugo,Lopez,M,62,Canada,Toronto,4:39:09
9071,Olivia,Hernandez,F,65,Slovakia,Zilina,2:12:50
9072,Anna,Thompson,F,58,Poland,Gdansk,3:02:45
9073,William,Williams,M,51,Norway,Trondheim,4:33:52
9074,Abigail,Bianchi,F,46,Russia,Saint Petersburg,3:04:26
9075,Mateusz,Santos,M,20,Portugal,Lisbon,4:30:04
9076,Anna,Thompson,F,27,Japan,Nagoya,5:18:05
9077,Sophia,Davis,F,37,Argentina,Cordoba,3:32:14
9078,Sunita,Oliveira,F,19,Japan,Kyoto,2:59:45
9079,Chiara,Perez,F,44,Russia,Moscow,5:25:29
9080,Nikolai,Perez,M,49,Kenya,Kisumu,4:58:04
9081,Oliver,Anderson,M,27,Germany,Cologne,5:39:06
9082,Luis,Nguyen,M,57,Romania,Cluj-Napoca,5:42:59
9083,David,Ferrari,M,34,Spain,Madrid,5:49:49
9084,Olga,Bianchi,F,50,Canada,Calgary,5:58:56
9085,Thomas,Jackson,M,23,Argentina,La Plata,4:27:31
9086,Hugo,Kowalski,M,56,Israel,Beer Sheva,2:09:44
9087,Lorenzo,Wiśniewski,M,64,South Korea,Seoul,5:16:48
9088,Anna,Gonzalez,F,35,Austria,Innsbruck,2:59:37
9089,Mateo,Jackson,M,26,Turkey,Antalya,2:48:51
9090,Anna,Sanchez,F,25,Denmark,Copenhagen,2:34:17
9091,Mateo,Nguyen,M,42,India,Delhi,5:07:46
9092,Pedro,Rodriguez,M,48,Spain,Madrid,3:36:19
9093,Liam,Bianchi,M,59,Slovakia,Bratislava,4:46:54
9094,Hannah,Johnson,F,21,Slovakia,Nitra,5:49:12
9095,Katarzyna,Torres,F,37,United Arab Emirates,Sharjah,3:41:27
9096,Hannah,Nowak,F,45,Ethiopia,Addis Ababa,4:42:17
9097,Lucas,Davis,M,57,South Korea,Busan,4:45:04
9098,Henry,Romano,M,18,Australia,Sydney,3:35:49
9099,Ekaterina,Wiśniewski,F,57,Kenya,Nakuru,3:25:38
9100,Mikhail,Garcia,M,61,Turkey,Istanbul,4:45:08
9101,Sofia,Oliveira,F,40,United States,Chicago,4:27:29
9102,Maya,Brown,F,64,Romania,Constanta,3:02:45
9103,Marco,Kaczmarek,M,30,Austria,Innsbruck,3:45:48
9104,Anna,Wiśniewski,F,33,Poland,Warsaw,3:57:10
9105,George,Sanchez,M,43,China,Beijing,3:13:55
9106,Jan,Melo,M,48,Slovakia,Bratislava,5:10:41
9107,Arthur,Murphy,M,67,Netherlands,Eindhoven,2:57:21
9108,Sunita,Rodriguez,F,18,South Korea,Seoul,5:09:28
9109,Elijah,Davis,M,34,Romania,Timisoara,3:20:53
9110,Abigail,Thomas,F,33,Ukraine,Kharkiv,2:08:16
9111,Olivia,Sanchez,F,54,India,Hyderabad,2:36:14
9112,Valentina,Jones,F,69,Italy,Rome,3:42:10
9113,Emily,Robinson,F,70,Germany,Cologne,3:56:19
9114,Oleg,Nguyen,M,27,Hungary,Miskolc,4:18:06
9115,Mateusz,Moore,M,55,Israel,Jerusalem,2:20:37
9116,Mateo,Jones,M,61,Mexico,Cancun,2:41:34
9117,Olivia,Harris,F,48,Czech Republic,Olomouc,5:20:22
9118,Camila,Murphy,F,27,Ethiopia,Addis Ababa,3:13:45
9119,Ekaterina,Nowak,F,66,Slovakia,Nitra,3:49:10
9120,Mia,Torres,F,51,Turkey,Bursa,5:58:09
9121,Giulia,Santos,F,68,Denmark,Aalborg,4:28:01
9122,Marco,Perez,M,69,Turkey,Bursa,5:10:18
9123,Sunita,Rossi,F,23,Canada,Calgary,4:21:02
9124,Charlotte,Nguyen,F,45,Brazil,Fortaleza,3:54:09
9125,Henry,Lopez,M,45,South Korea,Seoul,5:48:52
9126,Laura,Lewis,F,30,Portugal,Coimbra,4:04:38
9127,William,Smirnov,M,58,Argentina,Buenos Aires,4:27:18
9128,Chiara,Miller,F,29,Argentina,Mendoza,5:08:56
9129,Emily,White,F,67,India,Chennai,4:23:30
9130,Chiara,Popov,F,57,Brazil,Brasilia,4:19:14
9131,Luis,Rodriguez,M,67,Japan,Sapporo,3:21:55
9132,Isabela,Silva,F,19,Hungary,Debrecen,4:42:10
9133,Ekaterina,Walker,F,25,Austria,Vienna,5:07:52
9134,Jan,Martinez,M,59,Italy,Rome,4:56:59
9135,Isabella,Novak,F,26,Russia,Moscow,2:46:06
9136,Laura,Taylor,F,67,United Kingdom,Glasgow,4:31:15
9137,Julia,Miller,F,25,Russia,Moscow,2:50:59
9138,Alexander,Smirnov,M,68,Czech Republic,Olomouc,2:33:28
9139,Noah,Oliveira,M,20,Ethiopia,Bahir Dar,3:35:08
9140,Sunita,Ramirez,F,26,Turkey,Antalya,3:51:17
9141,Lucas,Lewis,M,30,Canada,Vancouver,3:51:44
9142,Lucas,Johnson,M,26,Ukraine,Dnipro,4:02:56
9143,Olivia,Torres,F,48,Turkey,Izmir,5:06:36
9144,Maya,Hernandez,F,42,Hungary,Szeged,5:47:13
9145,Hannah,Santos,F,69,Ukraine,Kharkiv,3:48:41
9146,Mikhail,Lee,M,61,Japan,Nagoya,3:25:37
9147,Henry,Moore,M,62,United Arab Emirates,Ras Al Khaimah,4:32:43
9148,Elijah,Gonzalez,M,25,Sweden,Uppsala,4:51:03
9149,Mateo,Kuznetsov,M,64,Austria,Salzburg,2:33:05
9150,Charlotte,Jones,F,48,Turkey,Ankara,4:56:09
9151,Katarzyna,Smirnov,F,62,Hungary,Debrecen,2:46:25
9152,Lucas,Costa,M,70,Argentina,Buenos Aires,4:49:48
9153,Piotr,Thompson,M,62,Austria,Vienna,4:17:20
9154,Liam,Lee,M,48,Australia,Melbourne,3:05:01
9155,Benjamin,Moore,M,34,France,Marseille,5:30:50
9156,Hugo,Popov,M,64,Czech Republic,Olomouc,2:29:13
9157,Evelyn,Miller,F,36,France,Nice,2:58:26
9158,Maya,Novak,F,20,Ukraine,Dnipro,5:32:24
9159,Charlotte,Martin,F,63,Finland,Tampere,3:56:52
9160,Ivan,Petrov,M,47,Brazil,Brasilia,2:54:50
9161,Sophia,King,F,27,Spain,Bilbao,5:42:44
9162,María,Young,F,66,Mexico,Cancun,4:59:53
9163,Maya,Robinson,F,46,France,Lyon,5:15:50
9164,Henry,Taylor,M,57,Czech Republic,Brno,4:10:46
9165,Sara,Murphy,F,35,Netherlands,Utrecht,2:27:30
9166,Evelyn,White,F,29,Australia,Brisbane,3:50:42
9167,Maria,Costa,F,66,United Arab Emirates,Ras Al Khaimah,4:07:18
9168,Henry,Martinez,M,40,South Korea,Incheon,3:35:34
9169,James,Allen,M,28,Israel,Haifa,5:29:53
9170,Daniel,Thomas,M,26,Poland,Gdansk,3:10:49
9171,Alexander,Novak,M,41,Poland,Warsaw,2:26:19
9172,Zuzanna,Smirnov,F,42,Spain,Bilbao,3:44:58
9173,Daniel,Rossi,M,42,Turkey,Antalya,2:18:40
9174,Lucas,Nguyen,M,64,Italy,Milan,4:43:55
9175,Santiago,Kowalczyk,M,26,United States,New York,3:46:59
9176,Liam,Martin,M,29,South Africa,Johannesburg,2:43:15
9177,Daniel,Walker,M,28,Canada,Calgary,2:05:03
9178,Olivia,Williams,F,66,India,Chennai,2:47:40
9179,Isabela,Young,F,55,Turkey,Istanbul,4:01:21
9180,Jakub,Romano,M,45,Sweden,Uppsala,5:04:05
9181,Jack,Gonzalez,M,25,Germany,Hamburg,2:05:30
9182,Hugo,Oliveira,M,27,Austria,Salzburg,3:44:12
9183,Ivan,Wiśniewski,M,42,Slovakia,Kosice,4:49:04
9184,Sofia,Nguyen,F,64,Czech Republic,Brno,4:20:32
9185,Maya,Scott,F,53,Russia,Moscow,4:43:10
9186,Isabela,Thompson,F,67,Romania,Timisoara,5:41:36
9187,Charlotte,Thompson,F,60,South Africa,Johannesburg,2:19:45
9188,Arthur,Brown,M,26,Finland,Vantaa,4:09:52
9189,Sofia,Perez,F,58,Japan,Nagoya,4:41:32
9190,Sara,Kuznetsov,F,25,Czech Republic,Olomouc,5:17:30
9191,Hannah,Petrov,F,20,Romania,Timisoara,4:54:31
9192,Nikolai,Ramirez,M,70,Austria,Linz,3:25:43
9193,Ekaterina,Brown,F,35,Denmark,Esbjerg,3:12:18
9194,Megan,Perez,F,63,Switzerland,Basel,4:56:58
9195,Isabella,Rossi,F,52,Australia,Adelaide,2:43:10
9196,Kacper,Kowalczyk,M,34,South Africa,Durban,3:09:54
9197,Megan,King,F,53,Mexico,Puebla,3:21:36
9198,Valentina,Romano,F,70,Hungary,Szeged,2:08:24
9199,Hannah,Hernandez,F,45,Ukraine,Lviv,4:46:15
9200,Zuzanna,Smirnov,F,67,China,Beijing,3:36:42
9201,Isabela,Kuznetsov,F,32,Ethiopia,Mekelle,5:07:42
9202,John,Rodriguez,M,36,Canada,Toronto,5:35:20
9203,Laura,Rossi,F,39,Italy,Turin,5:05:42
9204,Santiago,Johnson,M,23,India,Mumbai,5:32:33
9205,Isabella,Moore,F,64,Spain,Madrid,4:58:20
9206,Luis,Walker,M,24,United Kingdom,Manchester,4:21:37
9207,Evelyn,Petrov,F,61,Denmark,Aarhus,4:15:20
9208,Maya,Kaczmarek,F,65,Portugal,Faro,4:20:40
9209,Sofia,White,F,26,Poland,Poznan,2:13:51
9210,Daria,Gomes,F,37,Hungary,Debrecen,5:58:08
9211,Giulia,Costa,F,54,Denmark,Aarhus,4:56:24
9212,Zuzanna,Kowalczyk,F,28,Austria,Innsbruck,5:37:24
9213,Mateusz,Garcia,M,19,Ethiopia,Gondar,4:18:36
9214,Harry,Sanchez,M,39,Japan,Nagoya,2:08:46
9215,Mateo,Scott,M,65,Spain,Barcelona,3:47:22
9216,Mateo,Lopez,M,53,Brazil,Salvador,4:09:42
9217,Camila,Costa,F,22,United Arab Emirates,Abu Dhabi,2:39:59
9218,Katarzyna,Smith,F,24,Ukraine,Kyiv,4:06:53
9219,Charlotte,Wright,F,23,Russia,Kazan,4:06:30
9220,Santiago,Thompson,M,39,Japan,Tokyo,5:58:50
9221,Luis,Hernandez,M,27,United Kingdom,London,3:21:06
9222,Daria,Lewis,F,63,Israel,Haifa,4:36:28
9223,Camila,Scott,F,57,Canada,Toronto,4:43:32
9224,Carlos,Gonzalez,M,63,Kenya,Eldoret,2:49:21
9225,Maya,Wiśniewski,F,63,Finland,Helsinki,5:04:11
9226,Maria,Oliveira,F,37,Mexico,Guadalajara,2:32:44
9227,Santiago,Nowak,M,45,Czech Republic,Ostrava,2:30:25
9228,Olivia,Garcia,F,40,Brazil,Salvador,3:07:30
9229,Mateo,Rossi,M,52,Norway,Bergen,5:50:13
9230,Sofia,Thomas,F,18,United States,San Francisco,3:57:37
9231,Mikhail,Garcia,M,46,South Korea,Incheon,3:05:54
9232,Nikolai,Torres,M,26,Romania,Bucharest,5:53:53
9233,Ingrid,Lopez,F,26,Italy,Rome,2:47:47
9234,George,Smith,M,39,France,Lyon,5:41:01
9235,Olivia,Murphy,F,19,Sweden,Gothenburg,2:23:16
9236,Carlos,Sanchez,M,33,Ukraine,Odesa,2:56:38
9237,Mateo,Romano,M,57,China,Shanghai,2:59:00
9238,Marco,Williams,M,23,Ukraine,Lviv,5:08:34
9239,Henry,Clark,M,30,Spain,Valencia,4:17:47
9240,Laura,Smith,F,50,France,Lyon,3:57:08
9241,Alexander,Melo,M,36,South Korea,Incheon,3:33:48
9242,Anna,Ferrari,F,32,Slovakia,Zilina,4:14:38
9243,Sophia,Nguyen,F,50,Spain,Barcelona,5:10:19
9244,Magdalena,Ramirez,F,27,Austria,Salzburg,4:19:39
9245,Lorenzo,Lopez,M,18,United Arab Emirates,Abu Dhabi,5:44:45
9246,Isabella,Walker,F,29,Russia,Moscow,3:05:14
9247,Nikolai,Nowak,M,60,Kenya,Mombasa,2:19:07
9248,Oliver,Johnson,M,46,Japan,Kyoto,3:05:16
9249,Lucas,Kowalski,M,34,Argentina,Buenos Aires,2:50:04
9250,William,Brown,M,21,Germany,Berlin,3:57:34
9251,James,Torres,M,46,Singapore,Singapore,3:09:53
9252,Chiara,Thomas,F,24,Slovakia,Nitra,5:17:53
9253,Mateusz,Wiśniewski,M,61,Israel,Tel Aviv,5:12:43
9254,Lorenzo,Wright,M,30,Poland,Gdansk,2:54:54
9255,Sunita,Lopez,F,22,South Africa,Johannesburg,5:40:34
9256,Henry,Hernandez,M,23,Germany,Hamburg,3:20:33
9257,Oleg,Romano,M,51,Kenya,Nakuru,2:30:00
9258,Giovanni,Garcia,M,70,Portugal,Porto,2:45:42
9259,Mia,Nguyen,F,24,United Arab Emirates,Sharjah,2:33:45
9260,Lucas,Harris,M,63,Poland,Gdansk,4:47:37
9261,Liam,Smirnov,M,45,Germany,Munich,4:07:21
9262,Ava,Clark,F,63,Argentina,La Plata,4:50:35
9263,Emma,Gomes,F,27,United Kingdom,Glasgow,2:10:25
9264,Megan,Martinez,F,21,Argentina,Mendoza,3:18:37
9265,Sara,Young,F,20,Spain,Madrid,4:58:42
9266,Oliver,Lee,M,42,Sweden,Stockholm,2:49:26
9267,Luis,Moore,M,40,Australia,Melbourne,4:41:41
9268,Luis,Davis,M,44,United Kingdom,Manchester,3:17:41
9269,Carlos,Romano,M,31,Portugal,Porto,4:04:12
9270,Elijah,Walker,M,55,South Africa,Johannesburg,2:19:01
9271,Pedro,Costa,M,49,Israel,Nazareth,5:35:16
9272,Evelyn,Sanchez,F,40,Romania,Iasi,5:26:33
9273,Alina,Wilson,F,64,South Africa,Durban,5:18:48
9274,Robert,Kuznetsov,M,57,Austria,Graz,3:24:38
9275,Katarzyna,Smith,F,54,Spain,Bilbao,2:39:31
9276,Liam,Torres,M,20,Denmark,Aalborg,2:26:24
9277,Jan,Anderson,M,52,Italy,Milan,2:27:58
9278,Sara,Lopez,F,30,Austria,Vienna,3:50:39
9279,Lorenzo,Moore,M,51,Russia,Yekaterinburg,2:49:18
9280,Pedro,Garcia,M,41,Germany,Cologne,3:04:21
9281,Marco,Ferrari,M,18,China,Shanghai,3:45:07
9282,Isabela,Petrov,F,29,Hungary,Pecs,3:35:52
9283,Abigail,Silva,F,25,Poland,Gdansk,4:52:59
9284,Lucas,Ivanov,M,36,Italy,Milan,3:11:52
9285,Amelia,Wilson,F,26,Israel,Haifa,2:37:58
9286,Valentina,Rossi,F,45,Poland,Krakow,5:40:19
9287,Lucia,Davis,F,31,Germany,Berlin,3:18:36
9288,Olivia,Nowak,F,44,United Kingdom,Birmingham,5:54:18
9289,Arthur,Taylor,M,35,Italy,Milan,3:36:36
9290,Nikolai,Kuznetsov,M,59,Hungary,Pecs,5:33:10
9291,Mia,Ramirez,F,58,Ukraine,Dnipro,5:14:13
9292,Daria,Rodriguez,F,23,Ukraine,Kharkiv,4:16:14
9293,Valentina,Kuznetsov,F,50,Austria,Salzburg,2:42:04
9294,Charlotte,Harris,F,54,Czech Republic,Prague,5:40:14
9295,Katarzyna,Moore,F,59,Poland,Wroclaw,4:56:11
9296,Alina,Davis,F,42,South Korea,Daejeon,4:03:09
9297,Valentina,Robinson,F,30,United Arab Emirates,Dubai,5:41:54
9298,Camila,Robinson,F,40,Canada,Vancouver,2:20:53
9299,Emily,Petrov,F,53,Japan,Sapporo,5:09:19
9300,Jakub,King,M,50,China,Guangzhou,4:00:34
9301,Mateusz,Walker,M,38,Denmark,Esbjerg,4:59:42
9302,Carlos,Santos,M,51,Brazil,Brasilia,3:43:37
9303,Ava,Ramirez,F,53,Ukraine,Kharkiv,4:22:41
9304,Giulia,Rossi,F,34,Finland,Oulu,4:39:46
9305,Maria,Murphy,F,27,Mexico,Puebla,3:40:42
9306,Nikolai,Lopez,M,40,South Korea,Busan,3:15:53
9307,Arthur,Williams,M,61,Switzerland,Basel,2:14:08
9308,Ekaterina,Oliveira,F,19,Austria,Graz,2:35:39
9309,Pedro,Bianchi,M,52,Singapore,Singapore,2:37:31
9310,William,Walker,M,31,United Arab Emirates,Ajman,4:39:10
9311,Jan,Silva,M,64,Norway,Stavanger,5:20:43
9312,Piotr,Miller,M,62,Spain,Valencia,2:46:47
9313,Isabella,Scott,F,58,Turkey,Antalya,5:26:39
9314,Marco,Johnson,M,19,Japan,Nagoya,5:44:33
9315,Mia,Romano,F,36,Spain,Bilbao,5:19:42
9316,Michael,Kowalski,M,33,Romania,Bucharest,5:38:18
9317,Sunita,Torres,F,60,Switzerland,Geneva,5:35:55
9318,Lorenzo,Lopez,M,61,France,Lyon,5:10:51
9319,Daria,Smirnov,F,42,Ethiopia,Bahir Dar,4:36:14
9320,Camila,Williams,F,18,China,Guangzhou,3:50:50
9321,Mateo,Jackson,M,19,Spain,Barcelona,4:11:43
9322,Olga,Anderson,F,65,Switzerland,Lausanne,2:48:45
9323,María,Martin,F,44,Netherlands,Rotterdam,3:43:13
9324,Mikhail,Kaczmarek,M,19,Japan,Kyoto,5:51:21
9325,Mikhail,Jones,M,47,Australia,Perth,4:08:20
9326,Olivia,Hernandez,F,68,Finland,Vantaa,5:40:56
9327,Chiara,Moore,F,27,Israel,Nazareth,2:40:53
9328,Kacper,Ramirez,M,36,Hungary,Debrecen,3:24:21
9329,Piotr,Rossi,M,59,Finland,Tampere,4:04:45
9330,Valentina,Allen,F,33,Italy,Naples,3:04:26
9331,Julia,Torres,F,30,South Korea,Daejeon,2:09:19
9332,Maria,Lewis,F,65,Poland,Warsaw,4:46:40
9333,Jack,Wiśniewski,M,67,Turkey,Ankara,4:26:44
9334,Olivia,Hernandez,F,25,France,Paris,5:06:10
9335,Kacper,Costa,M,67,Ukraine,Odesa,2:35:44
9336,Nikolai,Kaczmarek,M,48,Romania,Iasi,4:06:09
9337,Hannah,White,F,62,Kenya,Eldoret,5:04:36
9338,Chiara,Harris,F,42,Argentina,Rosario,5:28:26
9339,Henry,Clark,M,56,Argentina,Cordoba,5:15:43
9340,Thomas,Torres,M,38,Mexico,Cancun,2:30:33
9341,Ava,Moore,F,67,Japan,Tokyo,3:38:16
9342,Sara,Lopez,F,55,Slovakia,Nitra,3:24:29
9343,Valentina,King,F,58,Netherlands,Eindhoven,4:45:15
9344,Isabela,Popov,F,46,Ethiopia,Dire Dawa,2:38:40
9345,Mikhail,Jones,M,23,United Arab Emirates,Sharjah,3:50:58
9346,Olivia,Smith,F,35,Russia,Novosibirsk,3:36:42
9347,Yuki,Perez,F,66,Ethiopia,Mekelle,3:32:23
9348,Chiara,Allen,F,61,Poland,Wroclaw,2:33:11
9349,Anna,Novak,F,52,Australia,Perth,4:50:20
9350,Zuzanna,Walker,F,44,France,Nice,4:26:59
9351,Mikhail,Lopez,M,22,Poland,Gdansk,2:31:28
9352,James,Sanchez,M,24,Brazil,Salvador,3:07:33
9353,Ekaterina,Thomas,F,27,Australia,Brisbane,5:09:46
9354,Jan,Kaczmarek,M,27,Germany,Hamburg,2:06:37
9355,Harry,Murphy,M,68,Turkey,Bursa,3:24:14
9356,Emma,Romano,F,45,Ethiopia,Addis Ababa,5:00:39
9357,Ava,Nguyen,F,53,India,Mumbai,3:47:53
9358,Lucas,Walker,M,27,Russia,Novosibirsk,4:39:49
9359,Hannah,Jones,F,67,Romania,Cluj-Napoca,5:46:45
9360,Maria,Ivanov,F,52,Finland,Tampere,4:19:12
9361,Isabela,Brown,F,70,Japan,Tokyo,3:28:38
9362,Daria,Young,F,52,Italy,Naples,3:40:04
9363,Carlos,Kowalczyk,M,54,France,Paris,4:16:51
9364,Benjamin,Jackson,M,65,Brazil,Brasilia,5:51:41
9365,Lucas,Robinson,M,37,Argentina,La Plata,5:40:26
9366,Isabella,Melo,F,30,Portugal,Braga,4:22:56
9367,Megan,Taylor,F,28,Poland,Poznan,2:26:17
9368,Ekaterina,Wilson,F,62,India,Delhi,5:06:43
9369,Sara,Brown,F,36,Russia,Kazan,2:13:38
9370,Laura,Popov,F,45,Hungary,Debrecen,5:20:15
9371,Julia,Garcia,F,55,United Kingdom,London,3:35:26
9372,Daniel,Wiśniewski,M,62,Kenya,Nairobi,4:15:15
9373,Marco,Romano,M,21,South Korea,Seoul,2:08:03
9374,Katarzyna,Oliveira,F,54,China,Shenzhen,4:37:44
9375,Carlos,Taylor,M,36,Italy,Rome,5:17:57
9376,Carlos,Silva,M,54,Slovakia,Zilina,2:44:48
9377,Sara,Rodriguez,F,70,Argentina,Cordoba,3:17:02
9378,Jakub,Wiśniewski,M,31,Czech Republic,Ostrava,3:27:12
9379,Chiara,Sanchez,F,48,Italy,Milan,3:08:47
9380,Thomas,Gomes,M,45,Norway,Trondheim,5:00:03
9381,William,White,M,53,Spain,Valencia,2:46:37
9382,Oleg,Oliveira,M,61,Germany,Hamburg,5:51:02
9383,Mia,King,F,55,United States,Chicago,3:02:59
9384,Mateusz,Ferrari,M,36,Norway,Bergen,5:32:37
9385,Megan,Kowalczyk,F,59,Sweden,Vasteras,4:30:57
9386,Yuki,Torres,F,18,Mexico,Guadalajara,2:37:15
9387,Ava,Brown,F,40,Norway,Tromso,3:49:35
9388,Alexander,Lewis,M,45,United Kingdom,Birmingham,4:35:18
9389,John,Gomes,M,65,United States,New York,5:39:53
9390,Sofia,Torres,F,21,United States,Chicago,5:13:29
9391,Amelia,Smith,F,58,Spain,Valencia,2:10:49
9392,Megan,Martin,F,35,India,Bangalore,2:06:38
9393,Piotr,Williams,M,66,Finland,Vantaa,2:34:29
9394,Sara,Nowak,F,64,Finland,Vantaa,2:35:04
9395,Thomas,Harris,M,68,Sweden,Vasteras,4:39:12
9396,Noah,Jackson,M,56,Hungary,Budapest,5:20:01
9397,Ivan,White,M,42,Australia,Perth,4:20:12
9398,Carlos,Wiśniewski,M,35,Czech Republic,Olomouc,5:12:28
9399,Pedro,Williams,M,23,Slovakia,Kosice,3:14:30
9400,Piotr,Santos,M,36,Poland,Wroclaw,4:56:37
9401,Ava,Anderson,F,70,Poland,Krakow,5:13:02
9402,Ivan,Lewis,M,29,Kenya,Mombasa,2:11:41
9403,Ekaterina,Melo,F,42,Slovakia,Kosice,4:24:39
9404,Pedro,Nguyen,M,52,Japan,Nagoya,5:27:56
9405,David,Thomas,M,18,Mexico,Guadalajara,4:23:50
9406,Hugo,Johnson,M,22,United Kingdom,Glasgow,2:07:22
9407,Luis,Walker,M,18,Australia,Adelaide,5:31:35
9408,María,Petrov,F,25,Singapore,Singapore,2:08:40
9409,Hugo,Johnson,M,56,Finland,Vantaa,3:15:40
9410,Laura,Walker,F,64,Japan,Kyoto,4:01:41
9411,Lucas,Scott,M,60,Japan,Tokyo,5:38:17
9412,Evelyn,Lopez,F,35,Romania,Timisoara,5:01:55
9413,Camila,Clark,F,63,Norway,Bergen,5:29:52
9414,Carlos,Oliveira,M,26,Israel,Beer Sheva,5:28:40
9415,John,Melo,M,22,Spain,Seville,2:11:27
9416,Jack,Nowak,M,21,Kenya,Mombasa,5:25:30
9417,Ekaterina,Kaczmarek,F,61,South Korea,Daegu,5:12:03
9418,James,Kowalski,M,46,United Kingdom,Edinburgh,5:59:05
9419,Emma,Kaczmarek,F,18,Austria,Linz,3:44:51
9420,Isabella,Lewis,F,47,Hungary,Budapest,2:14:19
9421,Isabella,Nowak,F,62,Russia,Kazan,2:35:39
9422,Isabella,Ramirez,F,18,Netherlands,Rotterdam,5:15:26
9423,Anna,Wilson,F,20,South Korea,Daejeon,2:34:31
9424,David,Wiśniewski,M,39,India,Mumbai,5:59:31
9425,Anna,Ivanov,F,25,Ukraine,Odesa,4:27:36
9426,Yuki,Bianchi,F,35,Denmark,Copenhagen,4:28:28
9427,Oliver,Harris,M,42,Russia,Novosibirsk,4:12:56
9428,Emily,Wiśniewski,F,65,China,Shenzhen,4:48:47
9429,Hugo,Torres,M,69,Turkey,Izmir,2:39:28
9430,Lucia,Wilson,F,37,Finland,Espoo,3:57:37
9431,Daria,Ivanov,F,48,United States,Los Angeles,2:13:36
9432,Mateo,Smirnov,M,47,Ethiopia,Mekelle,5:28:43
9433,Isabella,Smirnov,F,33,Portugal,Faro,4:41:52
9434,Arthur,Costa,M,19,India,Chennai,2:16:00
9435,David,Wiśniewski,M,34,Russia,Kazan,3:01:56
9436,John,Sanchez,M,27,Switzerland,Basel,4:27:01
9437,Emma,Kowalczyk,F,24,Spain,Bilbao,2:11:17
9438,Jan,Bianchi,M,59,Poland,Warsaw,5:16:14
9439,Jan,Silva,M,68,Israel,Nazareth,2:07:39
9440,Emma,Silva,F,69,Romania,Bucharest,5:40:45
9441,Oleg,Torres,M,26,Romania,Cluj-Napoca,4:42:35
9442,Henry,Rodriguez,M,34,Brazil,Rio de Janeiro,3:14:34
9443,Lucas,Smirnov,M,26,India,Bangalore,2:41:39
9444,Giovanni,Brown,M,26,Israel,Nazareth,5:04:16
9445,Alexander,Nowak,M,54,India,Chennai,5:02:02
9446,Thomas,Ramirez,M,41,Germany,Cologne,5:41:20
9447,Isabella,Wright,F,56,Japan,Sapporo,4:55:29
9448,Laura,Ivanov,F,28,Poland,Wroclaw,5:01:31
9449,Marco,Johnson,M,25,Romania,Iasi,4:41:56
9450,Carlos,Sanchez,M,42,Portugal,Porto,5:45:38
9451,Hugo,Lopez,M,63,Italy,Turin,3:49:36
9452,Sophia,Wiśniewski,F,19,Spain,Madrid,2:38:08
9453,William,Sanchez,M,27,Turkey,Antalya,3:57:57
9454,Mateo,Torres,M,70,Netherlands,Utrecht,3:50:12
9455,Olivia,Walker,F,41,Turkey,Ankara,4:21:08
9456,Lorenzo,Bianchi,M,65,Germany,Frankfurt,2:19:25
9457,Harry,Nguyen,M,33,Germany,Berlin,4:28:02
9458,Camila,Kaczmarek,F,36,Finland,Tampere,4:45:00
9459,Isabella,Romano,F,48,Spain,Bilbao,3:26:55
9460,Arthur,Garcia,M,28,United Kingdom,Edinburgh,3:49:01
9461,Ingrid,Ferrari,F,23,Italy,Naples,4:03:55
9462,Daniel,Gomes,M,23,Spain,Madrid,5:28:42
9463,Sofia,Young,F,49,Israel,Jerusalem,5:35:27
9464,Lucas,Scott,M,56,Canada,Toronto,2:30:54
9465,Abigail,Clark,F,65,Sweden,Vasteras,3:12:27
9466,Zuzanna,Oliveira,F,30,Slovakia,Kosice,2:07:11
9467,Giulia,Kaczmarek,F,20,United States,New York,3:06:19
9468,Chiara,Robinson,F,58,India,Chennai,3:50:53
9469,Mia,Robinson,F,52,United Arab Emirates,Ajman,2:56:16
9470,Liam,Wright,M,55,Ukraine,Kyiv,5:36:04
9471,Pedro,Ferrari,M,34,South Africa,Johannesburg,5:40:27
9472,Daria,Kowalski,F,20,Portugal,Porto,2:30:21
9473,Maria,Hernandez,F,51,Austria,Vienna,2:59:29
9474,Luis,Nguyen,M,29,Turkey,Bursa,2:12:20
9475,Alina,Hernandez,F,41,Japan,Kyoto,4:50:33
9476,Emma,Wilson,F,23,South Africa,Johannesburg,2:25:03
9477,Maya,Wright,F,59,Germany,Munich,4:25:32
9478,Anna,Oliveira,F,28,Australia,Brisbane,5:59:57
9479,James,Ivanov,M,65,Kenya,Eldoret,3:01:31
9480,Ivan,Lee,M,44,Czech Republic,Prague,3:07:01
9481,Oleg,Ivanov,M,65,South Korea,Daegu,5:30:10
9482,George,Smirnov,M,41,Australia,Sydney,3:57:55
9483,Emma,Davis,F,35,Portugal,Coimbra,4:04:20
9484,Alina,Thompson,F,44,South Korea,Daejeon,4:16:15
9485,Ingrid,Kowalski,F,58,South Africa,Cape Town,4:41:35
9486,Lucia,Lewis,F,38,Mexico,Guadalajara,2:36:27
9487,Noah,Harris,M,68,Austria,Graz,3:16:10
9488,George,Lopez,M,51,Romania,Iasi,4:24:49
9489,William,Kowalski,M,50,Turkey,Bursa,4:13:25
9490,Piotr,Ferrari,M,65,Canada,Vancouver,5:20:17
9491,Hannah,Lewis,F,35,South Korea,Seoul,3:14:54
9492,Lorenzo,Smith,M,20,Czech Republic,Brno,2:17:24
9493,Mateusz,Taylor,M,41,United States,San Francisco,3:37:26
9494,George,King,M,18,Ethiopia,Mekelle,2:12:32
9495,Sofia,Moore,F,23,Israel,Beer Sheva,2:59:22
9496,Lucas,Scott,M,36,Poland,Warsaw,5:11:53
9497,David,Kowalczyk,M,39,Canada,Ottawa,4:14:05
9498,Mikhail,Petrov,M,68,India,Mumbai,5:59:29
9499,Anna,Bianchi,F,60,India,Mumbai,2:13:18
9500,Elijah,Smirnov,M,25,Argentina,Cordoba,5:22:59
9501,Abigail,Rossi,F,22,United Kingdom,Birmingham,5:15:54
9502,Isabella,Robinson,F,69,Romania,Iasi,2:07:20
9503,Hannah,Davis,F,26,South Africa,Pretoria,2:33:34
9504,Lucia,Walker,F,64,Czech Republic,Brno,5:08:32
9505,David,Costa,M,38,Germany,Cologne,4:58:34
9506,Liam,Harris,M,45,Canada,Calgary,5:02:39
9507,Jakub,Nowak,M,63,Hungary,Szeged,2:16:15
9508,Ekaterina,Petrov,F,21,Sweden,Vasteras,3:03:25
9509,Lucas,Ivanov,M,41,Italy,Milan,5:54:11
9510,Lucas,Perez,M,25,Germany,Cologne,3:05:02
9511,Megan,Nguyen,F,69,United States,Los Angeles,3:56:15
9512,Sophia,Miller,F,34,United Kingdom,Birmingham,4:36:49
9513,Jakub,Nowak,M,51,Kenya,Mombasa,4:51:54
9514,Maria,Oliveira,F,37,Turkey,Istanbul,3:53:24
9515,Maya,Melo,F,33,Italy,Milan,5:25:14
9516,Alexander,Santos,M,27,France,Nice,5:04:55
9517,David,Garcia,M,51,Mexico,Mexico City,3:25:03
9518,Anna,Smith,F,60,Brazil,Salvador,2:33:50
9519,Valentina,Lewis,F,27,Switzerland,Bern,5:18:40
9520,Oliver,Davis,M,47,Israel,Jerusalem,3:44:36
9521,John,Brown,M,47,Czech Republic,Olomouc,5:39:08
9522,Yuki,Martinez,F,68,Denmark,Odense,5:46:24
9523,Lucia,Novak,F,42,Sweden,Vasteras,5:30:46
9524,Daria,Williams,F,63,Romania,Iasi,4:15:11
9525,Marco,Oliveira,M,60,Turkey,Bursa,4:02:08
9526,Elijah,Wilson,M,58,South Korea,Daegu,5:49:38
9527,Emma,Allen,F,24,Hungary,Pecs,3:06:58
9528,Daniel,Williams,M,64,Germany,Berlin,5:45:54
9529,Megan,Novak,F,37,Switzerland,Zurich,4:03:08
9530,Isabella,Robinson,F,34,Singapore,Singapore,2:32:04
9531,Mateo,Sanchez,M,20,Kenya,Nakuru,2:35:06
9532,Abigail,King,F,64,Australia,Brisbane,5:34:10
9533,Mateo,Murphy,M,63,United States,Chicago,4:45:46
9534,Lucia,Scott,F,57,South Korea,Daegu,4:27:25
9535,Santiago,Nowak,M,53,India,Chennai,2:53:53
9536,Nikolai,Romano,M,43,Russia,Saint Petersburg,2:20:40
9537,Daria,Romano,F,27,Singapore,Singapore,4:14:47
9538,Megan,Lee,F,51,Israel,Jerusalem,3:10:45
9539,Noah,Petrov,M,31,United Arab Emirates,Abu Dhabi,4:02:38
9540,Emma,Robinson,F,25,Turkey,Antalya,5:30:34
9541,Alexander,King,M,44,Ethiopia,Mekelle,3:25:48
9542,David,Petrov,M,27,Ukraine,Kharkiv,5:52:00
9543,Harry,Perez,M,67,Argentina,Mendoza,4:25:21
9544,Jack,Lopez,M,32,China,Shanghai,5:19:34
9545,Giovanni,Novak,M,54,Slovakia,Zilina,3:25:52
9546,Mikhail,Garcia,M,39,United Arab Emirates,Dubai,3:52:39
9547,William,Clark,M,62,Mexico,Puebla,3:25:57
9548,Daniel,Smith,M,67,Argentina,Buenos Aires,5:48:08
9549,Pedro,Gomes,M,48,Singapore,Singapore,4:13:58
9550,Maya,Ivanov,F,19,Netherlands,Rotterdam,2:08:57
9551,Lucas,Popov,M,62,Czech Republic,Ostrava,3:07:52
9552,Yuki,Oliveira,F,48,United States,San Francisco,4:13:55
9553,Julia,Silva,F,31,Japan,Kyoto,5:31:05
9554,Amelia,Hernandez,F,27,Czech Republic,Prague,2:51:21
9555,Emily,Sanchez,F,47,Israel,Jerusalem,5:04:58
9556,Laura,Rodriguez,F,53,Portugal,Faro,4:03:07
9557,Liam,Scott,M,64,Japan,Nagoya,2:38:04
9558,Ava,King,F,57,Japan,Sapporo,5:13:07
9559,Evelyn,Romano,F,32,Netherlands,Amsterdam,2:22:32
9560,Emma,Thomas,F,31,Israel,Haifa,4:12:38
9561,Sunita,Davis,F,48,Norway,Oslo,3:32:34
9562,Giovanni,Brown,M,46,India,Delhi,2:10:50
9563,Camila,Gomes,F,44,Israel,Nazareth,2:20:12
9564,Lucia,Gonzalez,F,38,Romania,Timisoara,3:19:05
9565,Alexander,Moore,M,26,South Africa,Pretoria,4:43:16
9566,Mikhail,Wilson,M,37,India,Hyderabad,5:03:35
9567,Zuzanna,Bianchi,F,52,Brazil,Rio de Janeiro,2:09:51
9568,Yuki,Harris,F,32,Ukraine,Odesa,4:41:44
9569,Santiago,Nowak,M,41,Netherlands,Rotterdam,4:14:10
9570,Maria,Perez,F,66,Russia,Yekaterinburg,2:12:47
9571,Robert,Ivanov,M,33,Israel,Tel Aviv,2:59:37
9572,Michael,Santos,M,53,Norway,Stavanger,3:34:21
9573,Liam,Garcia,M,28,Brazil,Sao Paulo,3:33:23
9574,Santiago,Smith,M,25,Turkey,Istanbul,5:03:37
9575,Nikolai,Bianchi,M,20,Sweden,Uppsala,3:04:35
9576,Alexander,Martin,M,36,Brazil,Salvador,5:14:51
9577,Sofia,Petrov,F,63,Brazil,Brasilia,3:54:52
9578,Magdalena,Wilson,F,58,Portugal,Faro,3:17:05
9579,Carlos,Murphy,M,20,United States,Boston,2:22:44
9580,Noah,Nguyen,M,53,Australia,Perth,3:26:28
9581,James,Gomes,M,42,United States,New York,5:19:15
9582,Abigail,Anderson,F,53,Ethiopia,Addis Ababa,5:43:31
9583,Giovanni,White,M,28,Australia,Brisbane,4:49:45
9584,Ivan,Smith,M,68,Canada,Toronto,5:43:43
9585,Camila,Scott,F,33,Turkey,Ankara,2:44:54
9586,Ekaterina,Torres,F,34,United States,Chicago,4:55:49
9587,Marco,Sanchez,M,59,Austria,Innsbruck,4:22:58
9588,Elijah,Thomas,M,41,Argentina,Mendoza,5:04:44
9589,Arthur,Harris,M,34,Slovakia,Nitra,5:28:54
9590,María,Smith,F,65,Mexico,Mexico City,2:53:40
9591,Evelyn,Melo,F,37,Ethiopia,Addis Ababa,5:52:30
9592,Nikolai,Thomas,M,39,Israel,Nazareth,3:59:18
9593,Julia,Lee,F,23,India,Mumbai,2:05:03
9594,Henry,Silva,M,24,Singapore,Singapore,5:13:06
9595,Oleg,Williams,M,31,United Arab Emirates,Abu Dhabi,5:50:08
9596,Kacper,Thompson,M,28,Germany,Frankfurt,3:44:00
9597,Lucas,Smirnov,M,29,Sweden,Malmo,4:19:08
9598,Pedro,Taylor,M,63,United Kingdom,Manchester,4:46:53
9599,David,Wiśniewski,M,22,South Africa,Johannesburg,5:10:40
9600,James,Smirnov,M,22,India,Delhi,5:25:49
9601,Daniel,Ferrari,M,37,Hungary,Pecs,2:37:57
9602,María,Rossi,F,32,Switzerland,Zurich,4:46:06
9603,Mateusz,Kaczmarek,M,43,Ethiopia,Bahir Dar,4:40:22
9604,Mikhail,Ivanov,M,50,South Africa,Durban,4:36:12
9605,Emma,Thomas,F,47,Singapore,Singapore,4:44:53
9606,Laura,Ferrari,F,41,Slovakia,Zilina,4:54:27
9607,Ekaterina,Romano,F,40,China,Guangzhou,5:45:23
9608,David,Wright,M,26,Argentina,Cordoba,2:34:10
9609,Alexander,Davis,M,20,Czech Republic,Prague,2:05:01
9610,Katarzyna,Costa,F,53,United States,New York,4:40:36
9611,Ingrid,Lewis,F,65,Italy,Naples,4:48:50
9612,Michael,Thomas,M,24,Germany,Munich,4:24:00
9613,Megan,White,F,39,Russia,Novosibirsk,3:15:47
9614,Mikhail,Kuznetsov,M,31,Singapore,Singapore,4:13:52
9615,Laura,Clark,F,65,Hungary,Debrecen,3:45:35
9616,Abigail,Gonzalez,F,46,Sweden,Gothenburg,5:00:45
9617,Evelyn,Anderson,F,67,Australia,Sydney,2:39:03
9618,Isabela,Williams,F,33,Slovakia,Zilina,2:33:22
9619,Julia,Sanchez,F,65,Denmark,Aarhus,3:44:07
9620,Giovanni,Murphy,M,51,Hungary,Miskolc,5:10:21
9621,Arthur,King,M,27,Ukraine,Kyiv,5:37:42
9622,Carlos,Jackson,M,24,United States,San Francisco,2:28:07
9623,Harry,Jones,M,42,Mexico,Mexico City,5:43:14
9624,Evelyn,White,F,44,Germany,Frankfurt,5:48:02
9625,Harry,Martin,M,32,South Korea,Incheon,4:49:15
9626,Jack,Ferrari,M,49,Czech Republic,Pilsen,4:56:12
9627,Olivia,Melo,F,45,Spain,Madrid,5:49:28
9628,Camila,Rodriguez,F,26,Austria,Linz,5:52:21
9629,Elijah,Taylor,M,24,Spain,Madrid,3:42:06
9630,Santiago,Murphy,M,33,United States,New York,4:54:48
9631,Robert,Harris,M,43,Austria,Innsbruck,5:23:04
9632,Camila,Hernandez,F,52,India,Mumbai,5:15:22
9633,Carlos,Torres,M,34,United States,Boston,5:55:50
9634,Sunita,Rodriguez,F,40,Austria,Graz,4:42:22
9635,Liam,Harris,M,25,Spain,Barcelona,3:19:22
9636,Carlos,Sanchez,M,19,Czech Republic,Brno,5:59:48
9637,Isabella,Robinson,F,48,Sweden,Stockholm,2:38:56
9638,Jack,Nguyen,M,69,Germany,Berlin,3:51:45
9639,Carlos,Lopez,M,49,Germany,Frankfurt,3:58:09
9640,Lorenzo,Santos,M,46,Finland,Helsinki,3:46:59
9641,Kacper,Harris,M,20,Canada,Toronto,2:13:57
9642,Sunita,Nguyen,F,25,India,Bangalore,4:47:26
9643,George,Petrov,M,19,Austria,Salzburg,4:57:24
9644,Alexander,Nguyen,M,48,Germany,Berlin,4:34:42
9645,George,Rossi,M,68,Japan,Osaka,5:50:14
9646,Olga,Thomas,F,66,Norway,Oslo,3:59:23
9647,Giulia,Lee,F,54,Norway,Bergen,2:37:28
9648,Olga,Kowalczyk,F,37,India,Mumbai,5:58:09
9649,Emily,Costa,F,46,South Africa,Cape Town,3:31:18
9650,Luis,Scott,M,34,United States,Los Angeles,3:30:04
9651,David,Robinson,M,27,Romania,Constanta,3:14:03
9652,Michael,Lewis,M,58,Poland,Warsaw,5:40:47
9653,Arthur,Lopez,M,39,Hungary,Szeged,4:45:27
9654,Mateusz,Melo,M,23,China,Shenzhen,5:15:41
9655,Isabela,Smith,F,60,Portugal,Braga,2:52:28
9656,Daria,Davis,F,51,Mexico,Guadalajara,4:23:25
9657,Anna,Taylor,F,48,France,Bordeaux,2:44:03
9658,Robert,Lopez,M,29,Slovakia,Kosice,3:20:33
9659,Sophia,King,F,29,India,Chennai,2:07:41
9660,Maria,Santos,F,33,Italy,Turin,5:26:44
9661,Yuki,Ferrari,F,42,Poland,Wroclaw,4:29:55
9662,Ivan,Miller,M,39,Ethiopia,Addis Ababa,5:47:27
9663,Jan,Gonzalez,M,44,United Kingdom,Manchester,2:48:54
9664,George,King,M,41,Austria,Salzburg,5:03:17
9665,Lorenzo,Wiśniewski,M,29,Norway,Oslo,3:30:01
9666,Yuki,Garcia,F,70,Romania,Timisoara,3:41:06
9667,Alexander,Rodriguez,M,35,Germany,Hamburg,4:44:46
9668,Luis,Smith,M,62,Czech Republic,Brno,2:30:09
9669,Emma,Smith,F,64,United States,New York,2:43:39
9670,Isabella,Jackson,F,33,Russia,Novosibirsk,5:15:42
9671,Oleg,Brown,M,21,Netherlands,The Hague,3:46:45
9672,Sara,Gomes,F,29,Italy,Rome,4:29:31
9673,Luis,Martinez,M,66,Italy,Turin,5:45:44
9674,Arthur,Popov,M,50,Portugal,Porto,5:32:26
9675,William,Rossi,M,39,China,Guangzhou,4:34:06
9676,Daria,Kowalczyk,F,35,Switzerland,Geneva,3:11:39
9677,Chiara,Silva,F,65,Netherlands,Amsterdam,4:52:08
9678,Oliver,Costa,M,50,Ethiopia,Gondar,4:24:55
9679,Alina,Popov,F,44,Mexico,Cancun,5:08:54
9680,Jack,Jones,M,59,Denmark,Odense,3:00:49
9681,Giulia,Martin,F,36,Slovakia,Bratislava,5:15:06
9682,Lucas,Johnson,M,65,India,Delhi,5:21:23
9683,Hugo,King,M,31,Sweden,Gothenburg,5:38:19
9684,Ingrid,Young,F,42,Sweden,Uppsala,3:15:11
9685,Zuzanna,Martinez,F,51,Italy,Naples,2:11:31
9686,Daniel,Walker,M,41,Poland,Poznan,5:18:26
9687,Henry,Williams,M,55,France,Nice,5:18:56
9688,Harry,Kowalski,M,40,Canada,Toronto,4:17:31
9689,Daniel,Ramirez,M,22,Argentina,La Plata,3:58:51
9690,Zuzanna,Romano,F,61,Italy,Bologna,2:51:13
9691,Julia,Martin,F,53,India,Mumbai,2:45:16
9692,Mateo,Kowalczyk,M,41,Denmark,Odense,2:25:38
9693,Henry,Jackson,M,53,Sweden,Stockholm,5:55:22
9694,Olivia,Perez,F,22,Turkey,Antalya,3:56:52
9695,Arthur,Kuznetsov,M,56,Netherlands,The Hague,5:10:40
9696,Abigail,Brown,F,23,United Kingdom,Edinburgh,2:17:20
9697,Robert,Lopez,M,62,Romania,Cluj-Napoca,5:26:15
9698,Chiara,Perez,F,53,Turkey,Izmir,3:52:50
9699,Chiara,Johnson,F,62,Mexico,Guadalajara,5:30:24
9700,Ingrid,Gomes,F,21,Italy,Naples,5:46:13
9701,Olivia,Ramirez,F,27,Russia,Novosibirsk,5:08:55
9702,Pedro,Murphy,M,69,Australia,Sydney,4:47:07
9703,Charlotte,Kowalski,F,18,Slovakia,Presov,4:09:51
9704,Maria,Scott,F,38,Spain,Madrid,2:11:08
9705,Arthur,Sanchez,M,57,Kenya,Eldoret,4:59:23
9706,Henry,Melo,M,56,China,Chengdu,4:54:09
9707,Jack,Ferrari,M,54,Australia,Perth,3:26:49
9708,Daniel,Melo,M,20,Portugal,Faro,5:58:44
9709,Oliver,Nowak,M,64,Spain,Bilbao,3:31:59
9710,Magdalena,Sanchez,F,48,Japan,Osaka,4:39:50
9711,Daniel,Rodriguez,M,44,Hungary,Pecs,5:07:43
9712,Olivia,Garcia,F,34,France,Bordeaux,4:11:44
9713,John,Petrov,M,40,Canada,Toronto,4:44:43
9714,Mateusz,Thomas,M,30,Canada,Vancouver,3:48:26
9715,Liam,Lewis,M,64,Poland,Warsaw,2:32:27
9716,Arthur,Clark,M,44,Australia,Adelaide,4:55:23
9717,Carlos,Miller,M,68,Canada,Toronto,4:49:30
9718,Robert,Ramirez,M,37,Romania,Timisoara,4:57:18
9719,Jack,Perez,M,63,United Arab Emirates,Abu Dhabi,2:52:04
9720,Emily,Martinez,F,70,Brazil,Salvador,5:16:28
9721,Alina,Silva,F,30,Portugal,Porto,3:14:30
9722,Liam,Martin,M,61,Japan,Sapporo,3:43:29
9723,Anna,Rossi,F,41,Poland,Warsaw,3:08:01
9724,Daria,Young,F,58,Italy,Rome,4:58:43
9725,Alexander,Davis,M,20,United Kingdom,Manchester,5:17:36
9726,Sofia,Lee,F,60,Turkey,Izmir,2:57:08
9727,Chiara,Jones,F,27,Australia,Perth,4:42:44
9728,Lorenzo,Walker,M,18,Japan,Kyoto,2:37:59
9729,Arthur,Lee,M,66,Netherlands,Rotterdam,5:23:09
9730,Luis,Miller,M,30,Poland,Krakow,3:55:12
9731,Liam,Brown,M,31,Norway,Stavanger,4:57:59
9732,Olivia,Young,F,50,Portugal,Porto,3:45:22
9733,Michael,Gonzalez,M,19,Spain,Madrid,3:46:21
9734,Sofia,Jones,F,19,Denmark,Aarhus,5:01:38
9735,Olivia,Thompson,F,56,Ukraine,Dnipro,4:47:48
9736,Sophia,Anderson,F,58,Slovakia,Nitra,5:19:31
9737,Lucia,Garcia,F,48,Argentina,Rosario,5:20:37
9738,Jack,Wiśniewski,M,21,Romania,Cluj-Napoca,4:15:32
9739,Santiago,Williams,M,51,France,Marseille,4:46:01
9740,Abigail,Smirnov,F,36,South Africa,Durban,4:37:51
9741,Piotr,Romano,M,54,Netherlands,Amsterdam,2:25:55
9742,Arthur,Kowalczyk,M,26,Israel,Nazareth,5:23:00
9743,Maya,Murphy,F,41,Russia,Novosibirsk,4:48:53
9744,Isabella,Nguyen,F,30,India,Bangalore,2:09:59
9745,Lorenzo,King,M,61,Denmark,Copenhagen,4:15:09
9746,Emily,Gonzalez,F,47,France,Lyon,3:20:21
9747,Giulia,Robinson,F,36,Poland,Gdansk,2:55:42
9748,Oliver,Gonzalez,M,58,Argentina,Rosario,4:28:12
9749,Oleg,Popov,M,27,Russia,Saint Petersburg,5:53:09
9750,Camila,Bianchi,F,68,Singapore,Singapore,2:26:20
9751,Nikolai,Silva,M,59,Denmark,Esbjerg,5:42:08
9752,Oleg,Moore,M,61,United Arab Emirates,Dubai,4:35:53
9753,Marco,Jackson,M,31,Australia,Melbourne,3:21:29
9754,Olga,Murphy,F,57,Japan,Osaka,4:20:33
9755,Liam,Kaczmarek,M,65,Spain,Bilbao,3:55:32
9756,Mikhail,Young,M,66,Russia,Novosibirsk,5:49:53
9757,Pedro,Johnson,M,37,Brazil,Fortaleza,5:04:25
9758,María,Kowalczyk,F,21,Argentina,Rosario,2:51:24
9759,Daniel,Clark,M,55,Austria,Salzburg,4:08:18
9760,Evelyn,Kaczmarek,F,61,Austria,Innsbruck,3:56:48
9761,Chiara,Lee,F,67,Singapore,Singapore,4:04:33
9762,William,Gomes,M,56,Hungary,Budapest,5:31:17
9763,Olivia,Smirnov,F,22,Brazil,Salvador,3:14:19
9764,Emily,Clark,F,59,South Korea,Seoul,4:40:03
9765,Zuzanna,Jones,F,49,Sweden,Gothenburg,4:39:08
9766,George,Jones,M,23,Switzerland,Zurich,4:39:47
9767,Emily,Novak,F,31,Italy,Milan,5:56:07
9768,Ava,Melo,F,23,United Arab Emirates,Abu Dhabi,2:43:20
9769,Olga,Silva,F,31,Germany,Munich,3:49:10
9770,Kacper,Garcia,M,29,Germany,Berlin,4:17:49
9771,Emily,Smirnov,F,44,Australia,Melbourne,3:11:31
9772,Ivan,Petrov,M,43,Hungary,Pecs,2:13:33
9773,Mateo,Costa,M,29,United Kingdom,Glasgow,3:15:31
9774,Daniel,Nguyen,M,25,Finland,Espoo,5:06:08
9775,Katarzyna,Garcia,F,27,Czech Republic,Brno,3:54:12
9776,Mikhail,Thompson,M,33,France,Bordeaux,4:23:32
9777,Julia,Gonzalez,F,69,Argentina,Buenos Aires,4:46:33
9778,Maria,Williams,F,43,China,Guangzhou,2:52:27
9779,George,Ferrari,M,25,Canada,Ottawa,5:43:31
9780,Isabella,Scott,F,58,United Kingdom,Birmingham,2:23:37
9781,Kacper,Allen,M,62,Portugal,Porto,4:29:56
9782,Liam,Thompson,M,46,Ukraine,Lviv,5:11:23
9783,Katarzyna,Wright,F,37,Canada,Vancouver,4:48:35
9784,Mia,Popov,F,34,Austria,Innsbruck,4:16:01
9785,Charlotte,Lee,F,36,Sweden,Gothenburg,2:42:18
9786,María,Taylor,F,34,United States,San Francisco,3:55:00
9787,Mikhail,Kuznetsov,M,56,Romania,Cluj-Napoca,5:58:51
9788,Arthur,Sanchez,M,18,Denmark,Odense,2:45:33
9789,Magdalena,Thomas,F,69,China,Shenzhen,4:34:54
9790,George,Petrov,M,46,Slovakia,Zilina,4:01:49
9791,Lucas,Melo,M,31,Portugal,Faro,4:04:26
9792,Laura,Brown,F,34,China,Shanghai,3:17:53
9793,Michael,Ferrari,M,30,United Kingdom,Birmingham,4:20:46
9794,John,Smith,M,46,Ethiopia,Mekelle,2:29:31
9795,Sophia,Jackson,F,51,Austria,Vienna,4:35:18
9796,Olivia,Nguyen,F,44,Israel,Haifa,5:45:32
9797,Anna,Santos,F,63,Canada,Ottawa,2:28:48
9798,Olivia,Kuznetsov,F,50,Ukraine,Kharkiv,5:02:15
9799,Oleg,Lee,M,46,Canada,Vancouver,3:26:14
9800,Daria,Davis,F,54,Netherlands,Utrecht,4:17:03
9801,Hannah,Moore,F,56,Switzerland,Lausanne,3:16:46
9802,Noah,Wiśniewski,M,36,United Kingdom,Edinburgh,5:44:37
9803,Ivan,Murphy,M,63,Canada,Calgary,3:08:01
9804,Hannah,Martinez,F,41,Netherlands,Eindhoven,4:55:17
9805,Camila,Garcia,F,31,Hungary,Miskolc,2:43:37
9806,Hannah,Johnson,F,64,Czech Republic,Brno,3:56:28
9807,Giulia,Nguyen,F,54,Italy,Turin,2:21:46
9808,Julia,Sanchez,F,22,Kenya,Nairobi,2:32:17
9809,Sofia,Kaczmarek,F,70,Czech Republic,Pilsen,4:35:36
9810,Ava,Thomas,F,41,Slovakia,Nitra,3:30:11
9811,David,White,M,51,Finland,Helsinki,4:09:09
9812,Hannah,Scott,F,67,Brazil,Brasilia,5:36:25
9813,Luis,Ivanov,M,48,Portugal,Braga,2:59:47
9814,Ekaterina,Novak,F,47,Spain,Bilbao,5:19:55
9815,Emma,Petrov,F,26,Hungary,Debrecen,3:35:40
9816,María,Wright,F,44,Israel,Nazareth,2:52:41
9817,Hannah,Smith,F,45,South Africa,Johannesburg,2:15:38
9818,Alexander,Sanchez,M,59,Israel,Haifa,4:29:44
9819,Jan,Hernandez,M,43,Czech Republic,Pilsen,5:11:30
9820,George,Smirnov,M,35,Italy,Turin,3:40:25
9821,Anna,Garcia,F,53,Poland,Gdansk,5:22:29
9822,Julia,Jackson,F,25,Romania,Iasi,2:41:15
9823,Isabela,Kuznetsov,F,35,Kenya,Kisumu,3:38:15
9824,George,Wilson,M,37,Mexico,Puebla,2:29:45
9825,Hugo,Popov,M,49,Poland,Poznan,3:54:41
9826,Anna,Perez,F,46,Slovakia,Zilina,3:20:43
9827,Carlos,Rodriguez,M,66,Slovakia,Nitra,3:32:01
9828,Valentina,Brown,F,65,Sweden,Stockholm,4:30:50
9829,Valentina,Murphy,F,35,Japan,Kyoto,3:07:28
9830,Sara,Martin,F,24,Denmark,Aarhus,4:37:41
9831,Alexander,Silva,M,18,Hungary,Miskolc,3:28:52
9832,Emma,Allen,F,45,Spain,Barcelona,3:52:06
9833,David,Santos,M,50,South Africa,Johannesburg,3:11:49
9834,Sophia,Wiśniewski,F,67,Sweden,Gothenburg,3:33:43
9835,Pedro,Young,M,21,Ethiopia,Addis Ababa,4:22:57
9836,Oliver,Allen,M,37,Denmark,Copenhagen,3:35:43
9837,Yuki,Scott,F,70,Kenya,Eldoret,3:50:07
9838,John,Williams,M,69,Czech Republic,Ostrava,5:44:24
9839,Yuki,Hernandez,F,53,Ukraine,Kharkiv,2:57:08
9840,Ava,Ivanov,F,48,South Africa,Pretoria,3:16:41
9841,Amelia,Murphy,F,55,Ethiopia,Mekelle,3:45:27
9842,Sunita,Garcia,F,45,United Arab Emirates,Ajman,5:54:00
9843,Daniel,Romano,M,20,Poland,Gdansk,4:58:07
9844,Alina,Costa,F,23,Singapore,Singapore,5:42:58
9845,Lucas,Garcia,M,62,Slovakia,Nitra,5:29:05
9846,James,Gonzalez,M,40,Israel,Haifa,3:35:09
9847,Abigail,Bianchi,F,24,Switzerland,Bern,2:20:46
9848,Jakub,Harris,M,53,South Africa,Cape Town,2:58:28
9849,Charlotte,Miller,F,18,Spain,Seville,4:54:45
9850,Anna,Wright,F,23,Poland,Warsaw,3:02:20
9851,Ekaterina,Scott,F,41,Argentina,Buenos Aires,2:30:45
9852,Anna,Scott,F,54,Romania,Iasi,5:39:04
9853,Elijah,Perez,M,62,Argentina,La Plata,3:03:27
9854,Sofia,Bianchi,F,68,Mexico,Guadalajara,2:05:29
9855,Laura,Thomas,F,53,Argentina,Cordoba,4:46:03
9856,Santiago,Petrov,M,41,Singapore,Singapore,2:28:29
9857,Lucas,Davis,M,55,Romania,Timisoara,5:24:12
9858,Yuki,Nowak,F,62,Netherlands,The Hague,3:06:19
9859,Luis,Williams,M,46,Portugal,Braga,4:30:20
9860,Nikolai,Robinson,M,54,South Africa,Pretoria,3:30:47
9861,Sofia,Martinez,F,62,United Arab Emirates,Sharjah,2:07:05
9862,Emma,Lee,F,49,Denmark,Copenhagen,3:26:48
9863,Chiara,Murphy,F,42,France,Nice,5:25:48
9864,Emily,Ivanov,F,27,Slovakia,Nitra,3:55:42
9865,Olivia,Walker,F,52,Hungary,Debrecen,2:59:18
9866,John,Moore,M,42,Brazil,Rio de Janeiro,4:32:25
9867,Mateusz,Kuznetsov,M,44,South Africa,Pretoria,5:32:05
9868,Mikhail,Jackson,M,62,Portugal,Lisbon,4:20:41
9869,Emily,Popov,F,49,France,Marseille,5:52:28
9870,Elijah,Costa,M,29,Denmark,Copenhagen,4:33:52
9871,Daniel,Ivanov,M,21,Canada,Vancouver,2:42:41
9872,Evelyn,Melo,F,59,Poland,Gdansk,4:17:33
9873,Lorenzo,Garcia,M,43,Ukraine,Dnipro,4:26:22
9874,Marco,Wiśniewski,M,20,France,Nice,5:11:23
9875,Isabella,Jackson,F,34,Australia,Melbourne,5:22:13
9876,Jakub,Kowalczyk,M,26,Austria,Graz,5:04:29
9877,William,Ferrari,M,46,Italy,Milan,5:07:11
9878,Arthur,Torres,M,18,Kenya,Eldoret,2:33:13
9879,Anna,Popov,F,35,Mexico,Cancun,3:43:07
9880,Anna,Torres,F,58,Portugal,Porto,3:22:24
9881,Mikhail,Clark,M,70,United Arab Emirates,Dubai,4:43:31
9882,Olivia,Bianchi,F,37,Brazil,Sao Paulo,2:52:01
9883,Jakub,Clark,M,58,Sweden,Stockholm,3:06:02
9884,Evelyn,Costa,F,51,United States,Los Angeles,5:15:21
9885,Carlos,Lopez,M,68,Canada,Ottawa,3:31:34
9886,Anna,Lee,F,45,France,Bordeaux,2:28:15
9887,Ingrid,Harris,F,65,Romania,Bucharest,2:54:27
9888,Olivia,White,F,52,Brazil,Fortaleza,3:11:01
9889,Lucas,Smith,M,33,Denmark,Aarhus,2:48:34
9890,Henry,Kowalczyk,M,38,South Korea,Daegu,3:59:30
9891,Julia,Jones,F,30,Portugal,Porto,2:30:44
9892,Daniel,Martin,M,52,Canada,Ottawa,3:32:05
9893,Emma,Rodriguez,F,59,Japan,Kyoto,5:26:33
9894,Magdalena,Young,F,49,Portugal,Coimbra,5:36:29
9895,Olga,Melo,F,67,Japan,Sapporo,4:51:12
9896,Marco,Smith,M,55,Netherlands,Eindhoven,4:18:06
9897,Giulia,Melo,F,23,United Kingdom,Edinburgh,4:57:22
9898,Julia,King,F,67,Austria,Linz,3:26:22
9899,Laura,Brown,F,55,Spain,Valencia,5:36:00
9900,Piotr,Gomes,M,55,Canada,Ottawa,3:18:53
9901,Elijah,Sanchez,M,30,Israel,Tel Aviv,4:02:14
9902,Ivan,Williams,M,63,China,Beijing,4:39:08
9903,Luis,Sanchez,M,70,South Africa,Port Elizabeth,4:45:37
9904,Anna,Ramirez,F,56,Canada,Montreal,5:51:20
9905,Olivia,White,F,30,Kenya,Mombasa,4:54:20
9906,Oliver,Rodriguez,M,64,Sweden,Malmo,2:23:16
9907,Megan,Oliveira,F,29,Finland,Espoo,4:52:53
9908,James,Nowak,M,70,Portugal,Faro,2:25:04
9909,Pedro,Moore,M,50,Finland,Tampere,4:53:32
9910,Liam,Kowalski,M,45,Mexico,Mexico City,4:17:27
9911,Daniel,Nguyen,M,20,China,Shanghai,4:06:59
9912,Amelia,Smith,F,35,Brazil,Salvador,3:04:43
9913,Hugo,Nguyen,M,43,Australia,Sydney,5:13:51
9914,Ava,Nguyen,F,57,Finland,Helsinki,5:27:46
9915,Lucas,Hernandez,M,19,Japan,Tokyo,4:10:39
9916,Sophia,Bianchi,F,21,Hungary,Miskolc,5:18:31
9917,Ivan,Novak,M,67,Norway,Tromso,4:04:00
9918,Noah,Martinez,M,45,Sweden,Uppsala,2:38:58
9919,Mateusz,Rodriguez,M,45,Argentina,Rosario,4:21:19
9920,Noah,Murphy,M,42,Israel,Beer Sheva,4:50:24
9921,Alexander,Perez,M,43,Slovakia,Kosice,3:43:46
9922,Sofia,Smirnov,F,62,Kenya,Mombasa,4:22:03
9923,Valentina,Kaczmarek,F,64,Ethiopia,Gondar,4:54:20
9924,Sara,Wiśniewski,F,19,Austria,Salzburg,2:54:34
9925,Magdalena,Torres,F,59,Austria,Salzburg,5:17:02
9926,Giovanni,Smirnov,M,51,Mexico,Guadalajara,3:04:28
9927,George,White,M,47,Mexico,Puebla,5:10:17
9928,Chiara,Silva,F,38,India,Mumbai,4:58:34
9929,Amelia,Torres,F,61,Mexico,Cancun,5:18:50
9930,Camila,Sanchez,F,54,Canada,Toronto,4:21:46
9931,Ava,Brown,F,61,Kenya,Nakuru,5:13:34
9932,Arthur,Kuznetsov,M,40,Norway,Tromso,4:23:18
9933,Daniel,Ramirez,M,50,Kenya,Mombasa,3:08:13
9934,Oliver,Rodriguez,M,19,Slovakia,Kosice,5:37:36
9935,Giovanni,Thompson,M,44,United States,Boston,2:08:21
9936,Michael,Gomes,M,65,Hungary,Budapest,4:17:36
9937,Nikolai,Petrov,M,39,China,Shanghai,4:08:05
9938,Zuzanna,Taylor,F,51,Czech Republic,Brno,3:45:07
9939,Ekaterina,Novak,F,33,Slovakia,Presov,2:34:54
9940,Maya,Rodriguez,F,37,Japan,Nagoya,2:28:28
9941,Ava,Lee,F,43,South Africa,Pretoria,2:20:16
9942,Nikolai,Kowalczyk,M,33,Turkey,Antalya,3:18:51
9943,Thomas,Murphy,M,23,Spain,Madrid,4:14:38
9944,Alina,Smirnov,F,62,South Africa,Johannesburg,4:49:36
9945,Nikolai,Gomes,M,61,Australia,Sydney,3:50:46
9946,Piotr,Anderson,M,40,Turkey,Izmir,2:57:46
9947,David,Garcia,M,59,Australia,Sydney,4:07:24
9948,Lucas,Scott,M,54,United States,Los Angeles,2:06:04
9949,Emma,Novak,F,25,South Korea,Seoul,3:22:28
9950,Thomas,Davis,M,23,Romania,Timisoara,3:16:59
9951,Olga,Murphy,F,54,Ethiopia,Addis Ababa,3:05:50
9952,Julia,Thompson,F,69,Mexico,Monterrey,3:51:38
9953,Kacper,King,M,39,India,Delhi,2:38:35
9954,Hugo,Jackson,M,23,Netherlands,Eindhoven,4:43:33
9955,Nikolai,Wiśniewski,M,49,Finland,Espoo,3:12:04
9956,Piotr,Sanchez,M,34,Mexico,Puebla,3:50:14
9957,Laura,Hernandez,F,55,Singapore,Singapore,4:31:44
9958,Sofia,Murphy,F,34,Argentina,Buenos Aires,4:32:23
9959,Magdalena,Martinez,F,54,Turkey,Istanbul,5:41:45
9960,Lucas,Young,M,40,Czech Republic,Prague,2:28:07
9961,Sunita,Young,F,66,Romania,Timisoara,5:09:18
9962,Sophia,Lee,F,66,Germany,Berlin,4:56:52
9963,Carlos,Harris,M,30,South Korea,Daejeon,3:31:19
9964,Olivia,Thomas,F,49,Italy,Rome,3:54:58
9965,Carlos,Miller,M,39,Hungary,Budapest,3:52:59
9966,Lucia,Romano,F,24,India,Mumbai,3:24:23
9967,Evelyn,Martin,F,39,India,Chennai,5:14:47
9968,Daniel,Ramirez,M,38,Sweden,Stockholm,3:13:29
9969,Emma,Lewis,F,23,Argentina,Mendoza,3:37:15
9970,Liam,Jackson,M,31,Turkey,Antalya,5:25:20
9971,Marco,Costa,M,33,Poland,Poznan,5:47:41
9972,Abigail,Wiśniewski,F,20,Mexico,Monterrey,2:57:08
9973,Lucia,Santos,F,26,France,Nice,3:26:06
9974,Luis,Johnson,M,64,Sweden,Uppsala,3:29:45
9975,Henry,Gonzalez,M,38,Australia,Brisbane,5:13:17
9976,Kacper,Bianchi,M,67,Israel,Nazareth,2:13:57
9977,William,White,M,47,Romania,Iasi,4:17:09
9978,Isabella,White,F,47,Israel,Haifa,3:28:51
9979,Emma,Jones,F,59,Norway,Trondheim,5:01:50
9980,Magdalena,Gonzalez,F,59,Poland,Gdansk,4:58:19
9981,Liam,Jones,M,49,South Korea,Incheon,3:44:58
9982,María,Anderson,F,40,Mexico,Guadalajara,5:58:43
9983,James,Ramirez,M,20,Japan,Kyoto,5:14:29
9984,Olivia,Bianchi,F,18,United Kingdom,Edinburgh,5:53:22
9985,Charlotte,Lee,F,20,Norway,Stavanger,4:12:59
9986,Isabela,Brown,F,54,Finland,Oulu,5:00:14
9987,Kacper,King,M,24,India,Delhi,5:51:40
9988,Marco,Torres,M,20,United States,Chicago,2:38:57
9989,Elijah,White,M,53,Hungary,Szeged,5:34:05
9990,Evelyn,Lopez,F,66,South Korea,Seoul,4:37:34
9991,Alexander,Martin,M,20,Norway,Oslo,2:25:43
9992,William,Wilson,M,21,Netherlands,Utrecht,4:03:37
9993,Ivan,Nguyen,M,48,South Korea,Daegu,4:30:24
9994,Zuzanna,Martin,F,19,Ethiopia,Bahir Dar,4:52:41
9995,Marco,Torres,M,31,Brazil,Sao Paulo,2:57:10
9996,Maria,Brown,F,54,Argentina,La Plata,3:36:19
9997,Julia,Taylor,F,48,Netherlands,Amsterdam,2:32:33
9998,Magdalena,Wilson,F,70,Finland,Oulu,4:23:24
9999,Benjamin,Ivanov,M,19,Canada,Montreal,4:17:54
10000,Jan,Smirnov,M,48,Sweden,Gothenburg,4:43:11
